set,path,is_ai,model,admitted,vert_dist_h,l2_rms_deg,l2_mean_deg,l2_capped_mean_deg,l2_unexplained_frac,vp_std_max_deg,ortho_err_max_deg,ortho_err_rms_deg,orthocenter_offset,atl_logf_spread,atl_frac_impossible
yorkurban,P1020171,0,York Urban (real),False,,,,,,,,,,,
yorkurban,P1020177,0,York Urban (real),True,6.043876403311769,0.6741444171877519,0.4999917206706108,1.097966197147109,0.1071794306234873,0.1909986825659134,1.0544933678497586,0.6760020651902672,0.0335603782154882,0.0384963400216262,0.0
yorkurban,P1020822,0,York Urban (real),False,,,,,,,,,,,
yorkurban,P1020826,0,York Urban (real),False,,,,,,,,,,,
yorkurban,P1020828,0,York Urban (real),True,35.76634999539964,0.7619273650834869,0.5617626397947998,0.8580836994249161,0.097372834524792,0.4647384642315555,0.1240184640427628,0.0987198031312736,0.0686404794931057,2.9386279450239563,0.25
yorkurban,P1020829,0,York Urban (real),False,,,,,,,,,,,
yorkurban,P1020830,0,York Urban (real),True,78.65546275488525,0.7704165222334007,0.6145897925820962,1.06028889515751,0.1173865484407257,0.3650668647710614,0.7872560101469475,0.5448951814226638,0.0635336454700237,0.0215370461130754,0.0
yorkurban,P1020833,0,York Urban (real),True,665.3052578678464,0.6280632607428323,0.4405730040934963,0.5130794104040146,0.0413500654438074,0.5873743855177862,0.8492707493099942,0.4943869515672992,1.0731244819768504,,1.0
yorkurban,P1020838,0,York Urban (real),True,11.48495321712008,0.8547521222422934,0.6771237966576813,1.1847773750647947,0.1266391479962811,0.5503540116624976,0.6027877748836374,0.5041385454876643,0.0271727440847601,0.0225192098963509,0.0
yorkurban,P1020841,0,York Urban (real),True,13.617491367775946,0.7694245935986023,0.5831971196531467,1.7143671638495286,0.2177019522262174,0.3692072353689704,0.842664880622749,0.5612459778853863,0.0176734989983348,0.0165555585268588,0.0
yorkurban,P1020845,0,York Urban (real),True,36.05820183442693,0.729099864151774,0.555504952897294,1.504616864186313,0.1700976134993654,0.4458966576261912,0.4313565852000209,0.2909329473829306,0.1468702866668802,0.2636146575784339,0.0
yorkurban,P1020854,0,York Urban (real),False,,,,,,,,,,,
yorkurban,P1020856,0,York Urban (real),False,,,,,,,,,,,
yorkurban,P1020860,0,York Urban (real),True,106.87074921809136,0.6472006012287975,0.468332920039277,0.4623064507277136,0.0409727142932942,0.2775380383723546,0.3297764178763316,0.2356895550382735,0.0226363308597293,0.1771960679739042,0.0
yorkurban,P1020861,0,York Urban (real),True,45.19892089477873,0.836276725422226,0.6720344107040371,1.864778305346083,0.2268025498502078,0.6792564226164489,1.7911504830329363,1.250249598648595,0.1737626715509115,0.7185920625788462,0.0
yorkurban,P1020871,0,York Urban (real),True,20.836922379130986,0.7765247121969184,0.597707283008272,1.9493636372165088,0.2140446963317306,0.7954582856710432,68.27049704389529,41.03243224823219,67.98619985224778,0.1063760242644047,0.3333333333333333
yorkurban,P1020872,0,York Urban (real),True,34.61693668558464,0.7172189361440832,0.5475133448409796,1.0727725788930285,0.1307366167271212,0.675254206595125,0.6902984056586661,0.5474548439329016,0.030099134043909,0.0379560130123977,0.0
yorkurban,P1020887,0,York Urban (real),True,4.347876280377207,0.96822830096913,0.8056518728105999,1.7283911890556691,0.2218313509316156,0.4761952076558399,14.475914500688477,9.975479459437608,1.1236105981069826,0.7583525552068275,0.0
yorkurban,P1020912,0,York Urban (real),True,7.328825817316984,0.7751755573887825,0.5961069989910872,1.8494918147544464,0.2186760721247129,0.2552079954114251,65.07169044772414,39.00602138858853,2916.5134224317007,0.8097687412919701,0.0
yorkurban,P1020928,0,York Urban (real),True,5.975786250221602,0.8090644923961288,0.6015657558818118,1.308053847109365,0.1505534981426908,0.4855104868356788,0.9255546027403057,0.5722053892848517,0.0625877411873535,0.072411149364278,0.0
yorkurban,P1040779,0,York Urban (real),False,,,,,,,,,,,
yorkurban,P1040783,0,York Urban (real),True,13.771260257771432,0.8768282181407441,0.7139654100367228,1.6008452165351683,0.2190231602050914,0.5364319729014152,1.5709633950640836,1.0869451048425298,0.0551296525101483,0.0744871896746532,0.3333333333333333
yorkurban,P1040788,0,York Urban (real),True,12.787464574765313,0.8044391244968143,0.6187781477795533,0.8282837036837754,0.0838292113521819,0.3816229864274971,1.170013360437423,0.6919371371361108,0.0504206231815276,0.0560010758562459,0.0
yorkurban,P1040795,0,York Urban (real),False,,,,,,,,,,,
yorkurban,P1040798,0,York Urban (real),False,,,,,,,,,,,
yorkurban,P1040801,0,York Urban (real),False,,,,,,,,,,,
yorkurban,P1040811,0,York Urban (real),False,,,,,,,,,,,
yorkurban,P1040812,0,York Urban (real),True,35.17511461131346,0.8626852007492455,0.6737262395680078,1.1225820840008254,0.1699504494970718,0.5451001358589085,1.1793138489959605,0.7006273516591127,0.0686932295791064,0.1849939984081174,0.3333333333333333
yorkurban,P1040813,0,York Urban (real),False,,,,,,,,,,,
yorkurban,P1040814,0,York Urban (real),True,31.08318183142455,0.7559472403628246,0.5980594246285936,1.205942662344866,0.1521260149704483,0.3415533774171731,0.1738126467505338,0.1231555863929927,0.0666404838425116,0.0931782538717049,0.0
yorkurban,P1040815,0,York Urban (real),False,,,,,,,,,,,
yorkurban,P1040817,0,York Urban (real),True,27.249781626316977,0.8965999746926259,0.7233955593272344,1.6975660326983948,0.2246785733537723,0.4787095378477973,0.2980141152394964,0.2511207465291189,0.0744751427778982,0.2211852029140946,0.25
yorkurban,P1040818,0,York Urban (real),True,22.15424649052604,0.8907318565678092,0.7195673250973996,2.457397832770875,0.318906495687678,0.9489555976873192,72.19782588567253,41.73383220138515,1.894295084533212,1.305360902755382,0.0
yorkurban,P1040819,0,York Urban (real),True,9.538596035004538,0.7388120170063677,0.576983995892171,1.789974360636478,0.2465936828912066,0.3367182137591409,0.6554605052490103,0.431508809065715,0.0201148070358368,0.0073993053436787,0.0
yorkurban,P1040822,0,York Urban (real),False,,,,,,,,,,,
yorkurban,P1040823,0,York Urban (real),True,10.637582850492162,0.7291665859920997,0.5705236725449956,0.9713757778490628,0.1326930380313354,0.9763103812866084,13.340752059217053,9.493861789215986,0.7036068596519633,,0.6666666666666666
yorkurban,P1040825,0,York Urban (real),True,26.530097676733813,0.7607782755876995,0.5739135574099643,0.8418109455117793,0.1028759324882109,0.7325846874157422,0.1747235050311957,0.1143092104241271,0.0103837846240709,0.0141115908528428,0.3333333333333333
yorkurban,P1040826,0,York Urban (real),True,38.91212315813984,0.716112880061669,0.5424587821100182,0.6679267926219712,0.0659801873862211,0.8947780329859903,0.9989952661707378,0.618390861660797,0.0595480413471356,0.3192443918016936,0.0
yorkurban,P1040829,0,York Urban (real),True,36.97405523523609,0.8594315838843858,0.6825874985186887,1.501958362776373,0.1870178929786638,0.5793057289737058,0.3597880415210852,0.2645438448993534,0.1614492163760403,0.235675272405011,0.0
yorkurban,P1040833,0,York Urban (real),True,35.254207568911305,0.8734458629703125,0.7067585347992963,1.6425343120174278,0.1794384543676472,0.7446704820417894,0.6440996214185617,0.5055674707424077,0.1640302787374657,,0.6666666666666666
yorkurban,P1040839,0,York Urban (real),True,82.25248996170396,0.6160751931016258,0.4478686291908961,0.7652341614605639,0.0760696886041018,0.4260245721928175,0.4571663074047336,0.2745149763675426,0.0068924077555798,0.0234141116464394,0.0
yorkurban,P1040843,0,York Urban (real),True,85.60712038038463,0.8107523002629042,0.6355088107851699,1.2689191773974438,0.1756157371893462,0.5827236420608024,0.3897184209853463,0.2508087554604999,0.1199954752622157,0.4427000306069883,0.0
yorkurban,P1040845,0,York Urban (real),True,148.9493647469627,0.665720225224835,0.4720414502866205,1.0055595861103337,0.1196312458806228,0.1532238773838543,0.0266321661915469,0.0206133876340223,0.0076633402748388,0.0025420023199247,0.0
yorkurban,P1040850,0,York Urban (real),True,64.40992474063317,0.7535136192676228,0.5779793931698016,0.7204712322340798,0.0701049882877048,0.424729448700465,0.8034388892816651,0.497581517610783,0.0158655554248086,0.0106183085442221,0.0
yorkurban,P1040853,0,York Urban (real),True,64.37660493629673,0.7721853951351404,0.5876347915529652,0.6548200893509808,0.0652476346871443,0.3408843183328331,0.8378603864091332,0.5295405941037588,0.1207564748027923,,0.5
yorkurban,P1040854,0,York Urban (real),True,24.083044571517046,0.912557162695654,0.7279548177894523,3.222298592884437,0.3674008961390922,0.567633085631479,0.6745174641802549,0.4948620901820075,0.0663588208318491,2.836910512227917,0.0
yorkurban,P1040855,0,York Urban (real),True,41.34599287554617,0.8472828437625325,0.6838615603009218,2.134535582526359,0.3415575072393704,0.3943183405168787,0.4754429796117705,0.3263423605010959,0.2150468532863569,1.3830945947433646,0.25
yorkurban,P1040856,0,York Urban (real),True,9.297928276767646,0.803243237063434,0.6239677147525712,2.183028894837409,0.2364358885974743,0.6125736728203642,0.4491330941311275,0.3706165786723796,0.0556422362234433,0.1650458254582236,0.0
yorkurban,P1040860,0,York Urban (real),True,128.2513721509323,0.907482069536266,0.7108063462958483,1.9724547820730969,0.2683684421031902,0.3900262072148656,0.3958722267044265,0.2337308927937964,0.2831733750029216,1.2212562982705704,0.0
yorkurban,P1040862,0,York Urban (real),True,145.7124725634641,0.8539902317157787,0.697790213436824,1.9771445517822608,0.2861080076057545,0.5554863019269067,0.9946685687088036,0.7867028871286887,0.2448081401017884,0.7227861459400717,0.5
yorkurban,P1040863,0,York Urban (real),True,144.27259305236095,0.7422488252057188,0.570380516856638,1.5616985201103493,0.1809208086224214,0.5640955143211674,0.6601472066489436,0.4145636713208912,0.1924570907106023,,1.0
yorkurban,P1040870,0,York Urban (real),True,17.93273187543822,0.90786650983778,0.7359008494632573,2.268717999817971,0.2981372442682509,0.5580942415313204,1.1210005565613557,0.6604154167701484,0.095451418139352,0.500859661371595,0.25
yorkurban,P1020816,0,York Urban (real),True,35.11746237024623,0.7882462336495527,0.628487245980143,1.855077590471485,0.2109961308785592,0.3240933690628372,0.4796918581930924,0.2783816351374903,0.0822520800481416,0.1728753669737592,0.0
yorkurban,P1020817,0,York Urban (real),True,45.75179825149407,0.8038028472122279,0.638352582295888,1.5574981248690254,0.1870479407885388,0.3916489329340594,0.6267439380313391,0.3712025020599125,0.0580931887761875,0.141736878483571,0.0
yorkurban,P1020819,0,York Urban (real),True,34.509554542391534,0.8261459575734458,0.6418044488041381,1.0327927240444872,0.1224586226336718,0.3587606056645299,1.2271688290362448,0.7511119733901879,0.034601317304648,0.0148357829803735,0.0
yorkurban,P1020824,0,York Urban (real),True,73.89233822463659,0.7230205878325827,0.5506797075452127,0.7030742379593764,0.0654302123075504,0.5837413926816332,0.5161789715466796,0.3720610188496705,0.0164448878305265,0.0617029140553313,0.0
yorkurban,P1020825,0,York Urban (real),True,63.077752974302925,0.6894465425772017,0.5160567466156668,1.2572856676260884,0.1075445136633994,0.4222445585410208,1.3748314513178883,0.9037156144366588,0.0519478616419391,,1.0
yorkurban,P1020831,0,York Urban (real),True,240.7969641818486,0.6816469412407342,0.5223083454906282,0.958143335970938,0.0962677294152243,0.2478169360734367,0.5860667128353754,0.4185729981335521,0.5147359731749348,0.2321859958675745,0.0
yorkurban,P1020839,0,York Urban (real),False,,,,,,,,,,,
yorkurban,P1020847,0,York Urban (real),True,26.32507651829788,0.7894503270048064,0.6226638893695974,0.7759325265831034,0.0865894419479658,0.4475616496043727,0.4242390496301169,0.3175115585879925,0.1415610594806717,0.2012376924965728,0.3333333333333333
yorkurban,P1020848,0,York Urban (real),False,,,,,,,,,,,
yorkurban,P1020867,0,York Urban (real),True,36.305143827053904,0.8023025294930634,0.6131482135797454,1.3204541223728583,0.1849215767881474,0.3473698611996746,0.2031627227756587,0.1640035164476979,0.0411092636318162,0.1111019082053124,0.0
yorkurban,P1030001,0,York Urban (real),True,8.354199535196562,0.8472570379352216,0.6688560690437404,1.175086518996011,0.1592298912579128,0.1821755571510665,0.8822881603104378,0.6138447178265393,0.0339505307898941,0.0337919772422132,0.0
yorkurban,P1030004,0,York Urban (real),True,8.81955943112201,0.8852373669014615,0.7071182648581205,2.60371818812307,0.3645640767437378,0.4047310628241201,2.305068170786271,1.380315022207935,0.1504357805449886,0.1378181785127106,0.25
yorkurban,P1080005,0,York Urban (real),True,10.210819307003849,0.8674392472616805,0.6959681389864046,1.2023398046728722,0.1596289188830475,0.2208640296780793,1.3155437240937573,0.7753677890307022,0.1090407834553932,0.121614498438892,0.0
yorkurban,P1080008,0,York Urban (real),True,6.961433510044953,0.8745263863296024,0.7168520054977251,1.4300729489568125,0.2031711939529507,0.2082213154112132,0.5785911667598782,0.3475018729782547,0.0307382309409402,0.0269620566751331,0.3333333333333333
yorkurban,P1080011,0,York Urban (real),True,5.943243505807634,0.861514158601597,0.6756328306898385,1.306900123625452,0.1723940672723343,0.4044893669650678,0.6472214572614234,0.3878519796539016,0.0381829623154862,0.041109810557308,0.0
yorkurban,P1080015,0,York Urban (real),False,,,,,,,,,,,
yorkurban,P1080018,0,York Urban (real),True,7.762949227230982,0.8632357958627717,0.6836921025188614,1.290635615751928,0.1671012872389079,0.2676734088577504,0.596288436293662,0.4875051558845011,0.0226182960779544,0.2221200937536682,0.0
yorkurban,P1080020,0,York Urban (real),False,,,,,,,,,,,
yorkurban,P1080021,0,York Urban (real),False,,,,,,,,,,,
yorkurban,P1080023,0,York Urban (real),False,,,,,,,,,,,
yorkurban,P1080025,0,York Urban (real),True,19.2193692027992,0.7429781299184928,0.5731797133474636,0.7951972537999314,0.0686837492891032,0.3135449436384023,0.208498152458489,0.1455528212203725,0.0532585744115394,0.0916845888490041,0.0
yorkurban,P1080031,0,York Urban (real),True,11.096738523497528,0.8033059606213938,0.6387282742988732,1.359119762191603,0.1515748917558742,0.3072096768361661,0.340971846045889,0.2267479881592017,0.0379450375572739,0.0546096343479005,0.0
yorkurban,P1080032,0,York Urban (real),False,,,,,,,,,,,
yorkurban,P1080033,0,York Urban (real),False,,,,,,,,,,,
yorkurban,P1080036,0,York Urban (real),True,16.957317290594172,0.8367247808817535,0.6522143370308014,1.2147778446008717,0.1371181756204222,0.5370038922617192,1.2930966000388937,0.782629599513829,0.0479185783466945,0.1113513444717471,0.0
yorkurban,P1080045,0,York Urban (real),False,,,,,,,,,,,
yorkurban,P1080047,0,York Urban (real),False,,,,,,,,,,,
yorkurban,P1080049,0,York Urban (real),True,6.811960503568908,0.791389288816988,0.6139996490953556,1.3675305052829194,0.150936070812988,0.6220914981307648,1.574468652752287,1.029832053658693,0.1003970567945575,0.1312866502941201,0.0
yorkurban,P1080053,0,York Urban (real),True,10.387266688004338,0.8196953149054874,0.6370377687959492,1.0364921044094353,0.1164201847478825,0.3909118723905537,0.6182616489186756,0.3672797162730403,0.0479727809650869,0.039177581552968,0.0
yorkurban,P1080055,0,York Urban (real),True,16.83760676557216,0.8367421832716476,0.652196311503193,1.008192940463559,0.1273263227174804,0.4723873823152668,1.2895107559914578,0.750483960400988,0.1700779248793663,0.173173859210471,0.0
yorkurban,P1080056,0,York Urban (real),False,,,,,,,,,,,
yorkurban,P1080057,0,York Urban (real),True,14.071453369835517,0.7901992525005643,0.6264561529077649,1.5771571593191345,0.2346440777760944,0.7357977911633485,0.577738877332493,0.3729154083570989,0.0397221269797401,0.1549282228597732,0.0
yorkurban,P1080062,0,York Urban (real),True,27.033837332265087,0.8432123465747643,0.6614955354007367,1.005269187386671,0.1355257919113438,0.6511535710328135,0.0855534487479161,0.0517469110876784,0.0282161877283163,0.6442679542781953,0.0
yorkurban,P1080063,0,York Urban (real),False,,,,,,,,,,,
yorkurban,P1080074,0,York Urban (real),True,9.623993606803085,0.8696608286583094,0.6939242882707727,1.41618699820495,0.1774136867492649,0.8446007231068434,1.6304101704706682,1.0103524326401565,0.0701097704996483,0.1092101675622458,0.0
yorkurban,P1080077,0,York Urban (real),False,,,,,,,,,,,
yorkurban,P1080078,0,York Urban (real),True,56.07851693610058,0.7681402637939065,0.6091160437923137,2.503121135452424,0.2772623376864158,0.6438191060657232,0.3601516679933496,0.2260831493392141,0.1184945878113804,0.3602059950092942,0.0
yorkurban,P1080079,0,York Urban (real),True,57.097357506457314,0.8512126246977029,0.6730597396035408,1.2687335417350811,0.1631296933042954,0.3380965790277441,0.379111296234214,0.2522751630243259,0.2307653554101128,0.3669402323785871,0.0
yorkurban,P1080084,0,York Urban (real),False,,,,,,,,,,,
yorkurban,P1080091,0,York Urban (real),True,87.20311841625337,0.787661253319737,0.597424911691488,1.430340693087616,0.1815738582315584,0.6013642903631874,0.845541597828543,0.5014193439513617,0.1954425691129032,1.0485778901798062,0.0
yorkurban,P1080092,0,York Urban (real),True,46.90977351386423,0.8014620445755882,0.6273864399822248,1.599443672012124,0.2077728836350579,0.3976703176269335,0.5217059187077666,0.3096996265884449,0.2454185782597965,,0.5
yorkurban,P1080093,0,York Urban (real),False,,,,,,,,,,,
yorkurban,P1080096,0,York Urban (real),False,,,,,,,,,,,
yorkurban,P1080100,0,York Urban (real),True,10.123171037624436,0.8402926991287991,0.6615625384881251,1.5110030300325388,0.1988204659128133,0.5047483096214631,0.6124552615545866,0.3643836270996453,0.0378280422941446,0.0333528091728272,0.0
yorkurban,P1080104,0,York Urban (real),True,9.036990518240373,0.8868301978867742,0.7219699763424842,2.725008510825422,0.3687287260938999,0.328682114385407,0.3946001935120904,0.3191451196354993,0.0096659286808232,0.2495709505163628,0.0
yorkurban,P1080106,0,York Urban (real),True,9.171019627220552,0.8581263057249904,0.6901849911791833,1.4402818935781725,0.2035432867494767,0.653067784338035,0.2604393846716419,0.1778319836560008,0.0156800780205442,0.1212011255754204,0.0
yorkurban,P1080111,0,York Urban (real),True,11.14706614177386,0.9115758567537512,0.7397511358283645,1.7194574464181345,0.248260017805574,0.3740139240260269,2.8527948126075278,1.710571638660547,0.2843075670226623,0.417247798476815,0.0
yorkurban,P1080113,0,York Urban (real),True,9.567840730767076,0.8848752764608578,0.7036449907780691,1.6054489512454162,0.2327416611290229,0.3451155401780721,0.6726155369377551,0.501041082183711,0.0181879909393485,0.0291572162637265,0.3333333333333333
yorkurban,P1080116,0,York Urban (real),True,15.62197977523949,0.8508460338988457,0.6874199860448853,1.3565286862356756,0.2106623021914646,0.6964777873327167,1.6012544563155586,0.97102377262928,0.1957893682589371,0.2708463685732116,0.0
yorkurban,P1080119,0,York Urban (real),True,8.757934900638372,0.871235613648681,0.7116516744915989,1.839455704756432,0.2793532170728237,0.2870936678989563,0.5466687775925436,0.4018747675516356,0.0622023954230331,0.6597852354005038,0.0
real-commons,100038573.jpg,0,Commons (real),False,,,,,,,,,,,
real-commons,101102990.jpg,0,Commons (real),True,6.985735221598223,0.7318123240034318,0.5673577177216927,0.9508977091322648,0.0899682071451357,0.621318304526632,69.795579049086,41.13080445788828,96.5623359650662,,0.5
real-commons,101287934.jpg,0,Commons (real),False,,,,,,,,,,,
real-commons,103025077.jpg,0,Commons (real),False,,,,,,,,,,,
real-commons,10402374.jpg,0,Commons (real),False,,,,,,,,,,,
real-commons,105241817.jpg,0,Commons (real),True,3.436102039832312,0.9698134754306686,0.8140469525509695,2.954185472762309,0.3509821899805629,0.6636513042534974,2.157570419443772,1.3258139155289836,0.0680663513957851,1.2623892745273348,0.0
real-commons,105241819.jpg,0,Commons (real),False,,,,,,,,,,,
real-commons,105241820.jpg,0,Commons (real),True,5.410935073600782,0.9076939548903248,0.7234176605200251,3.1130815795711,0.400486578227193,0.83255524595207,1.72721629835641,1.0214451055602918,0.0903183430590754,0.222660488809967,0.0
real-commons,105291070.jpg,0,Commons (real),False,,,,,,,,,,,
real-commons,105380830.jpg,0,Commons (real),True,,0.9869406471136676,0.8199937324607611,3.672948184919745,0.4620069085652353,0.936792545946801,50.0126840337624,33.78106097032029,266.28875643066107,,
real-commons,106558465.jpg,0,Commons (real),False,,,,,,,,,,,
real-commons,10660689.jpg,0,Commons (real),False,,,,,,,,,,,
real-commons,10686514.jpg,0,Commons (real),False,,,,,,,,,,,
real-commons,107067853.jpg,0,Commons (real),False,,,,,,,,,,,
real-commons,107361509.jpg,0,Commons (real),False,,,,,,,,,,,
real-commons,107361510.jpg,0,Commons (real),True,369.63449241468817,0.5777647785639787,0.4011434430259832,0.7182281856590348,0.0742747229234972,0.7994748612541274,10.373879632991972,7.342836270833028,0.5284744942442643,,1.0
real-commons,107528007.jpg,0,Commons (real),True,132.35793329185327,0.9266456532255328,0.7678620999301827,2.956940993438874,0.366515124413271,0.921905595165856,47.363781773482,27.490268749327782,2.3037164809890545,,1.0
real-commons,108115953.jpg,0,Commons (real),False,,,,,,,,,,,
real-commons,111599140.jpg,0,Commons (real),False,,,,,,,,,,,
real-commons,112636258.jpg,0,Commons (real),False,,,,,,,,,,,
real-commons,113368842.jpg,0,Commons (real),True,174.7565297487555,0.7763010955267458,0.6011917082479753,0.9188969284766004,0.1050050912212428,0.5435011946263897,29.318726380245792,18.760558063245888,5.630725176960509,,1.0
real-commons,114063282.jpg,0,Commons (real),False,,,,,,,,,,,
real-commons,114951785.jpg,0,Commons (real),False,,,,,,,,,,,
real-commons,115919549.jpg,0,Commons (real),True,,0.8696536202188736,0.696133956451594,2.89132517778208,0.3237617948092578,0.5427661874720752,32.06437869526301,30.046531311783426,4226129.608548831,,
real-commons,115919554.jpg,0,Commons (real),False,,,,,,,,,,,
real-commons,115919559.jpg,0,Commons (real),False,,,,,,,,,,,
real-commons,117403767.jpg,0,Commons (real),False,,,,,,,,,,,
real-commons,119858370.jpg,0,Commons (real),True,11.792846592063118,0.8488901851101696,0.6875999962199162,2.9846629535644693,0.3678961384585718,0.9933167854782708,50.42233886749504,29.73648569045349,0.5929560879732881,0.048233578928003,0.3333333333333333
real-commons,121501894.jpg,0,Commons (real),True,6.796041508453559,0.9228188880601296,0.7254292690730927,1.986792961424265,0.2626272164857262,0.5058312986643068,3.260293216058841,2.657502736055511,0.0578215623472144,0.0128444096741615,0.3333333333333333
real-commons,121685664.jpg,0,Commons (real),False,,,,,,,,,,,
real-commons,122233284.jpg,0,Commons (real),True,16.044097206095326,0.7326942862091145,0.5623384515581735,0.8100762623564212,0.0829706454912195,0.7693703322563586,0.279899930073654,0.1811809263450347,0.586253425430239,,0.5
real-commons,122915193.jpg,0,Commons (real),False,,,,,,,,,,,
real-commons,124585902.jpg,0,Commons (real),True,5.566478266707505,0.8130132982495342,0.6411320630932359,2.211571820173018,0.2400589628709139,0.6638039108589493,69.50591768061308,40.334468721797805,0.6974542838567218,0.2161738234450458,0.3333333333333333
real-commons,126185163.jpg,0,Commons (real),False,,,,,,,,,,,
real-commons,126237511.jpg,0,Commons (real),False,,,,,,,,,,,
real-commons,126352218.jpg,0,Commons (real),False,,,,,,,,,,,
real-commons,126424394.jpg,0,Commons (real),False,,,,,,,,,,,
real-commons,127256020.jpg,0,Commons (real),False,,,,,,,,,,,
real-commons,127256057.jpg,0,Commons (real),False,,,,,,,,,,,
real-commons,128369841.jpg,0,Commons (real),False,,,,,,,,,,,
real-commons,128753247.jpg,0,Commons (real),True,14.725707072028849,0.8526514703247152,0.6794354103524647,1.912809723235772,0.2659455356799375,0.269679508410006,2.454413071616941,1.940719680919616,0.0645420192771542,0.0373238442790873,0.0
real-commons,128858921.jpg,0,Commons (real),False,,,,,,,,,,,
real-commons,128858931.jpg,0,Commons (real),True,4.050750395865369,0.9470636528493764,0.7852378182085799,1.5350027645700286,0.2209248628672542,0.2829652929341562,2.8163204513198963,2.1918351133450558,0.0562190949868341,0.3427392481399005,0.0
real-commons,129248360.jpg,0,Commons (real),False,,,,,,,,,,,
real-commons,129248361.jpg,0,Commons (real),False,,,,,,,,,,,
real-commons,130410221.jpg,0,Commons (real),False,,,,,,,,,,,
real-commons,131567787.jpg,0,Commons (real),False,,,,,,,,,,,
real-commons,131567794.jpg,0,Commons (real),False,,,,,,,,,,,
real-commons,131568139.jpg,0,Commons (real),False,,,,,,,,,,,
real-commons,131718006.jpg,0,Commons (real),False,,,,,,,,,,,
real-commons,133295087.jpg,0,Commons (real),False,,,,,,,,,,,
real-commons,133797480.jpg,0,Commons (real),False,,,,,,,,,,,
real-commons,133797611.jpg,0,Commons (real),False,,,,,,,,,,,
real-commons,133797630.jpg,0,Commons (real),False,,,,,,,,,,,
real-commons,133797690.jpg,0,Commons (real),False,,,,,,,,,,,
real-commons,133798356.jpg,0,Commons (real),False,,,,,,,,,,,
real-commons,133798361.jpg,0,Commons (real),False,,,,,,,,,,,
real-commons,133798370.jpg,0,Commons (real),False,,,,,,,,,,,
real-commons,133798379.jpg,0,Commons (real),True,1.917647124278155,0.8950795152823355,0.7216799273661513,3.3908025689101,0.5180750429594766,0.7260811252571203,15.97954626101469,12.484005843935508,0.4097865109051271,0.5235101289967625,0.25
real-commons,133798455.jpg,0,Commons (real),False,,,,,,,,,,,
real-commons,133798459.jpg,0,Commons (real),False,,,,,,,,,,,
real-commons,133798500.jpg,0,Commons (real),False,,,,,,,,,,,
real-commons,133798579.jpg,0,Commons (real),True,1.2554387812915522,1.1137944726304878,0.919632511076398,5.996889482133395,0.7035147784671285,0.505478178087109,29.44605910871621,21.54160569764408,0.1681542615714752,,1.0
real-commons,133798600.jpg,0,Commons (real),False,,,,,,,,,,,
real-commons,133798615.jpg,0,Commons (real),False,,,,,,,,,,,
real-commons,133798616.jpg,0,Commons (real),False,,,,,,,,,,,
real-commons,133798648.jpg,0,Commons (real),False,,,,,,,,,,,
real-commons,133798697.jpg,0,Commons (real),False,,,,,,,,,,,
real-commons,133798698.jpg,0,Commons (real),True,3.448008932326842,0.9085679485815954,0.7169099888263173,3.5526865245714125,0.4885361911589997,0.8264470855324211,51.38341432940236,33.61177355586184,338.5599646451782,0.9362848448326472,0.0
real-commons,133798706.jpg,0,Commons (real),True,3.07282603872184,0.8535830043005832,0.6572307995309348,2.4839840473316808,0.3456613657810723,0.2065948478868999,7.553728459756513,6.331393067505901,0.1149092845342026,0.152136963905737,0.0
real-commons,133798741.jpg,0,Commons (real),True,1.67538501915427,0.8853466432517582,0.6672325056596788,2.492614159856494,0.3472132161614322,0.5088219918727337,7.256631534384198,4.898624783682679,0.1241861537527447,0.1570031162114586,0.0
real-commons,133798742.jpg,0,Commons (real),False,,,,,,,,,,,
real-commons,133798758.jpg,0,Commons (real),False,,,,,,,,,,,
real-commons,133798768.jpg,0,Commons (real),True,,0.982952596079415,0.7773758720334872,5.437047735416555,0.6790351977099606,0.5269761111504154,67.63126748977584,39.13556366004042,0.9896141660810404,,
real-commons,133798774.jpg,0,Commons (real),False,,,,,,,,,,,
real-commons,133798775.jpg,0,Commons (real),False,,,,,,,,,,,
real-commons,133798799.jpg,0,Commons (real),False,,,,,,,,,,,
real-commons,133798810.jpg,0,Commons (real),False,,,,,,,,,,,
real-commons,133798825.jpg,0,Commons (real),False,,,,,,,,,,,
real-commons,133798837.jpg,0,Commons (real),False,,,,,,,,,,,
real-commons,133798842.jpg,0,Commons (real),False,,,,,,,,,,,
real-commons,133927081.jpg,0,Commons (real),True,2.182807880278605,0.8392328360613255,0.6549670752955569,1.497611570298559,0.1902476001301831,0.3021501548247829,1.4095318326302078,1.0208822592380031,0.0371321607350395,0.0769663162995044,0.25
real-commons,133927083.jpg,0,Commons (real),False,,,,,,,,,,,
real-commons,133927149.jpg,0,Commons (real),False,,,,,,,,,,,
real-commons,133927150.jpg,0,Commons (real),False,,,,,,,,,,,
real-commons,133927151.jpg,0,Commons (real),True,84.6864321350758,0.8703849234647116,0.6942434021217587,2.087969839491976,0.2640221040629237,0.5229347996388228,0.5954138698506313,0.362408424466006,0.3409010988926743,0.1561424736299699,0.0
real-commons,134289001.jpg,0,Commons (real),False,,,,,,,,,,,
real-commons,134289003.jpg,0,Commons (real),False,,,,,,,,,,,
real-commons,134289013.jpg,0,Commons (real),False,,,,,,,,,,,
real-commons,134289297.jpg,0,Commons (real),False,,,,,,,,,,,
real-commons,134289304.jpg,0,Commons (real),False,,,,,,,,,,,
real-commons,134289312.jpg,0,Commons (real),True,1.0606987396917158,0.813744914990367,0.6563334517501874,1.7281773045575273,0.1929380644037644,0.3399836290628258,0.5899431796036794,0.47680351104077,0.0106754464853482,0.14577331069429,0.0
real-commons,134289315.jpg,0,Commons (real),False,,,,,,,,,,,
real-commons,134289321.jpg,0,Commons (real),False,,,,,,,,,,,
real-commons,134289370.jpg,0,Commons (real),False,,,,,,,,,,,
real-commons,134289377.jpg,0,Commons (real),True,1.7984706457739932,0.8376404021735326,0.6487863951336393,1.5391625531969229,0.232371340176357,0.3385824051066414,0.5938391028642371,0.3695342749601429,0.022452775582392,0.0799061047341362,0.0
real-commons,134289381.jpg,0,Commons (real),False,,,,,,,,,,,
real-commons,134351811.jpg,0,Commons (real),False,,,,,,,,,,,
real-commons,134351812.jpg,0,Commons (real),False,,,,,,,,,,,
real-commons,134351813.jpg,0,Commons (real),True,2.211148172033363,0.944148145323692,0.7788975492953812,2.5803120815859555,0.3297451226793736,0.7971185125223764,1.0733418285270488,0.8802186667887791,0.0252481241167623,0.2457847012654541,0.25
real-commons,134356706.jpg,0,Commons (real),True,74.03739231235285,0.8111166697264812,0.6027754293611609,1.7322049011636147,0.192315119061875,0.9754025378525146,1.203454030371958,0.7822865235230552,0.3700203045467263,0.1251666000598277,0.0
real-commons,134408326.jpg,0,Commons (real),True,13.03063640413095,0.811708344592322,0.6314992071445111,1.4977229742342373,0.1511212778015858,0.1831945979871924,0.2216482178371421,0.1285777809538885,0.0251803770607069,0.0452091419407505,0.0
real-commons,135702891.jpg,0,Commons (real),False,,,,,,,,,,,
real-commons,136776699.jpg,0,Commons (real),False,,,,,,,,,,,
real-commons,138239479.jpg,0,Commons (real),False,,,,,,,,,,,
real-commons,139658745.jpg,0,Commons (real),True,15.42335084475526,0.8908871044100473,0.7209992128871944,3.493814652649869,0.4076079127064442,0.8192858475242943,50.42543903373538,29.509781029267742,1.4545316366932584,0.9824439536184776,0.0
real-commons,139760688.jpg,0,Commons (real),True,1254.2914891320954,0.8303646976380175,0.6391423008743387,3.231987352257786,0.3696954139914425,0.6531049184326199,44.942496494959904,25.9478521046752,3.144623384314462,,0.75
real-commons,140073054.jpg,0,Commons (real),True,61.38564934467456,0.8213040321866762,0.6337877335877159,1.49507153554594,0.1599814751048081,0.3180667666759491,2.193186772475755,1.6143727829846717,0.0557043464061305,0.2026396794930605,0.0
real-commons,140080569.jpg,0,Commons (real),True,952.9621488985892,0.8056496036794916,0.6533055064432999,1.5609504188890528,0.1999291051867587,0.7560268360881595,0.3678725401554459,0.2300583579090875,0.9217319700787204,5.884541522965013,0.0
real-commons,140130433.jpg,0,Commons (real),True,140.74962329372312,0.7165938131695134,0.5388252246087192,1.4875577881612947,0.1879411767986134,0.224663010653643,6.429846801607937,4.80703169833714,0.4188807788882019,0.0476913135049885,0.0
real-commons,141067890.jpg,0,Commons (real),False,,,,,,,,,,,
real-commons,141067896.jpg,0,Commons (real),False,,,,,,,,,,,
real-commons,141067897.jpg,0,Commons (real),False,,,,,,,,,,,
real-commons,141067899.jpg,0,Commons (real),True,3.248412463250816,0.7606001157743494,0.5919601116761826,0.8415151664186122,0.080313801435762,0.654562884253924,4.020293159590594,2.6409334651314293,0.1581198556186474,0.0298672847215222,0.0
real-commons,141067903.jpg,0,Commons (real),False,,,,,,,,,,,
real-commons,141123623.jpg,0,Commons (real),False,,,,,,,,,,,
real-commons,141125806.jpg,0,Commons (real),True,14.226211200185404,0.9776354747611504,0.8022075954885786,3.118574855537807,0.3830959736051064,0.463110268580588,0.7654122683183289,0.5003067600902915,0.0693146829527574,0.4897965823020103,0.0
real-commons,141990277.jpg,0,Commons (real),False,,,,,,,,,,,
real-commons,142113018.jpg,0,Commons (real),False,,,,,,,,,,,
real-commons,142113033.jpg,0,Commons (real),False,,,,,,,,,,,
real-commons,142127097.jpg,0,Commons (real),True,92.0748039036207,0.7501749705689037,0.5969092538112882,1.2373193036352377,0.1194851288120604,0.886341967958022,1.9783246993196144,1.2214429385996963,0.468241048293223,,1.0
real-commons,142127098.jpg,0,Commons (real),True,41.82779021129859,0.8928882109898758,0.7358401729323076,2.977339203199138,0.3297239287733592,0.5404684675053829,4.579308620641996,3.042406981892165,0.0629681251764319,0.0090164422040572,0.0
real-commons,142127100.jpg,0,Commons (real),True,26.64258787157144,0.9299715163482352,0.7604884157853581,2.986769781673188,0.3203757835756402,0.8565545120538924,4.423933389655559,2.800637120503831,0.1282718589555556,,1.0
real-commons,142127101.jpg,0,Commons (real),False,,,,,,,,,,,
real-commons,142127106.jpg,0,Commons (real),False,,,,,,,,,,,
real-commons,142127112.jpg,0,Commons (real),True,27.331088782457744,0.8237500294999284,0.6579762401389523,1.5307122405086535,0.1747802176307667,0.4097065770154205,0.2621025278932194,0.1571120310172033,0.0486313368726936,0.0706365103688071,0.5
real-commons,142127114.jpg,0,Commons (real),True,535.2615551001439,0.8706011524768109,0.673907358337255,1.0635847805748706,0.113917583836615,0.8264212906051096,0.9167497538732334,0.6203742879949546,6.644769282163431,,0.5
real-commons,142127115.jpg,0,Commons (real),True,4.740027757645023,0.8867132826020059,0.7184313701613247,2.377346696943268,0.361972201000632,0.7280231354183325,2.899531343304844,1.7682788944429315,0.0953933640036407,0.5356704093057791,0.0
real-commons,142127124.jpg,0,Commons (real),False,,,,,,,,,,,
real-commons,142127126.jpg,0,Commons (real),True,64.9568485021272,0.8253219370687964,0.6578432238309537,1.00040504445496,0.1115635611030493,0.2383246282910527,1.4195642344210455,0.8452970805987201,0.4702214640296263,0.2588977253994065,0.3333333333333333
real-commons,142127127.jpg,0,Commons (real),False,,,,,,,,,,,
real-commons,142127135.jpg,0,Commons (real),True,20.3889814069352,0.8339526056929174,0.6645614663144171,1.6922542494522608,0.2011491233450477,0.6185602251253725,0.5209459183917886,0.3742350228919393,0.139815737735632,0.2760639450273503,0.0
real-commons,142127137.jpg,0,Commons (real),True,15.499297000932293,0.7181326531470916,0.5590336063018966,1.1429079263233235,0.1126530994836869,0.2558146136880762,1.1569538301355775,0.6951029469429788,0.0831653398419701,0.210874700147631,0.0
real-commons,142127141.jpg,0,Commons (real),True,82.86233880685609,0.7398076407285885,0.5752890082120914,1.1993002287907402,0.1073702495327474,0.1852847830267065,0.789159938845799,0.4728698750696334,0.5884335151118951,,0.5
real-commons,142127144.jpg,0,Commons (real),False,,,,,,,,,,,
real-commons,142127145.jpg,0,Commons (real),True,621.2698950870999,0.7986582848627397,0.6247271366243758,1.3550896780219637,0.1686493660163976,0.380177034769745,1.4944589088345026,0.8794728879496932,6.303947874743877,,0.5
real-commons,142127147.jpg,0,Commons (real),True,42.43453303070589,0.8459579545761196,0.6575729530586574,1.4297604386480296,0.1836006178681722,0.5047871887384702,1.442485891735302,0.8778987632606445,0.4566399747049682,,0.5
real-commons,142127148.jpg,0,Commons (real),False,,,,,,,,,,,
real-commons,142127151.jpg,0,Commons (real),False,,,,,,,,,,,
real-commons,142127154.jpg,0,Commons (real),True,7.010044279794821,0.8784176138985854,0.69369437081224,1.686477668248862,0.2369354458988609,0.868061962109514,1.046825830235349,0.8519923290269111,0.109785551319052,0.161668503163554,0.0
real-commons,142127155.jpg,0,Commons (real),True,7.644484173017349,0.9313778782604286,0.7664951356687913,1.7666023801696704,0.2517813607821825,0.4996009201846544,2.8007864531151228,2.1920628389217214,0.1096507959279761,1.1308042616312788,0.0
real-commons,142127157.jpg,0,Commons (real),False,,,,,,,,,,,
real-commons,142127166.jpg,0,Commons (real),True,23.84735553230712,0.8986852821098148,0.7273795152882185,1.4196324567023006,0.1908601379090956,0.8386174871022994,1.088689353568725,0.6371012518973009,0.2693121707272358,0.4034861317192462,0.0
real-commons,142127172.jpg,0,Commons (real),True,6.614046960455783,0.9512470815202504,0.7791379567744825,2.0929894700916822,0.3385598787824907,0.8405700352755774,3.8465736456109454,2.889512858187432,0.1003262711415441,0.3360942543982865,0.0
real-commons,142772811.jpg,0,Commons (real),False,,,,,,,,,,,
real-commons,144073369.jpg,0,Commons (real),True,3.267803600009238,0.7700470797302342,0.5886006700544926,1.7060346668692936,0.2065035060082023,0.2534616841639816,0.6370733904895047,0.5291980404659867,0.0178774961212785,0.0161370917667804,0.0
real-commons,144073372.jpg,0,Commons (real),False,,,,,,,,,,,
real-commons,144073375.jpg,0,Commons (real),True,1.6163459055749043,0.9154685787986367,0.7435454816731472,2.315318816215254,0.2505218240962383,0.7855351884741355,78.8014614358517,45.61699857718207,25.771219250229606,0.090490391579423,0.0
real-commons,144073379.jpg,0,Commons (real),True,4.0074635426750005,0.8437884962692049,0.6728310511462696,3.3111220512428075,0.4207739272051952,0.8865363029468964,1.7745028739755495,1.2380691707200908,0.1017080211003852,0.4436189813814781,0.25
real-commons,144073382.jpg,0,Commons (real),True,3.7281035836201655,0.851679048117323,0.6793086095060259,2.1128056019053787,0.3011328011575583,0.3605015009279761,0.7125049651698703,0.5173967728463089,0.0151400930909627,0.0161064643589936,0.0
real-commons,144073388.jpg,0,Commons (real),True,1.8622026256582,0.7171139479208744,0.5739418241674006,1.744992765429596,0.1925998482463964,0.417405979999297,0.4032537050034506,0.2805305484511639,0.009410337730526,0.0208161226045211,0.0
real-commons,144073395.jpg,0,Commons (real),True,1.9294969151885903,0.7228027617869915,0.569637907418886,1.699231119700897,0.1886379991204651,0.3314828539905161,0.1603321477213768,0.1066520843076545,0.0038020326124976,0.0074422250899823,0.0
real-commons,144073397.jpg,0,Commons (real),True,1.9183990294110336,0.7609067480749446,0.5964414509640982,1.668825358479524,0.1759903076824102,0.4669741917051915,0.1667272310170062,0.1205636996787793,0.0033687935278403,0.0047758937844752,0.0
real-commons,144073708.jpg,0,Commons (real),False,,,,,,,,,,,
real-commons,144073745.jpg,0,Commons (real),False,,,,,,,,,,,
real-commons,144074254.jpg,0,Commons (real),True,2.255344422898258,0.811790654927269,0.6296802726896374,2.544436840366208,0.2719906526713521,0.4744665333304863,1.963744753805443,1.4060370430712836,0.0360465892622651,0.0543371008514892,0.3333333333333333
real-commons,144074378.jpg,0,Commons (real),False,,,,,,,,,,,
real-commons,144074831.jpg,0,Commons (real),False,,,,,,,,,,,
real-commons,144075120.jpg,0,Commons (real),False,,,,,,,,,,,
real-commons,144075360.jpg,0,Commons (real),False,,,,,,,,,,,
real-commons,144075366.jpg,0,Commons (real),False,,,,,,,,,,,
real-commons,144075889.jpg,0,Commons (real),False,,,,,,,,,,,
real-commons,144076339.jpg,0,Commons (real),False,,,,,,,,,,,
real-commons,144076551.jpg,0,Commons (real),True,1.9636073005581929,0.9189268972989032,0.7437077449267107,2.908294059533434,0.338497434453155,0.3284565451968477,65.13093358669255,37.98761936258477,0.7004577548501311,0.4618428403903394,0.0
real-commons,144076553.jpg,0,Commons (real),False,,,,,,,,,,,
real-commons,144076561.jpg,0,Commons (real),False,,,,,,,,,,,
real-commons,144076565.jpg,0,Commons (real),True,3.8732086528872474,0.827521943914531,0.6742753924567114,1.0790927221674689,0.1015624658888904,0.7601912265763984,0.5853870335726015,0.4217343777421359,0.2842911346858304,0.4619920358648697,0.0
real-commons,144076582.jpg,0,Commons (real),False,,,,,,,,,,,
real-commons,144076584.jpg,0,Commons (real),False,,,,,,,,,,,
real-commons,144076616.jpg,0,Commons (real),False,,,,,,,,,,,
real-commons,144076620.jpg,0,Commons (real),False,,,,,,,,,,,
real-commons,144076628.jpg,0,Commons (real),False,,,,,,,,,,,
real-commons,147110769.jpg,0,Commons (real),False,,,,,,,,,,,
real-commons,147574082.jpg,0,Commons (real),False,,,,,,,,,,,
real-commons,147574083.jpg,0,Commons (real),True,12.078558876761424,0.8070561460826448,0.6491558698628451,3.087434656217342,0.3986348976299511,0.4241117461033792,3.4118456543590696,2.5396128417105563,0.2338463007924908,0.3033992478181195,0.3333333333333333
real-commons,147574099.jpg,0,Commons (real),False,,,,,,,,,,,
real-commons,147574108.jpg,0,Commons (real),False,,,,,,,,,,,
real-commons,147593595.jpg,0,Commons (real),False,,,,,,,,,,,
real-commons,148718408.jpg,0,Commons (real),False,,,,,,,,,,,
real-commons,148796159.jpg,0,Commons (real),False,,,,,,,,,,,
real-commons,149511681.jpg,0,Commons (real),False,,,,,,,,,,,
real-commons,149844764.jpg,0,Commons (real),False,,,,,,,,,,,
real-commons,150027945.jpg,0,Commons (real),True,314.4020378522736,0.7523126810681424,0.5673229606132866,1.8811687534843928,0.2598150931416925,0.7644784651151282,3.487723126824505,2.3908671809749955,1.0181585524163506,,1.0
real-commons,150116680.jpg,0,Commons (real),False,,,,,,,,,,,
real-commons,150198698.jpg,0,Commons (real),False,,,,,,,,,,,
real-commons,150254460.jpg,0,Commons (real),False,,,,,,,,,,,
real-commons,151260109.jpg,0,Commons (real),False,,,,,,,,,,,
real-commons,151607867.jpg,0,Commons (real),True,8.67181278259364,0.9036649642713503,0.7340754818715665,2.760319110450301,0.3556961795338887,0.4225542904161259,3.006451379345449,2.311005756961521,0.1113256846224802,0.4694127129994507,0.0
real-commons,153097363.jpg,0,Commons (real),False,,,,,,,,,,,
real-commons,153899608.jpg,0,Commons (real),True,9.694107729757434,0.6208781035162075,0.4720923699303505,1.1083857686405214,0.1021621169494708,0.2168356825400301,13.45814618415551,7.796139078040662,0.6472527773405917,,1.0
real-commons,15406810.jpg,0,Commons (real),False,,,,,,,,,,,
real-commons,154768825.jpg,0,Commons (real),False,,,,,,,,,,,
real-commons,15533725.jpg,0,Commons (real),False,,,,,,,,,,,
real-commons,15538215.jpg,0,Commons (real),False,,,,,,,,,,,
real-commons,15538217.jpg,0,Commons (real),False,,,,,,,,,,,
real-commons,157624590.jpg,0,Commons (real),False,,,,,,,,,,,
real-commons,158908474.jpg,0,Commons (real),False,,,,,,,,,,,
real-commons,159587511.jpg,0,Commons (real),False,,,,,,,,,,,
real-commons,159587535.jpg,0,Commons (real),False,,,,,,,,,,,
real-commons,159587572.jpg,0,Commons (real),True,48.40741728390004,0.8420725296834407,0.6512245681402392,1.4271304551768198,0.1897150257900003,0.5547476602361577,0.4779039343955986,0.300225990364146,0.0627273725485498,,0.5
real-commons,161755351.jpg,0,Commons (real),False,,,,,,,,,,,
real-commons,162536417.jpg,0,Commons (real),True,3.659434005731956,0.6288909215305987,0.4776965677555244,0.7757437213343831,0.0686531999963676,0.3426372672643743,8.724160939713926,8.189324519160836,0.1674134945031479,0.0155865040693958,0.0
real-commons,162537105.jpg,0,Commons (real),True,4.878529395724425,0.6404843089404573,0.4764411290148218,0.8220286390707503,0.0877039942555084,0.4134268665232193,9.164537396286091,8.621258952799629,0.1716839522035312,0.0171312595131851,0.0
real-commons,162663045.jpg,0,Commons (real),True,27.01363090511193,0.8444474785366116,0.6708038020698679,3.0224038041432792,0.3219444976415286,0.408306722581722,0.3415286879683208,0.2598524354264595,0.0743470884741266,0.5219972392878498,0.0
real-commons,162917765.jpg,0,Commons (real),False,,,,,,,,,,,
real-commons,162917768.jpg,0,Commons (real),False,,,,,,,,,,,
real-commons,162927541.jpg,0,Commons (real),True,1.820785460475281,0.7486846004678713,0.5949993426593414,1.1825345188699128,0.12398794519932,0.2608688121710209,0.54442848880133,0.4016074631229719,0.0223379414777728,0.1175182926815416,0.0
real-commons,162927548.jpg,0,Commons (real),True,3.3597866405184464,0.7974195979853776,0.6168894932634037,1.089597575665716,0.130538336403476,0.2436776792787656,0.1087493574960802,0.0719175501106293,0.0047675800802917,0.0090932950379016,0.0
real-commons,16323118.jpg,0,Commons (real),False,,,,,,,,,,,
real-commons,163797595.jpg,0,Commons (real),False,,,,,,,,,,,
real-commons,164368723.jpg,0,Commons (real),True,30.953609190600936,0.9004177142224272,0.7297264678291348,1.2896064849399484,0.1990373442448224,0.236893088540457,6.113366458678499,4.090750264686334,0.1552731358619227,0.005972455709327,0.5
real-commons,164368837.jpg,0,Commons (real),True,218.3178880068676,0.8551069306399599,0.6684145806566802,1.7012010505844182,0.2324306262728518,0.5375720819201751,10.941221346724276,6.678012260745217,2.871254094412409,,1.0
real-commons,164368854.jpg,0,Commons (real),True,36.66676627500311,0.9113455551199602,0.7164016988023522,1.9347079801770977,0.2761781037107939,0.6229310291703839,8.727162288890213,5.564121957344931,0.1310585069338421,0.1179726017054241,0.0
real-commons,164368855.jpg,0,Commons (real),True,29.795951810874268,0.8501711264077572,0.6810252741538286,1.3241751133797734,0.2077984008868567,0.3137916589225517,8.552433001532748,5.722379595763506,0.1815488740643169,0.0453851321159959,0.0
real-commons,164368856.jpg,0,Commons (real),False,,,,,,,,,,,
real-commons,164414846.jpg,0,Commons (real),False,,,,,,,,,,,
real-commons,164454504.jpg,0,Commons (real),True,37.52912559923331,0.8689396087391336,0.6919374789817484,1.2841787825519282,0.2093921440416345,0.382752726079111,12.20663934461119,8.28921126715478,0.3308780806621944,0.4506968219506939,0.25
real-commons,167154989.jpg,0,Commons (real),False,,,,,,,,,,,
real-commons,167534863.jpg,0,Commons (real),False,,,,,,,,,,,
real-commons,169788509.jpg,0,Commons (real),False,,,,,,,,,,,
real-commons,170504798.jpg,0,Commons (real),False,,,,,,,,,,,
real-commons,170729583.jpg,0,Commons (real),True,725.5928230539846,0.8267416940266021,0.6433812236702762,1.0291194584018886,0.1110441421336093,0.3189371870628432,1.2418944631954505,0.7215437020697578,0.8102696135048199,,0.5
real-commons,170743455.jpg,0,Commons (real),True,1571.988946974962,0.7589311045289564,0.5585707755240308,0.909538505166294,0.1090393320063448,0.2642971058749328,3.32947096364714,2.5214148125993456,49.870824607817255,0.0329530985232615,0.0
real-commons,170746481.jpg,0,Commons (real),True,132.65778618625853,0.8825172112794046,0.6959143502882779,2.3773872178455213,0.2848634447733768,0.3990976454965712,0.2234465840110431,0.1383040381897389,0.3182444656934746,2.711436543381626,0.0
real-commons,17189804.jpg,0,Commons (real),True,22.029488770433804,0.804421291236763,0.6538558651279605,1.30826206542334,0.1230440971001277,0.4509303727413545,1.4077795851867876,0.9379223030666188,0.1005873869987955,0.093012746273227,0.0
real-commons,172960762.jpg,0,Commons (real),False,,,,,,,,,,,
real-commons,173004816.jpg,0,Commons (real),False,,,,,,,,,,,
real-commons,173004818.jpg,0,Commons (real),False,,,,,,,,,,,
real-commons,175443170.jpg,0,Commons (real),True,1028.4124636731706,0.4415821972983809,0.2779364655373338,0.2863877199871474,0.0196263362277664,0.2539288583961883,9.540214605587806,5.655260020541149,7.733798976290569,0.1338023607095291,0.0
real-commons,175443183.jpg,0,Commons (real),False,,,,,,,,,,,
real-commons,176046294.jpg,0,Commons (real),True,142.25220728087143,0.8696134495974409,0.7118068772102957,1.7743444806107855,0.2351454289414752,0.805980734752802,5.034604223737702,2.910061161662757,6.286412311050115,1.712393064350735,0.3333333333333333
real-commons,178367167.jpg,0,Commons (real),False,,,,,,,,,,,
real-commons,178542729.jpg,0,Commons (real),False,,,,,,,,,,,
real-commons,179709623.jpg,0,Commons (real),False,,,,,,,,,,,
real-commons,182784457.jpg,0,Commons (real),False,,,,,,,,,,,
real-commons,182883730.jpg,0,Commons (real),False,,,,,,,,,,,
real-commons,18457350.jpg,0,Commons (real),False,,,,,,,,,,,
real-commons,185051984.jpg,0,Commons (real),False,,,,,,,,,,,
real-commons,185308075.jpg,0,Commons (real),False,,,,,,,,,,,
real-commons,186640910.jpg,0,Commons (real),True,19.743897563602072,0.7457060197414552,0.5494282821391423,2.8568492346135,0.3158205252704732,0.4114258254894761,5.92899455186641,4.175498172555046,0.0769635030055415,0.0489077744788852,0.0
real-commons,189481231.jpg,0,Commons (real),False,,,,,,,,,,,
real-commons,189622496.jpg,0,Commons (real),False,,,,,,,,,,,
real-commons,19059095.jpg,0,Commons (real),False,,,,,,,,,,,
real-commons,191391879.jpg,0,Commons (real),True,34.077062920648565,0.8530917869920694,0.6854441178408667,1.5237538222072098,0.2244095646743936,0.5830699350619861,7.250365523074066,4.216382378388293,1.2394915916185971,,1.0
real-commons,191631924.jpg,0,Commons (real),False,,,,,,,,,,,
real-commons,191632419.jpg,0,Commons (real),False,,,,,,,,,,,
real-commons,191632421.jpg,0,Commons (real),False,,,,,,,,,,,
real-commons,191632422.jpg,0,Commons (real),False,,,,,,,,,,,
real-commons,191632425.jpg,0,Commons (real),False,,,,,,,,,,,
real-commons,191632426.jpg,0,Commons (real),True,6.618545923887629,0.8364078060575741,0.6584007103062636,1.6512608559867714,0.1925532610707737,0.8507778425209167,25.85734502410874,20.90031214283168,30.03047829213679,3.183269501153796,0.0
real-commons,192421379.jpg,0,Commons (real),True,137.70647500673925,0.9145783042850308,0.7214612917528263,2.4221741528965515,0.318453181192247,0.9523956231979538,2.1740457026319437,1.3167682785875543,1.6647338944516783,,0.75
real-commons,195397600.jpg,0,Commons (real),True,11.315996495162846,0.8232690897987552,0.6440067933983049,1.6077947661466363,0.1736647130555215,0.9600172876097026,0.2338686133852405,0.1457614511505789,0.003424634734203,0.0009934501093979,0.3333333333333333
real-commons,196729084.jpg,0,Commons (real),True,6.350723643915651,0.9646756054539618,0.7977942843782712,2.3779053549276266,0.388936865848299,0.6515817335614682,9.932785189669588,6.627055130461893,0.63375855761231,0.8814491548207641,0.25
real-commons,196893879.jpg,0,Commons (real),False,,,,,,,,,,,
real-commons,196931022.jpg,0,Commons (real),False,,,,,,,,,,,
real-commons,198429548.jpg,0,Commons (real),False,,,,,,,,,,,
real-commons,198429552.jpg,0,Commons (real),False,,,,,,,,,,,
real-commons,198429553.jpg,0,Commons (real),False,,,,,,,,,,,
real-commons,198863012.jpg,0,Commons (real),True,167.68208092052177,0.7904215189623235,0.6265030111787516,1.992309214035332,0.2454862085233814,0.9395876510928228,0.4327953403898732,0.2575770803862895,0.0219472750481942,0.0257990887385002,0.0
real-commons,19899285.jpg,0,Commons (real),False,,,,,,,,,,,
real-commons,199677639.jpg,0,Commons (real),True,15.906880243674046,0.6061871393119325,0.4270259404718489,1.4858069135884264,0.1622654627955982,0.5434946004024411,6.322575635520835,4.300949533478095,0.2547092722354496,0.0902104559009648,0.0
real-commons,20657181.jpg,0,Commons (real),False,,,,,,,,,,,
real-commons,21010877.jpg,0,Commons (real),False,,,,,,,,,,,
real-commons,21152354.jpg,0,Commons (real),True,5374.415488756362,0.833282500166807,0.6538488219099032,2.688207105052382,0.2917066995792879,0.1901823248455877,32.21398001757148,18.899289793158932,246.28601007107736,,0.75
real-commons,21611524.jpg,0,Commons (real),True,17.78049851464421,0.8928573728350128,0.7230841442506936,1.7283932271913844,0.2767851791284751,0.5440687821365695,1.4571100950694102,0.9036170112335122,0.121246667688741,0.3024584249664439,0.0
real-commons,21850640.jpg,0,Commons (real),False,,,,,,,,,,,
real-commons,22647576.jpg,0,Commons (real),True,7.971184839819285,0.761907074164736,0.5953760070728327,1.1928731299978934,0.1591477712292009,0.4620393079543912,1.304385416948307,1.0541553627169562,0.0471435637547442,0.0400572452759266,0.0
real-commons,22786006.jpg,0,Commons (real),True,184.8803727041745,0.6839597989472038,0.5281703625800589,1.1742224469626716,0.1380023301280295,0.6384431949418551,0.0565199644464939,0.0331928322261139,0.0896985281235641,0.1824623533781029,0.0
real-commons,23210586.jpg,0,Commons (real),True,158.34610121114406,0.6720643826633413,0.4807576183860919,0.8536870523352003,0.1006813987501863,0.2767063480402865,3.326144093289969,2.111478568177391,0.8532043867741703,,1.0
real-commons,23962381.jpg,0,Commons (real),True,13.95626098266474,0.9491814986715928,0.7684685392931883,3.757640696224721,0.5118471877097441,0.7741126452403744,1.1908973112577144,0.7724659935676939,0.1911704802461875,0.4607855957046141,0.0
real-commons,24332753.jpg,0,Commons (real),False,,,,,,,,,,,
real-commons,25231335.jpg,0,Commons (real),False,,,,,,,,,,,
real-commons,25367572.jpg,0,Commons (real),False,,,,,,,,,,,
real-commons,25501098.jpg,0,Commons (real),False,,,,,,,,,,,
real-commons,26339665.jpg,0,Commons (real),False,,,,,,,,,,,
real-commons,26791257.jpg,0,Commons (real),False,,,,,,,,,,,
real-commons,26914429.jpg,0,Commons (real),False,,,,,,,,,,,
real-commons,27064333.jpg,0,Commons (real),False,,,,,,,,,,,
real-commons,27064370.jpg,0,Commons (real),False,,,,,,,,,,,
real-commons,27299218.jpg,0,Commons (real),True,4.405544001366642,0.8266780095023594,0.6480934585922988,2.248445212235065,0.2760878376058736,0.3472199382247061,2.064428206523047,1.6463085776333195,0.0337995754134803,0.1114778311993154,0.0
real-commons,27299221.jpg,0,Commons (real),True,4.063538009500093,0.9014601305486816,0.7134844156990097,2.6195695127272884,0.3330362483413335,0.6490875109266832,5.357502948507317,4.642268476636122,0.0754694836399003,0.1666641086510125,0.0
real-commons,27300088.jpg,0,Commons (real),False,,,,,,,,,,,
real-commons,27541522.jpg,0,Commons (real),False,,,,,,,,,,,
real-commons,27541534.jpg,0,Commons (real),False,,,,,,,,,,,
real-commons,27541626.jpg,0,Commons (real),False,,,,,,,,,,,
real-commons,27597820.jpg,0,Commons (real),True,4.123836990004082,0.8327067803586659,0.646906407489184,2.159720327729927,0.2483037963160009,0.4235795964735696,31.898235819646622,18.452818521603096,1.0471139439946149,,0.5
real-commons,27725205.jpg,0,Commons (real),False,,,,,,,,,,,
real-commons,27991823.jpg,0,Commons (real),False,,,,,,,,,,,
real-commons,28381723.jpg,0,Commons (real),True,7.361653130321628,0.9400876010874206,0.7689638729888267,2.7991361836805773,0.3333566534296611,0.6543987192629531,72.54907111619596,41.94482038034605,0.8898698728856231,0.220242607235221,0.3333333333333333
real-commons,28436124.jpg,0,Commons (real),False,,,,,,,,,,,
real-commons,29514918.jpg,0,Commons (real),True,18.71388202506001,0.8030799750984948,0.6210806608984496,2.43554153685524,0.2891702709288095,0.5834233220666228,41.35926360140383,24.525549072746188,0.5001650671795502,,0.75
real-commons,29657001.jpg,0,Commons (real),True,88.03985910432634,0.876789069138779,0.6831257856187105,1.4950822018201646,0.2256131729198479,0.7295438489810002,15.478154009372574,12.271196860864611,0.1772359696457601,0.0003242892481081,0.0
real-commons,3078862.jpg,0,Commons (real),False,,,,,,,,,,,
real-commons,31773433.jpg,0,Commons (real),False,,,,,,,,,,,
real-commons,32289309.jpg,0,Commons (real),True,20.836908078203685,0.7765446630242469,0.6076153400538307,1.0533062001492848,0.1340094136257104,0.9804182984159524,2.189705132906724,1.286373281537968,0.2561671487742785,,0.5
real-commons,33240170.jpg,0,Commons (real),False,,,,,,,,,,,
real-commons,33633818.jpg,0,Commons (real),False,,,,,,,,,,,
real-commons,35521434.jpg,0,Commons (real),False,,,,,,,,,,,
real-commons,35950954.jpg,0,Commons (real),False,,,,,,,,,,,
real-commons,3721699.jpg,0,Commons (real),True,5.684510490912,0.8232375237444312,0.654595760122173,1.2601750390785011,0.1641782377657217,0.299009496350835,0.202262646147787,0.1641838238906088,0.0054604705121514,0.0003681033076503,0.0
real-commons,3721742.jpg,0,Commons (real),False,,,,,,,,,,,
real-commons,3721761.jpg,0,Commons (real),False,,,,,,,,,,,
real-commons,3725381.jpg,0,Commons (real),False,,,,,,,,,,,
real-commons,38392016.jpg,0,Commons (real),True,15.69298540720625,0.8528798466781681,0.6828680281831113,2.105240883376754,0.2844112436035232,0.8993377818675247,2.0556748530602107,1.2075107319406573,0.2570585387963089,0.5597219382282486,0.0
real-commons,41219873.jpg,0,Commons (real),False,,,,,,,,,,,
real-commons,42895508.jpg,0,Commons (real),False,,,,,,,,,,,
real-commons,43766851.jpg,0,Commons (real),False,,,,,,,,,,,
real-commons,4384107.jpg,0,Commons (real),True,52.92647849236958,0.8115090465146566,0.6504974534197147,2.2437647052511887,0.2330111535687777,0.5631588462849247,27.819736673772447,16.168536965332937,16.998813793729404,1.9540619467321736,0.0
real-commons,45045216.jpg,0,Commons (real),True,9.431410605409516,1.0270698520243686,0.8422422960953706,3.313217712165936,0.4873793119167578,0.970359443925472,5.655934548369842,4.309156271590712,0.1976764423292738,0.42637880538354,0.25
real-commons,45430044.jpg,0,Commons (real),True,595.567695632666,0.7790956961239187,0.6046689809234872,2.327277797127492,0.2857872286231949,0.5249121330440837,35.39415720101354,22.760886971227816,77.61522413060058,,0.5
real-commons,49011545.jpg,0,Commons (real),False,,,,,,,,,,,
real-commons,49165496.jpg,0,Commons (real),False,,,,,,,,,,,
real-commons,4968273.jpg,0,Commons (real),True,449.27593990801313,1.0226508210830565,0.8585056469857772,1.78176630603121,0.2394859939635696,0.3724592440597016,2.200483334481774,1.3303617961720913,0.4378133414384516,,0.75
real-commons,50650969.jpg,0,Commons (real),False,,,,,,,,,,,
real-commons,50982087.jpg,0,Commons (real),False,,,,,,,,,,,
real-commons,52522673.jpg,0,Commons (real),False,,,,,,,,,,,
real-commons,53166458.jpg,0,Commons (real),False,,,,,,,,,,,
real-commons,53247790.jpg,0,Commons (real),False,,,,,,,,,,,
real-commons,53573612.jpg,0,Commons (real),False,,,,,,,,,,,
real-commons,54398721.jpg,0,Commons (real),True,343.6542802622885,0.727615768561143,0.5373374529760263,1.7007999352561791,0.2181575693211055,0.4220482537264172,4.589954270143224,2.9497514137973027,0.3464846135538996,,1.0
real-commons,57603006.jpg,0,Commons (real),True,,0.8265434357243274,0.6354150405614262,1.6977273863048177,0.2329929433152784,0.7092801083835539,1.0944624538164192,0.8092267667777003,0.0112458996689581,,
real-commons,61534267.jpg,0,Commons (real),True,6.065199684169833,0.7976941701492971,0.6286332475466583,1.5343392987394031,0.1750212097070516,0.7654214750502366,75.66780836435565,44.012577765367766,58.70455481379035,,0.6666666666666666
real-commons,64139390.jpg,0,Commons (real),False,,,,,,,,,,,
real-commons,65433162.jpg,0,Commons (real),False,,,,,,,,,,,
real-commons,68593562.jpg,0,Commons (real),False,,,,,,,,,,,
real-commons,69735323.jpg,0,Commons (real),False,,,,,,,,,,,
real-commons,72728269.jpg,0,Commons (real),False,,,,,,,,,,,
real-commons,72853301.jpg,0,Commons (real),False,,,,,,,,,,,
real-commons,73054791.jpg,0,Commons (real),False,,,,,,,,,,,
real-commons,73615995.jpg,0,Commons (real),False,,,,,,,,,,,
real-commons,7419946.jpg,0,Commons (real),False,,,,,,,,,,,
real-commons,75011665.jpg,0,Commons (real),False,,,,,,,,,,,
real-commons,77569557.jpg,0,Commons (real),True,55.021168888797554,0.8832984497809634,0.696119133270909,2.728666748061614,0.3089108805750473,0.7630525095966575,17.471261181977255,10.224112930643628,4.829241586892008,0.9063054326781232,0.3333333333333333
real-commons,78769543.jpg,0,Commons (real),False,,,,,,,,,,,
real-commons,79085935.jpg,0,Commons (real),True,6.999944908479969,0.8673697277338255,0.6873157648850887,1.7087387399598863,0.2040967223241317,0.5356264588821342,0.8018025134046098,0.4843454649572458,0.0404950679579528,0.0695562270567284,0.0
real-commons,79594594.jpg,0,Commons (real),False,,,,,,,,,,,
real-commons,79594598.jpg,0,Commons (real),False,,,,,,,,,,,
real-commons,80252921.jpg,0,Commons (real),False,,,,,,,,,,,
real-commons,82516459.jpg,0,Commons (real),True,37.86609749711662,0.861884478253426,0.6838142769786001,2.321028575609702,0.2956011080297777,0.7279304452699267,0.9415039972489296,0.7321722783794201,0.0512769355693224,0.0139422461902292,0.3333333333333333
real-commons,84250807.jpg,0,Commons (real),False,,,,,,,,,,,
real-commons,84742407.jpg,0,Commons (real),True,16.678953988678906,0.8853224970461372,0.7312952577772699,2.4336192043218614,0.2656559136819038,0.925265984591602,78.6571494053962,45.415286833542616,0.5097117845367305,0.1248925178129187,0.3333333333333333
real-commons,86761378.jpg,0,Commons (real),False,,,,,,,,,,,
real-commons,86879200.jpg,0,Commons (real),False,,,,,,,,,,,
real-commons,87190846.jpg,0,Commons (real),False,,,,,,,,,,,
real-commons,88114953.jpg,0,Commons (real),False,,,,,,,,,,,
real-commons,8879069.jpg,0,Commons (real),False,,,,,,,,,,,
real-commons,88884420.jpg,0,Commons (real),False,,,,,,,,,,,
real-commons,8913717.jpg,0,Commons (real),False,,,,,,,,,,,
real-commons,89454440.jpg,0,Commons (real),True,11.877320130762572,0.8957689219128901,0.7145053171978906,2.5004142553365067,0.2802369607808609,0.4543064853205227,1.201453325720138,0.9019643476331018,0.1201465402592383,1.1578538995740573,0.0
real-commons,90907782.jpg,0,Commons (real),True,10.751214301831263,0.9237775975121882,0.7635095066258634,1.8404236474735112,0.2160566108887062,0.5738078780360059,2.0083455628868734,1.2885205564852396,0.0826531845589269,0.0676852833245602,0.0
real-commons,91065334.jpg,0,Commons (real),True,64.062457928286,0.7047185250255824,0.5387184653304153,0.919671701970373,0.0944613021392505,0.5743802341515127,14.41833731636521,8.360300549774948,8.437935991585986,2.158863446477021,0.0
real-commons,91259245.jpg,0,Commons (real),False,,,,,,,,,,,
real-commons,92409324.jpg,0,Commons (real),True,1664.691470991861,0.7956114722874276,0.5727445558960952,1.6425600927533628,0.2273684668663845,0.5496382116205666,2.9050977644253493,2.1757733182994223,0.906586527048263,0.0595089636666319,0.0
real-commons,95371447.jpg,0,Commons (real),False,,,,,,,,,,,
real-commons,97254476.jpg,0,Commons (real),False,,,,,,,,,,,
real-commons,98874670.jpg,0,Commons (real),True,10.316065804507176,1.013248018744209,0.8547435680493358,2.5128107915206748,0.3192734605268764,0.7253417438593017,2.543897614565651,1.6917742174364108,0.0827710706857529,0.1320611076568676,0.3333333333333333
real-commons,9959768.jpg,0,Commons (real),False,,,,,,,,,,,
real-commons,99938888.jpg,0,Commons (real),True,16.738064990712093,0.960426584989593,0.7875661600959897,2.08008311284456,0.2642291399941664,0.7169637778799001,0.8908676083815834,0.6222210529021568,0.029132352871898,0.0682414087397287,0.0
sd15_rich,sd15_0000.png,1,SD 1.5,False,,,,,,,,,,,
sd15_rich,sd15_0001.png,1,SD 1.5,False,,,,,,,,,,,
sd15_rich,sd15_0002.png,1,SD 1.5,False,,,,,,,,,,,
sd15_rich,sd15_0003.png,1,SD 1.5,True,453.9034781520872,0.9682379069654702,0.7840695029358068,2.1999929951343056,0.3289565251662747,0.6208118367099853,4.466509819143752,3.123924654693504,1.698924308671232,2.32205245315755,0.5
sd15_rich,sd15_0004.png,1,SD 1.5,False,,,,,,,,,,,
sd15_rich,sd15_0005.png,1,SD 1.5,False,,,,,,,,,,,
sd15_rich,sd15_0006.png,1,SD 1.5,True,92.49081617600262,0.8752143253017106,0.7064471566895841,2.2970777950165937,0.3373294913550191,0.6748442688559416,3.917456617088476,2.5518371984598187,4.236433747562356,1.2643786293923442,0.5
sd15_rich,sd15_0007.png,1,SD 1.5,False,,,,,,,,,,,
sd15_rich,sd15_0008.png,1,SD 1.5,False,,,,,,,,,,,
sd15_rich,sd15_0009.png,1,SD 1.5,False,,,,,,,,,,,
sd15_rich,sd15_0010.png,1,SD 1.5,False,,,,,,,,,,,
sd15_rich,sd15_0011.png,1,SD 1.5,False,,,,,,,,,,,
sd15_rich,sd15_0012.png,1,SD 1.5,True,13.180095936622482,0.8149785422691644,0.6462209571063837,0.9253919140681152,0.0903407201695999,0.364760756887455,14.738459827093152,11.463031982271264,5.534643628513249,,0.5
sd15_rich,sd15_0013.png,1,SD 1.5,True,37.95759246172168,0.9380491874524692,0.7789908375664932,1.5793379625949242,0.2165817239540154,0.4597885949892657,2.658659836003423,1.74192548780899,0.2112169736834915,,0.5
sd15_rich,sd15_0014.png,1,SD 1.5,False,,,,,,,,,,,
sd15_rich,sd15_0015.png,1,SD 1.5,True,355.0073992685073,0.8572111860729305,0.6835086053898717,1.3837368043607428,0.1802467759742556,0.523916888936239,1.3765029705613046,1.0295041335311548,5.307089660105443,2.1594321303127018,0.3333333333333333
sd15_rich,sd15_0016.png,1,SD 1.5,True,13.579373307744582,0.9555896808313242,0.7958996650142862,2.6198474625113963,0.3286266330693997,0.8249751318798112,16.48628839473787,14.938806083119797,3.2666521342102697,0.4231757885245262,0.5
sd15_rich,sd15_0017.png,1,SD 1.5,False,,,,,,,,,,,
sd15_rich,sd15_0018.png,1,SD 1.5,True,42.57752828694992,1.0000174005075186,0.8342559073084004,1.6966881856656637,0.2493884701841329,0.5579424346839731,7.152840650355245,5.3040754907091525,0.0906244066125822,0.5691862876024807,0.0
sd15_rich,sd15_0019.png,1,SD 1.5,False,,,,,,,,,,,
sd15_rich,sd15_0020.png,1,SD 1.5,False,,,,,,,,,,,
sd15_rich,sd15_0021.png,1,SD 1.5,True,117.10115120761502,0.923373938137702,0.7604750581877241,2.496687936968341,0.3168134505994775,0.2643625992377698,2.2942504685266982,1.6306747561623514,0.0815294111990386,0.99615262729934,0.0
sd15_rich,sd15_0022.png,1,SD 1.5,False,,,,,,,,,,,
sd15_rich,sd15_0023.png,1,SD 1.5,False,,,,,,,,,,,
sd15_rich,sd15_0024.png,1,SD 1.5,False,,,,,,,,,,,
sd15_rich,sd15_0025.png,1,SD 1.5,False,,,,,,,,,,,
sd15_rich,sd15_0026.png,1,SD 1.5,False,,,,,,,,,,,
sd15_rich,sd15_0027.png,1,SD 1.5,True,249.5286041776488,0.7933669869731856,0.590164045274692,0.956547205573468,0.1247883678686907,0.3843603125811775,2.8085510946087453,1.7457752654769854,1.1895836180869368,,1.0
sd15_rich,sd15_0028.png,1,SD 1.5,True,86.62894467869562,0.9627997564856532,0.7868681182381271,1.4945233059512226,0.2026248680350742,0.5269676069250268,8.677930449853235,5.761887575980495,0.9631347402317754,0.0959943649091616,0.0
sd15_rich,sd15_0029.png,1,SD 1.5,False,,,,,,,,,,,
sd15_rich,sd15_0030.png,1,SD 1.5,False,,,,,,,,,,,
sd15_rich,sd15_0031.png,1,SD 1.5,True,509.26215492489945,0.850160431352127,0.6561783106595637,1.1569187057849168,0.151182605212851,0.9551046254936674,0.7211523271156466,0.4664460760881287,2.852279462180854,,0.6666666666666666
sd15_rich,sd15_0032.png,1,SD 1.5,False,,,,,,,,,,,
sd15_rich,sd15_0033.png,1,SD 1.5,True,338.27275476990565,0.883010702500982,0.7284897147397784,2.670544415280082,0.3156388220662426,0.6724348642118311,0.978390128853178,0.564900705483221,3.5822614070993937,0.1499176262297572,0.3333333333333333
sd15_rich,sd15_0034.png,1,SD 1.5,False,,,,,,,,,,,
sd15_rich,sd15_0035.png,1,SD 1.5,True,124.37210626456417,0.829706358370729,0.6648741116240308,1.5936170561823293,0.218567832446986,0.6254122687165536,0.9463897530786198,0.5518535878660206,0.4416107087752948,1.1420655816533314,0.3333333333333333
sd15_rich,sd15_0036.png,1,SD 1.5,False,,,,,,,,,,,
sd15_rich,sd15_0037.png,1,SD 1.5,True,29080.79984404594,0.9398811334592608,0.7768118834260413,2.30295038268662,0.2916715623787764,0.4632992110145714,3.282956022356217,1.985254089099659,15.267653623569908,,
sd15_rich,sd15_0038.png,1,SD 1.5,False,,,,,,,,,,,
sd15_rich,sd15_0039.png,1,SD 1.5,False,,,,,,,,,,,
sd15_rich,sd15_0040.png,1,SD 1.5,False,,,,,,,,,,,
sd15_rich,sd15_0041.png,1,SD 1.5,True,37.184933801338666,0.9563112670985472,0.8147474501360596,2.8605663147201232,0.3649238822884987,0.5193820636647363,49.357598401127184,32.980920409996955,58.86353081703909,0.7230657417745849,0.0
sd15_rich,sd15_0042.png,1,SD 1.5,False,,,,,,,,,,,
sd15_rich,sd15_0043.png,1,SD 1.5,True,72.0759898297391,0.7998843749279081,0.6353283406377199,0.9259982112629964,0.1371757038524748,0.5953133158786114,3.7187573184712335,2.8010158883514804,2.317708489033589,,0.5
sd15_rich,sd15_0044.png,1,SD 1.5,False,,,,,,,,,,,
sd15_rich,sd15_0045.png,1,SD 1.5,True,26.046656546030444,0.9797170376706972,0.8041730510236557,1.913648450917829,0.3015398770288776,0.4397526621501041,3.0207582166491704,2.3447320769042124,0.2108628541617179,0.3547765674782726,0.0
sd15_rich,sd15_0046.png,1,SD 1.5,False,,,,,,,,,,,
sd15_rich,sd15_0047.png,1,SD 1.5,True,105.93091926664816,0.9003413306287592,0.7186601424099974,1.1716517756849072,0.1519980516028055,0.9261185377194798,4.467549714197318,2.886348615654358,0.6027754298371455,,0.5
sd15_rich,sd15_0048.png,1,SD 1.5,False,,,,,,,,,,,
sd15_rich,sd15_0049.png,1,SD 1.5,True,14.238746204141902,0.9062179420652944,0.7364693006407523,1.972466580339875,0.2396095110573148,0.4560116205826697,5.546094000904887,4.14797761710163,0.1589765994284514,0.411314952057527,0.0
sd15_rich,sd15_0050.png,1,SD 1.5,True,13.801273902781162,1.077709599457375,0.8933369597021878,2.1508386205267613,0.2781781487643462,0.5091403545927183,0.7110886460737333,0.474715904940848,0.1062375252090246,0.2516484597860522,0.0
sd15_rich,sd15_0051.png,1,SD 1.5,True,1132.369430145994,1.008754932791285,0.8270446610461335,2.006864011388899,0.3283176921985408,0.7100199819090343,3.3758094039429807,2.2878837247927017,2.870529335526227,1.6006671492777222,0.25
sd15_rich,sd15_0052.png,1,SD 1.5,True,2040.1942323792136,0.8667454691149095,0.6803386335910685,1.670879997809279,0.243837463387623,0.8927315511016489,9.343040485712336,7.360510202945754,14.446755127443655,0.2336993602920127,0.0
sd15_rich,sd15_0053.png,1,SD 1.5,True,245.37299487781803,0.9195581903505168,0.7514703574994306,1.6010609025586675,0.2396129503221285,0.3432978358239686,2.350793812241534,1.4136809761843652,2.7114408399315333,,0.6666666666666666
sd15_rich,sd15_0054.png,1,SD 1.5,True,138.97755815455082,0.977742317361146,0.8231379521725352,1.64107661179068,0.2325697450565153,0.6527824606933419,1.412988619850708,0.9301495846929324,0.2554181017265239,0.0942048246417002,0.0
sd15_rich,sd15_0055.png,1,SD 1.5,False,,,,,,,,,,,
sd15_rich,sd15_0056.png,1,SD 1.5,False,,,,,,,,,,,
sd15_rich,sd15_0057.png,1,SD 1.5,False,,,,,,,,,,,
sd15_rich,sd15_0058.png,1,SD 1.5,False,,,,,,,,,,,
sd15_rich,sd15_0059.png,1,SD 1.5,False,,,,,,,,,,,
sd15_rich,sd15_0060.png,1,SD 1.5,True,21.89322898729781,0.9899135187934476,0.8244846342877871,2.0346743499904343,0.3146301166153439,0.6865067142777375,2.9392990698743238,2.1828500534786164,0.1097439587006211,0.3170669207923327,0.25
sd15_rich,sd15_0061.png,1,SD 1.5,False,,,,,,,,,,,
sd15_rich,sd15_0062.png,1,SD 1.5,True,3.4354198043549578,0.9588552048596376,0.7972936843407911,1.704697258829877,0.2571627749872098,0.4391559994463652,76.11225221795408,44.05516843110095,2.449524892860317,0.224533082670737,0.5
sd15_rich,sd15_0063.png,1,SD 1.5,True,209.5590999716918,0.8694692879667435,0.6558797584396052,1.1442342927226123,0.1317327597833182,0.6116310473618727,0.611469585429262,0.4451958442388004,0.2982133945721478,,1.0
sd15_rich,sd15_0064.png,1,SD 1.5,False,,,,,,,,,,,
sd15_rich,sd15_0065.png,1,SD 1.5,True,277055.93643882626,0.8381045167511451,0.6436240095730558,0.9609575877830004,0.1063008548733135,0.4987127203536583,1.4962161591545424,1.030129363003857,499.79569253037,,
sd15_rich,sd15_0066.png,1,SD 1.5,True,42.0149636881753,0.920639846410624,0.7383929740163229,1.480521541441356,0.2011034354253141,0.4760957732802686,1.9127709321380733,1.254921638743297,0.3318378432749401,,1.0
sd15_rich,sd15_0067.png,1,SD 1.5,True,278.35138532458075,0.9252634144395908,0.7552667677174068,1.2256311899567465,0.1704586705294791,0.4194777090893576,0.7484184827675193,0.4890970613926902,1.3263331698258412,,0.6666666666666666
sd15_rich,sd15_0068.png,1,SD 1.5,False,,,,,,,,,,,
sd15_rich,sd15_0069.png,1,SD 1.5,False,,,,,,,,,,,
sd15_rich,sd15_0070.png,1,SD 1.5,False,,,,,,,,,,,
sd15_rich,sd15_0071.png,1,SD 1.5,False,,,,,,,,,,,
sd15_rich,sd15_0072.png,1,SD 1.5,False,,,,,,,,,,,
sd15_rich,sd15_0073.png,1,SD 1.5,False,,,,,,,,,,,
sd15_rich,sd15_0074.png,1,SD 1.5,True,10.970782067073872,0.9853171302048214,0.8041003671592794,1.717606279955607,0.2398334391100261,0.7913791742299097,9.324738742284993,7.428397187712456,0.7696368528712003,0.5871372668031842,0.5
sd15_rich,sd15_0075.png,1,SD 1.5,True,153.84535807706544,0.8007600873988379,0.6140931682845993,0.8929454066993459,0.1235112080972059,0.4506580380071522,2.7959995703411096,1.7134437300008765,2.1234530809765064,0.424491910061489,0.0
sd15_rich,sd15_0076.png,1,SD 1.5,True,42.14733368617279,0.8833709413464277,0.7030739992849288,1.2320872033924428,0.1750495494614776,0.3492037173191992,1.4035644880101472,1.0907183868343588,0.3988291706029976,,0.6666666666666666
sd15_rich,sd15_0077.png,1,SD 1.5,True,9.903655101230411,0.9699012416137552,0.80339417536313,1.827147475366751,0.2995221651927207,0.592329208351819,1.5723624884209215,1.0520206757008972,0.0192322748510734,1.0852494002383466,0.25
sd15_rich,sd15_0078.png,1,SD 1.5,False,,,,,,,,,,,
sd15_rich,sd15_0079.png,1,SD 1.5,True,113.3890914540739,0.870967685064947,0.669763596501353,1.4556414368882238,0.2294135830029392,0.4305348737150042,10.078979224781577,8.024548379120926,0.5975936961275498,0.1606173424666028,0.0
sd15_rich,sd15_0080.png,1,SD 1.5,False,,,,,,,,,,,
sd15_rich,sd15_0081.png,1,SD 1.5,False,,,,,,,,,,,
sd15_rich,sd15_0082.png,1,SD 1.5,False,,,,,,,,,,,
sd15_rich,sd15_0083.png,1,SD 1.5,False,,,,,,,,,,,
sd15_rich,sd15_0084.png,1,SD 1.5,False,,,,,,,,,,,
sd15_rich,sd15_0085.png,1,SD 1.5,True,38734.4931385113,0.8848673364869288,0.684040573700379,1.0723252500633758,0.1626646907040615,0.2325896304960289,2.7161391134953305,1.7430916425020366,2.1920866821972127,,
sd15_rich,sd15_0086.png,1,SD 1.5,False,,,,,,,,,,,
sd15_rich,sd15_0087.png,1,SD 1.5,False,,,,,,,,,,,
sd15_rich,sd15_0088.png,1,SD 1.5,False,,,,,,,,,,,
sd15_rich,sd15_0089.png,1,SD 1.5,False,,,,,,,,,,,
sd15_rich,sd15_0090.png,1,SD 1.5,False,,,,,,,,,,,
sd15_rich,sd15_0091.png,1,SD 1.5,False,,,,,,,,,,,
sd15_rich,sd15_0092.png,1,SD 1.5,False,,,,,,,,,,,
sd15_rich,sd15_0093.png,1,SD 1.5,True,29.402769503296827,0.9434624494687583,0.778379548198144,2.0370031763030667,0.2733831265805916,0.4419077903004378,1.2161665960776276,0.7048891568485336,0.2007354955773149,0.8466273826307598,0.25
sd15_rich,sd15_0094.png,1,SD 1.5,False,,,,,,,,,,,
sd15_rich,sd15_0095.png,1,SD 1.5,False,,,,,,,,,,,
sd15_rich,sd15_0096.png,1,SD 1.5,False,,,,,,,,,,,
sd15_rich,sd15_0097.png,1,SD 1.5,True,33.43017075279779,1.0242447988210903,0.8554150707828186,2.5433486182424496,0.3588585286436354,0.2484363291482426,34.83786770295692,30.124830050069253,15.60472341205232,0.6872109758029099,0.25
sd15_rich,sd15_0098.png,1,SD 1.5,False,,,,,,,,,,,
sd15_rich,sd15_0099.png,1,SD 1.5,False,,,,,,,,,,,
sd15_rich,sd15_0100.png,1,SD 1.5,False,,,,,,,,,,,
sd15_rich,sd15_0101.png,1,SD 1.5,True,1036.542595230002,0.9393244193668912,0.7677016967294301,2.5523189860606026,0.3323500356801174,0.3103320524668132,0.3281798388602794,0.2220334802091564,1.352377834517175,2.257659831707695,0.0
sd15_rich,sd15_0102.png,1,SD 1.5,False,,,,,,,,,,,
sd15_rich,sd15_0103.png,1,SD 1.5,False,,,,,,,,,,,
sd15_rich,sd15_0104.png,1,SD 1.5,False,,,,,,,,,,,
sd15_rich,sd15_0105.png,1,SD 1.5,False,,,,,,,,,,,
sd15_rich,sd15_0106.png,1,SD 1.5,False,,,,,,,,,,,
sd15_rich,sd15_0107.png,1,SD 1.5,True,71.15623371983371,0.9611455473557058,0.7863063755773136,3.4186386386269287,0.4007686496987948,0.6678086132690461,5.358055357728475,4.292745890855177,1.722698624805075,0.1185394819288161,0.3333333333333333
sd15_rich,sd15_0108.png,1,SD 1.5,False,,,,,,,,,,,
sd15_rich,sd15_0109.png,1,SD 1.5,True,35.4609362170274,0.9532350313927332,0.7783274983925845,1.6913013678925506,0.2552566496417045,0.4734449533391637,1.6064877881233457,1.189633795087649,0.1116855649419282,1.4063321150115948,0.0
sd15_rich,sd15_0110.png,1,SD 1.5,False,,,,,,,,,,,
sd15_rich,sd15_0111.png,1,SD 1.5,False,,,,,,,,,,,
sd15_rich,sd15_0112.png,1,SD 1.5,False,,,,,,,,,,,
sd15_rich,sd15_0113.png,1,SD 1.5,False,,,,,,,,,,,
sd15_rich,sd15_0114.png,1,SD 1.5,False,,,,,,,,,,,
sd15_rich,sd15_0115.png,1,SD 1.5,False,,,,,,,,,,,
sd15_rich,sd15_0116.png,1,SD 1.5,False,,,,,,,,,,,
sd15_rich,sd15_0117.png,1,SD 1.5,True,66.2396728918019,0.9780654938563186,0.8107365160934036,2.3370320637005326,0.3329377347500148,0.3480265607777174,6.034747129053727,4.286583192727471,0.5277851167031807,0.8093724409911589,0.0
sd15_rich,sd15_0118.png,1,SD 1.5,False,,,,,,,,,,,
sd15_rich,sd15_0119.png,1,SD 1.5,False,,,,,,,,,,,
sd15_rich,sd15_0120.png,1,SD 1.5,False,,,,,,,,,,,
sd15_rich,sd15_0121.png,1,SD 1.5,False,,,,,,,,,,,
sd15_rich,sd15_0122.png,1,SD 1.5,False,,,,,,,,,,,
sd15_rich,sd15_0123.png,1,SD 1.5,True,533.0879416467646,0.7686556235505708,0.5950418445534865,0.702807687852303,0.0494977798431773,0.664561480496008,2.800742696397876,1.863819342683424,0.9897527179210244,,0.5
sd15_rich,sd15_0124.png,1,SD 1.5,False,,,,,,,,,,,
sd15_rich,sd15_0125.png,1,SD 1.5,True,44.06989787113245,0.917709834018942,0.7318281078922183,1.7011200433533695,0.2555292369950988,0.4453156230389452,3.200475482616028,2.3184217761291537,0.4023296876556724,,1.0
sd15_rich,sd15_0126.png,1,SD 1.5,True,38.888256056543504,0.8821484816373142,0.7052627929620238,1.4571480652858964,0.2079651862246982,0.5862058647268664,5.263808304927636,3.073415476609964,2.2033524414938954,0.585433301265744,0.0
sd15_rich,sd15_0127.png,1,SD 1.5,True,873.4583261554906,0.8324924094189196,0.6644275986673013,0.8311520117654729,0.0996675043988835,0.7794938934732515,1.334703349076861,0.771945411033289,1.8196532353293136,,1.0
sd15_rich,sd15_0128.png,1,SD 1.5,False,,,,,,,,,,,
sd15_rich,sd15_0129.png,1,SD 1.5,False,,,,,,,,,,,
sd15_rich,sd15_0130.png,1,SD 1.5,True,13.344448148945371,0.868634856914541,0.7217241169167549,1.8364715782272836,0.2392666295234947,0.6370322561577862,6.140317117539524,3.8067157206677504,0.2034821909716634,0.2353651179542844,0.0
sd15_rich,sd15_0131.png,1,SD 1.5,True,76.12629756091661,0.896797252287181,0.7282297247013717,1.4359333632253042,0.2041347753295803,0.6616997028545016,6.306555678105099,3.693498639130501,0.5639837216772267,,1.0
sd15_rich,sd15_0132.png,1,SD 1.5,False,,,,,,,,,,,
sd15_rich,sd15_0133.png,1,SD 1.5,True,277.6254282838455,0.9722626205182708,0.797658401067348,2.4566236951813005,0.3036410217266856,0.6238103422639653,1.5460740420919734,0.9251460520725246,2.975668133140674,0.328246437071809,0.3333333333333333
sd15_rich,sd15_0134.png,1,SD 1.5,False,,,,,,,,,,,
sd15_rich,sd15_0135.png,1,SD 1.5,True,95.73675320285372,0.7775463746462269,0.6012450304096084,1.0972671383206258,0.0950742563293869,0.7930619646343334,29.81388475360928,22.823345177598508,24.69362481013789,1.806851867842222,0.3333333333333333
sd15_rich,sd15_0136.png,1,SD 1.5,False,,,,,,,,,,,
sd15_rich,sd15_0137.png,1,SD 1.5,False,,,,,,,,,,,
sd15_rich,sd15_0138.png,1,SD 1.5,False,,,,,,,,,,,
sd15_rich,sd15_0139.png,1,SD 1.5,True,227.08705538956,0.6042225911542827,0.4089776955806393,1.513200514289046,0.1523964288357717,0.9921430419193158,4.647817117311803,3.257028463390312,3.5588696048951225,,0.5
sd15_rich,sd15_0140.png,1,SD 1.5,False,,,,,,,,,,,
sd15_rich,sd15_0141.png,1,SD 1.5,True,50.93580234442782,0.9886200693244116,0.828447196977181,2.018904941832114,0.3418789074934543,0.6162594287836087,2.2607507539837,1.733480286817301,0.8270756953252532,,0.75
sd15_rich,sd15_0142.png,1,SD 1.5,False,,,,,,,,,,,
sd15_rich,sd15_0143.png,1,SD 1.5,True,48.89443180358703,0.8820122586192852,0.7158243019770812,1.8247108179077929,0.2574682174559093,0.5251004218447963,1.5776463308998672,0.9947178997986592,0.462557805793545,,0.6666666666666666
sd15_rich,sd15_0144.png,1,SD 1.5,False,,,,,,,,,,,
sd15_rich,sd15_0145.png,1,SD 1.5,True,150.91740101476125,0.9103976449186508,0.755032320076941,0.9191536923554704,0.0600409923052718,0.5396788415393495,0.9505679300097114,0.7055643002387385,1.194850524666803,0.2375392550011046,0.0
sd15_rich,sd15_0146.png,1,SD 1.5,False,,,,,,,,,,,
sd15_rich,sd15_0147.png,1,SD 1.5,True,37.4429260731963,0.887383719398495,0.7001378195544081,1.7424301237264022,0.2515581452306678,0.4094574850146223,2.045001365976546,1.1839114386287122,0.0558323485783872,,0.6666666666666666
sd15_rich,sd15_0148.png,1,SD 1.5,False,,,,,,,,,,,
sd15_rich,sd15_0149.png,1,SD 1.5,True,138.7127987441071,0.9227059290434052,0.7540013260584232,1.788546140260268,0.2637106679638055,0.393611348911471,2.129691063338285,1.636502776606043,0.0548100321388449,0.0126799689439254,0.0
sd15_rich,sd15_0150.png,1,SD 1.5,False,,,,,,,,,,,
sd15_rich,sd15_0151.png,1,SD 1.5,False,,,,,,,,,,,
sd15_rich,sd15_0152.png,1,SD 1.5,False,,,,,,,,,,,
sd15_rich,sd15_0153.png,1,SD 1.5,False,,,,,,,,,,,
sd15_rich,sd15_0154.png,1,SD 1.5,False,,,,,,,,,,,
sd15_rich,sd15_0155.png,1,SD 1.5,False,,,,,,,,,,,
sd15_rich,sd15_0156.png,1,SD 1.5,False,,,,,,,,,,,
sd15_rich,sd15_0157.png,1,SD 1.5,True,75.89375733339719,0.9676924097529374,0.7741140442056388,1.7071724459252966,0.2757331476874896,0.5187333485507637,2.2056106046509427,1.514252575118662,0.4049139487666416,2.712878636528157,0.0
sd15_rich,sd15_0158.png,1,SD 1.5,False,,,,,,,,,,,
sd15_rich,sd15_0159.png,1,SD 1.5,False,,,,,,,,,,,
sd15_rich,sd15_0160.png,1,SD 1.5,False,,,,,,,,,,,
sd15_rich,sd15_0161.png,1,SD 1.5,False,,,,,,,,,,,
sd15_rich,sd15_0162.png,1,SD 1.5,False,,,,,,,,,,,
sd15_rich,sd15_0163.png,1,SD 1.5,True,32.64502468930653,0.8745763059314164,0.6881600783667744,1.7042255125713166,0.2477685722218333,0.5159924333644995,5.925919113406934,3.933822358756476,0.3240542107637704,,1.0
sd15_rich,sd15_0164.png,1,SD 1.5,False,,,,,,,,,,,
sd15_rich,sd15_0165.png,1,SD 1.5,True,916.615326634882,0.9085726791716427,0.7049811564733018,1.2471033938233451,0.1973293829330071,0.3814538788308583,2.746647044148545,1.9411587698018804,0.2332609767575172,,1.0
sd15_rich,sd15_0166.png,1,SD 1.5,False,,,,,,,,,,,
sd15_rich,sd15_0167.png,1,SD 1.5,False,,,,,,,,,,,
sd15_rich,sd15_0168.png,1,SD 1.5,False,,,,,,,,,,,
sd15_rich,sd15_0169.png,1,SD 1.5,False,,,,,,,,,,,
sd15_rich,sd15_0170.png,1,SD 1.5,False,,,,,,,,,,,
sd15_rich,sd15_0171.png,1,SD 1.5,True,47.044907262081296,0.7759106817191742,0.6039314989156728,0.7599737997455448,0.0692891823083457,0.5515324751283683,0.8249863619160891,0.4914108109906721,0.3110737804407718,0.3272673992647865,0.0
sd15_rich,sd15_0172.png,1,SD 1.5,True,38706.30473122362,0.9542198736959732,0.7757226357921968,1.7748555693360668,0.2484428253415963,0.2235827354886358,1.3108559290013346,0.798787116103332,105.61064214209038,,
sd15_rich,sd15_0173.png,1,SD 1.5,True,,1.000072110777957,0.8371929666391376,2.0679745045829634,0.2633829929128504,0.3145734866401089,71.39529047257356,41.70341088956832,2.9434800059142545,,
sd15_rich,sd15_0174.png,1,SD 1.5,False,,,,,,,,,,,
sd15_rich,sd15_0175.png,1,SD 1.5,True,226.65786811802545,0.9159855687950684,0.7434217737595824,1.2461188679005772,0.1783256148941359,0.2979476693730529,6.579487840167957,4.116242645161231,0.8627519347324091,,1.0
sd15_rich,sd15_0176.png,1,SD 1.5,False,,,,,,,,,,,
sd15_rich,sd15_0177.png,1,SD 1.5,True,54.82354185850496,0.8542560196660761,0.6918120677949392,0.8068533535514913,0.0545187483045261,0.4047167248334562,3.9462801359780286,2.4010449476078715,0.1335113774517812,0.1016423123506831,0.0
sd15_rich,sd15_0178.png,1,SD 1.5,True,118.1511939243208,0.9497664347699984,0.782093559561338,3.0126083589157693,0.4056487052824258,0.4626678686893468,47.89916199542261,29.773301950597546,28.370128436511514,1.1938120617787105,0.0
sd15_rich,sd15_0179.png,1,SD 1.5,True,406.763527196884,0.9089234292985636,0.7146836707285779,1.650623525676004,0.246125483646534,0.6489982645533456,2.127158633192323,1.2421780678195125,8.769709637413092,1.120126363331484,0.5
sd15_rich,sd15_0180.png,1,SD 1.5,False,,,,,,,,,,,
sd15_rich,sd15_0181.png,1,SD 1.5,True,168.28271667497498,0.9445180138452646,0.7671063296082279,1.3129059358303148,0.1902144310804158,0.3989368678179226,2.713776133958291,2.044237352269977,0.2766269432650465,,1.0
sd15_rich,sd15_0182.png,1,SD 1.5,True,163.8653584720279,0.8703482116263537,0.6972391921207457,1.5847605148448545,0.2406288589365824,0.6221236764955038,4.430145997185306,3.628447697501796,8.333288955148587,0.7091149626072468,0.3333333333333333
sd15_rich,sd15_0183.png,1,SD 1.5,False,,,,,,,,,,,
sd15_rich,sd15_0184.png,1,SD 1.5,False,,,,,,,,,,,
sd15_rich,sd15_0185.png,1,SD 1.5,False,,,,,,,,,,,
sd15_rich,sd15_0186.png,1,SD 1.5,False,,,,,,,,,,,
sd15_rich,sd15_0187.png,1,SD 1.5,False,,,,,,,,,,,
sd15_rich,sd15_0188.png,1,SD 1.5,True,61.754454807733374,0.9621521805374116,0.808093478833861,1.9506786252689368,0.2708570579269467,0.486622290672826,6.680396685777637,3.9390520674421072,1.4402276689899771,,1.0
sd15_rich,sd15_0189.png,1,SD 1.5,True,56.46015841091727,1.0309752839166844,0.8707018188658371,2.048720791034013,0.3441775207346932,0.4281201056625051,2.7200543205776317,1.80264931084014,0.5163335742784401,0.7369887482028847,0.0
sd15_rich,sd15_0190.png,1,SD 1.5,False,,,,,,,,,,,
sd15_rich,sd15_0191.png,1,SD 1.5,True,78.54167670626423,0.9180194370419514,0.7455507275042995,1.2368003060336443,0.1779142179330954,0.7189632450778078,1.9262112900299115,1.3010959062125047,0.0833301604160217,,1.0
sd15_rich,sd15_0192.png,1,SD 1.5,False,,,,,,,,,,,
sd15_rich,sd15_0193.png,1,SD 1.5,False,,,,,,,,,,,
sd15_rich,sd15_0194.png,1,SD 1.5,True,12.815261315648623,0.9730014030146272,0.8242832331449317,2.160784355172992,0.3601752621268924,0.3733411990502659,4.875081860062082,3.5917807058424804,0.1003466052181742,0.9551456114889172,0.0
sd15_rich,sd15_0195.png,1,SD 1.5,False,,,,,,,,,,,
sd15_rich,sd15_0196.png,1,SD 1.5,False,,,,,,,,,,,
sd15_rich,sd15_0197.png,1,SD 1.5,True,7.977630079905411,0.9295803183380787,0.7567221694876926,1.1872757074022315,0.1713933567357743,0.3508443581575075,4.044663036822982,2.6369325432194275,0.1775202484181731,,0.6666666666666666
sd15_rich,sd15_0198.png,1,SD 1.5,False,,,,,,,,,,,
sd15_rich,sd15_0199.png,1,SD 1.5,False,,,,,,,,,,,
sd15_rich,sd15_0200.png,1,SD 1.5,False,,,,,,,,,,,
sd15_rich,sd15_0201.png,1,SD 1.5,False,,,,,,,,,,,
sd15_rich,sd15_0202.png,1,SD 1.5,False,,,,,,,,,,,
sd15_rich,sd15_0203.png,1,SD 1.5,True,201.66960244288552,0.7666991881795803,0.5886881519283287,0.876404711684761,0.1098102887170523,0.7962332938101395,1.7878076981471054,1.393585587695524,1.2173631443090585,,0.5
sd15_rich,sd15_0204.png,1,SD 1.5,True,58.868118455573885,0.9347252895359892,0.7430274795532416,1.7080749655423972,0.2380629569955802,0.3986807714968219,4.337610449035012,2.6612306890375086,0.5502159760494855,,1.0
sd15_rich,sd15_0205.png,1,SD 1.5,False,,,,,,,,,,,
sd15_rich,sd15_0206.png,1,SD 1.5,True,104.71602353060196,0.9289698816610712,0.7247657876555929,1.172156458414235,0.1785104733846209,0.7860635951845804,4.881420974479113,3.405040308119038,2.6690348052428403,0.3244891917145125,0.0
sd15_rich,sd15_0207.png,1,SD 1.5,True,122.38791983805552,0.8874688874000225,0.719518763836694,1.996746542513216,0.2607632556120169,0.3618019865807312,1.7721964243381478,1.3862313460369653,0.9248431594607988,,0.5
sd15_rich,sd15_0208.png,1,SD 1.5,True,33.925382042294736,0.8774404207302214,0.695805159920614,1.6467674028185195,0.22224737536839,0.5446894436411616,2.85738675497376,1.86340828321325,0.1842051450780878,0.0329833111677029,0.3333333333333333
sd15_rich,sd15_0209.png,1,SD 1.5,False,,,,,,,,,,,
sd15_rich,sd15_0210.png,1,SD 1.5,True,340.07843409132875,1.0275737272753955,0.8746431641666834,1.8203440290228023,0.2570573970528046,0.8441305073048204,2.8068470833088384,2.155785935993842,2.792958384853575,,1.0
sd15_rich,sd15_0211.png,1,SD 1.5,False,,,,,,,,,,,
sd15_rich,sd15_0212.png,1,SD 1.5,False,,,,,,,,,,,
sd15_rich,sd15_0213.png,1,SD 1.5,True,90.29974392753432,0.9193285872813772,0.7265098186853087,1.381732743274648,0.2196680745966356,0.1741387662382072,5.841944958186602,4.627445679239481,0.7049828026739264,0.074109932737076,0.3333333333333333
sd15_rich,sd15_0214.png,1,SD 1.5,False,,,,,,,,,,,
sd15_rich,sd15_0215.png,1,SD 1.5,False,,,,,,,,,,,
sd15_rich,sd15_0216.png,1,SD 1.5,False,,,,,,,,,,,
sd15_rich,sd15_0217.png,1,SD 1.5,False,,,,,,,,,,,
sd15_rich,sd15_0218.png,1,SD 1.5,False,,,,,,,,,,,
sd15_rich,sd15_0219.png,1,SD 1.5,True,2011.442792597764,0.7544423460419742,0.5650830998663318,0.695222868543518,0.0917188527711775,0.8612057148537476,5.141319460639778,3.088897974328105,9.348562257408114,,0.5
sd15_rich,sd15_0220.png,1,SD 1.5,True,3.956797245718236,0.9183374441334684,0.7416214671001967,1.3374333426060725,0.1878518063540808,0.375338507156108,2.9115035091234205,2.5236609685855096,0.1180101082066611,0.3025747205366222,0.0
sd15_rich,sd15_0221.png,1,SD 1.5,True,58.83959998526979,0.9946449080273284,0.8366117211591789,1.760455170571481,0.2765547586722555,0.3870937518820224,2.796007880210496,1.7294714238498583,0.3337060089570457,0.4654176288509193,0.25
sd15_rich,sd15_0222.png,1,SD 1.5,False,,,,,,,,,,,
sd15_rich,sd15_0223.png,1,SD 1.5,True,51.54010879844336,1.0139699066125551,0.818456758847637,1.527467411172708,0.2225106371793347,0.3544643954533767,1.3506892112398816,1.012997963479282,0.0512351988967833,,0.75
sd15_rich,sd15_0224.png,1,SD 1.5,False,,,,,,,,,,,
sd15_rich,sd15_0225.png,1,SD 1.5,True,106.14660946406867,0.8798921843850354,0.7238218619379645,1.1740475787850382,0.1502016958843145,0.3163419693557093,5.0718367934667725,3.100372075208488,0.1198457702918987,0.0300038160312103,0.3333333333333333
sd15_rich,sd15_0226.png,1,SD 1.5,False,,,,,,,,,,,
sd15_rich,sd15_0227.png,1,SD 1.5,False,,,,,,,,,,,
sd15_rich,sd15_0228.png,1,SD 1.5,False,,,,,,,,,,,
sd15_rich,sd15_0229.png,1,SD 1.5,True,162.35689180696946,0.8971259496382338,0.7001641578181135,1.238577763862855,0.1862411755110146,0.3830064342842691,1.3543695675210046,1.0760742094765756,0.7654709181412784,,0.5
sd15_rich,sd15_0230.png,1,SD 1.5,False,,,,,,,,,,,
sd15_rich,sd15_0231.png,1,SD 1.5,False,,,,,,,,,,,
sd15_rich,sd15_0232.png,1,SD 1.5,False,,,,,,,,,,,
sd15_rich,sd15_0233.png,1,SD 1.5,False,,,,,,,,,,,
sd15_rich,sd15_0234.png,1,SD 1.5,False,,,,,,,,,,,
sd15_rich,sd15_0235.png,1,SD 1.5,False,,,,,,,,,,,
sd15_rich,sd15_0236.png,1,SD 1.5,False,,,,,,,,,,,
sd15_rich,sd15_0237.png,1,SD 1.5,True,33.49265545414185,0.8786183302161643,0.7179112950967715,1.86439453791406,0.223349672391924,0.8351458980016938,70.17985929650631,40.932520357751166,4.962283573533098,0.7560746866994181,0.5
sd15_rich,sd15_0238.png,1,SD 1.5,False,,,,,,,,,,,
sd15_rich,sd15_0239.png,1,SD 1.5,True,28.286773883589667,0.8186271372490763,0.6428771347979383,1.3781806167904582,0.2047334525599349,0.4454500790858839,1.139295877993817,0.8384390256802985,0.4230105156774608,0.4791101431754381,0.25
sd15_rich,sd15_0240.png,1,SD 1.5,False,,,,,,,,,,,
sd15_rich,sd15_0241.png,1,SD 1.5,False,,,,,,,,,,,
sd15_rich,sd15_0242.png,1,SD 1.5,True,72.14421521388661,1.0143166132256276,0.8319224553745159,1.5647537060825325,0.2499573337113228,0.8195307440884824,8.428757538657862,5.93317965961037,0.412774524196512,0.6245814272743146,0.0
sd15_rich,sd15_0243.png,1,SD 1.5,True,36.49257629498428,0.9220412851108462,0.7474872133719785,1.768022351420428,0.2565582017121611,0.5047145217103535,8.803350763572894,5.343267961678935,0.6405303174326488,,1.0
sd15_rich,sd15_0244.png,1,SD 1.5,True,6.703802101343238,0.956388841665654,0.7942287379642765,1.604160961865236,0.2277852987835092,0.3995532131971808,3.830705274207716,2.863474978506534,0.1031434098800804,0.0943213781172724,0.3333333333333333
sd15_rich,sd15_0245.png,1,SD 1.5,True,17.443709141608732,1.006501808539766,0.8411436489049617,1.477199234092501,0.229976549774816,0.2603233182312017,5.6612208457479625,4.506940414759745,0.1164820143488121,0.086810663232943,0.0
sd15_rich,sd15_0246.png,1,SD 1.5,False,,,,,,,,,,,
sd15_rich,sd15_0247.png,1,SD 1.5,False,,,,,,,,,,,
sd15_rich,sd15_0248.png,1,SD 1.5,False,,,,,,,,,,,
sd15_rich,sd15_0249.png,1,SD 1.5,False,,,,,,,,,,,
sd15_pilot,sd15_0000.png,1,SD 1.5,False,,,,,,,,,,,
sd15_pilot,sd15_0001.png,1,SD 1.5,False,,,,,,,,,,,
sd15_pilot,sd15_0002.png,1,SD 1.5,False,,,,,,,,,,,
sd15_pilot,sd15_0003.png,1,SD 1.5,False,,,,,,,,,,,
sd15_pilot,sd15_0004.png,1,SD 1.5,False,,,,,,,,,,,
sd15_pilot,sd15_0005.png,1,SD 1.5,True,24.07059216835913,0.9845777862699604,0.8294549689544042,2.138472014258089,0.3143123288710706,0.632136137469103,0.2879340051054697,0.1665550050444029,0.0619224131421786,0.0871156915939019,0.25
sd15_pilot,sd15_0006.png,1,SD 1.5,False,,,,,,,,,,,
sd15_pilot,sd15_0007.png,1,SD 1.5,True,28.08182307711937,0.9668470265132308,0.83377441543468,2.418845239790538,0.3127277044871026,0.9282169127170872,39.93440534015215,26.630924883702715,3.526667120043405,,1.0
sd15_pilot,sd15_0008.png,1,SD 1.5,False,,,,,,,,,,,
sd15_pilot,sd15_0009.png,1,SD 1.5,False,,,,,,,,,,,
sd15_pilot,sd15_0010.png,1,SD 1.5,False,,,,,,,,,,,
sd15_pilot,sd15_0011.png,1,SD 1.5,False,,,,,,,,,,,
sd15_pilot,sd15_0012.png,1,SD 1.5,False,,,,,,,,,,,
sd15_pilot,sd15_0013.png,1,SD 1.5,False,,,,,,,,,,,
sd15_pilot,sd15_0014.png,1,SD 1.5,True,103.15434938869132,0.9837295092486834,0.8214925804458724,1.7116717173452138,0.2695444395646731,0.6851760101899819,0.4801038939726965,0.3248696578776135,0.8307132402714462,1.7461259300048164,0.5
sd15_pilot,sd15_0015.png,1,SD 1.5,True,110.83041763795066,0.9773287502480136,0.8179914127661294,4.431229853763573,0.5435503708948014,0.6012263744416892,3.878977399170082,2.921687998468524,0.2398788305250953,2.0125148664870327,0.25
sd15_pilot,sd15_0016.png,1,SD 1.5,True,78.78671446377358,1.001020330473702,0.8366412681659186,1.8881160121702656,0.3075013342010647,0.4348116280994499,1.7200840728503266,1.0254675765692114,0.8593460607535012,0.5370671544104688,0.5
sd15_pilot,sd15_0017.png,1,SD 1.5,True,286.647410233994,0.8926299474793231,0.7241713910594191,1.5168408083893523,0.2295085997566502,0.7799397577736401,4.854739924311062,3.0680363670477298,2.458815041928876,0.2958862491456484,0.0
sd15_pilot,sd15_0018.png,1,SD 1.5,True,23.25401269624381,0.896966618314325,0.7309805522829332,1.7435660640233073,0.1852165956671355,0.96157109245523,44.3559430747631,26.42667951251457,1.747198304633742,0.9639596896272202,0.25
sd15_pilot,sd15_0019.png,1,SD 1.5,True,8.049676242173145,0.9863988349249972,0.8169523616586557,1.492214264590169,0.195557540682415,0.6822452181449757,3.1484300485883665,2.058330778011865,0.0561627161320239,0.5977419034445779,0.0
sd15_pilot,sd15_0020.png,1,SD 1.5,False,,,,,,,,,,,
sd15_pilot,sd15_0021.png,1,SD 1.5,False,,,,,,,,,,,
sd15_pilot,sd15_0022.png,1,SD 1.5,True,21.000660191042808,0.9886329324443818,0.8264567703239047,2.130690579916484,0.3215705235939433,0.7906528453824662,1.2979011659822248,0.7548010128113087,0.4046390372407141,0.6537481230588424,0.5
sd15_pilot,sd15_0023.png,1,SD 1.5,True,34.61676541816927,0.8493052071137587,0.6807790573808112,1.5618857201057077,0.2191223138536802,0.4444716680367019,3.6223414503909055,2.762954760306472,0.4312447546400424,,1.0
sd15_pilot,sd15_0024.png,1,SD 1.5,False,,,,,,,,,,,
sd15_pilot,sd15_0025.png,1,SD 1.5,True,217.410639681323,0.8770540666990588,0.6831690088589117,1.1164025897840346,0.1508801098088908,0.387625265824437,0.8065881762094733,0.5726166286787008,0.5135465334251983,1.936688037713397,0.3333333333333333
sd15_pilot,sd15_0026.png,1,SD 1.5,False,,,,,,,,,,,
sd15_pilot,sd15_0027.png,1,SD 1.5,False,,,,,,,,,,,
sd15_pilot,sd15_0028.png,1,SD 1.5,False,,,,,,,,,,,
sd15_pilot,sd15_0029.png,1,SD 1.5,False,,,,,,,,,,,
sd15_pilot,sd15_0030.png,1,SD 1.5,False,,,,,,,,,,,
sd15_pilot,sd15_0031.png,1,SD 1.5,True,14.72599165430768,0.9534265071969696,0.7949434947152079,2.1426199214715766,0.2944241264443532,0.5292864238296864,0.6709953911244071,0.4249561286500636,0.0935993705079615,0.1259775633655993,0.3333333333333333
sd15_pilot,sd15_0032.png,1,SD 1.5,False,,,,,,,,,,,
sd15_pilot,sd15_0033.png,1,SD 1.5,True,374.1954534000783,0.9696788121312884,0.7919010904074819,4.097241875061226,0.4894271125161612,0.934829860204996,5.650570008528916,3.513843012429711,2.8920723903835825,1.2814185965034524,0.0
sd15_pilot,sd15_0034.png,1,SD 1.5,False,,,,,,,,,,,
sd15_pilot,sd15_0035.png,1,SD 1.5,False,,,,,,,,,,,
sd15_pilot,sd15_0036.png,1,SD 1.5,False,,,,,,,,,,,
sd15_pilot,sd15_0037.png,1,SD 1.5,False,,,,,,,,,,,
sd15_pilot,sd15_0038.png,1,SD 1.5,False,,,,,,,,,,,
sd15_pilot,sd15_0039.png,1,SD 1.5,False,,,,,,,,,,,
sd15_pilot,sd15_0040.png,1,SD 1.5,False,,,,,,,,,,,
sd15_pilot,sd15_0041.png,1,SD 1.5,False,,,,,,,,,,,
sd15_pilot,sd15_0042.png,1,SD 1.5,False,,,,,,,,,,,
sd15_pilot,sd15_0043.png,1,SD 1.5,False,,,,,,,,,,,
sd15_pilot,sd15_0044.png,1,SD 1.5,False,,,,,,,,,,,
sd15_pilot,sd15_0045.png,1,SD 1.5,True,99.5783233911935,0.9622554202339194,0.7992492725754641,1.386091788286964,0.1915378391657258,0.5646915942952503,0.143403263547782,0.0926378060955718,0.0105324745053084,0.0258796262088942,0.0
sd15_pilot,sd15_0046.png,1,SD 1.5,False,,,,,,,,,,,
sd15_pilot,sd15_0047.png,1,SD 1.5,False,,,,,,,,,,,
sd15_pilot,sd15_0048.png,1,SD 1.5,True,79.67773712969077,1.0012859963217868,0.8431797255583193,1.4441476957336703,0.2163397069678654,0.3759811917482927,16.164028741255976,11.848234153504343,0.8550498567104495,,1.0
sd15_pilot,sd15_0049.png,1,SD 1.5,False,,,,,,,,,,,
sd15_pilot,sd15_0050.png,1,SD 1.5,False,,,,,,,,,,,
sd15_pilot,sd15_0051.png,1,SD 1.5,True,32.708090616140105,0.9483321890598904,0.7749258438870076,2.534385339868468,0.3887611176161264,0.7585458604775844,4.4074145126992335,3.3264655559171232,0.1607956320473654,2.227967436372448,0.25
sd15_pilot,sd15_0052.png,1,SD 1.5,False,,,,,,,,,,,
sd15_pilot,sd15_0053.png,1,SD 1.5,True,72.61974440702618,0.8073214732544916,0.6357557631061512,1.6615999321837591,0.1973381804955037,0.322308395927411,5.205592030625027,3.9239090802780425,1.001761865839658,,1.0
sd15_pilot,sd15_0054.png,1,SD 1.5,False,,,,,,,,,,,
sd15_pilot,sd15_0055.png,1,SD 1.5,True,3.4340765970361247,1.026590709142924,0.8485607006041546,3.752862058003551,0.4850388401925852,0.9075026630989222,21.95748036312324,13.863793462365289,0.5941412086706601,2.498794768507027,0.5
sd15_pilot,sd15_0056.png,1,SD 1.5,False,,,,,,,,,,,
sd15_pilot,sd15_0057.png,1,SD 1.5,False,,,,,,,,,,,
sd15_pilot,sd15_0058.png,1,SD 1.5,False,,,,,,,,,,,
sd15_pilot,sd15_0059.png,1,SD 1.5,True,11.614318170029607,0.8626349453308096,0.69875229387408,1.1885663691608988,0.1600379697061108,0.4782376620434777,1.370568694434013,1.0084048948785,0.040115372227896,0.1771773034869941,0.0
sd15_pilot,sd15_0060.png,1,SD 1.5,False,,,,,,,,,,,
sd15_pilot,sd15_0061.png,1,SD 1.5,True,30.902536796880813,0.7567806456624916,0.5899728502710864,0.8442906223780344,0.1029238801561298,0.7437498000193297,2.316173970113013,1.364068648541643,0.0549390402021073,,0.5
sd15_pilot,sd15_0062.png,1,SD 1.5,False,,,,,,,,,,,
sd15_pilot,sd15_0063.png,1,SD 1.5,False,,,,,,,,,,,
sd15_pilot,sd15_0064.png,1,SD 1.5,False,,,,,,,,,,,
sd15_pilot,sd15_0065.png,1,SD 1.5,True,120.26683283387368,0.8597614636064221,0.6785480089869277,1.3828176798239382,0.1962088569484881,0.5693548066792503,3.294575896488766,2.303556537490117,0.0410598883128243,,0.6666666666666666
sd15_pilot,sd15_0066.png,1,SD 1.5,False,,,,,,,,,,,
sd15_pilot,sd15_0067.png,1,SD 1.5,False,,,,,,,,,,,
sd15_pilot,sd15_0068.png,1,SD 1.5,True,7.666268721562838,1.0609856942788105,0.8818637388589728,2.2195107555246656,0.3259031418122515,0.4625279187074653,3.3891860626983714,2.1197793114522194,0.1339496711636206,0.1793018632339329,0.0
sd15_pilot,sd15_0069.png,1,SD 1.5,False,,,,,,,,,,,
sd15_pilot,sd15_0070.png,1,SD 1.5,False,,,,,,,,,,,
sd15_pilot,sd15_0071.png,1,SD 1.5,True,18.30091140909466,1.0006869390995703,0.8430633881738108,2.779007355008812,0.3963791868792627,0.6606617381369023,2.115181958440701,1.3592631076656998,0.1013541252614625,1.7827084937929296,0.5
sd15_pilot,sd15_0072.png,1,SD 1.5,False,,,,,,,,,,,
sd15_pilot,sd15_0073.png,1,SD 1.5,False,,,,,,,,,,,
sd15_pilot,sd15_0074.png,1,SD 1.5,False,,,,,,,,,,,
sd15_pilot,sd15_0075.png,1,SD 1.5,True,181.54136851598037,1.0007698022878329,0.8238780056627084,3.086594948170834,0.3968380197974596,0.5628276256933417,0.1272462831003622,0.1033898759052051,0.3112976033884992,2.917954805840357,0.25
sd15_pilot,sd15_0076.png,1,SD 1.5,False,,,,,,,,,,,
sd15_pilot,sd15_0077.png,1,SD 1.5,True,23.19254861065188,0.9276996066525576,0.7720178151545034,1.1775392402749794,0.1482823983751409,0.3997463120856611,3.770516589040781,2.719246968840564,0.1025721288197919,0.0542816760165303,0.0
sd15_pilot,sd15_0078.png,1,SD 1.5,False,,,,,,,,,,,
sd15_pilot,sd15_0079.png,1,SD 1.5,True,42.84557358185445,0.9254975333431226,0.7563301752918743,1.34163892111834,0.1911663487850587,0.4486934479764425,2.12699797434442,1.4771503387818732,0.1425888292989209,,1.0
sd15_pilot,sd15_0080.png,1,SD 1.5,False,,,,,,,,,,,
sd15_pilot,sd15_0081.png,1,SD 1.5,False,,,,,,,,,,,
sd15_pilot,sd15_0082.png,1,SD 1.5,False,,,,,,,,,,,
sd15_pilot,sd15_0083.png,1,SD 1.5,False,,,,,,,,,,,
sd15_pilot,sd15_0084.png,1,SD 1.5,False,,,,,,,,,,,
sd15_pilot,sd15_0085.png,1,SD 1.5,True,14.65434061789545,0.8690140110663735,0.7155616595708177,1.3321936405878576,0.1506487829695444,0.3915423078342844,0.4485811633524577,0.3276836906592992,0.0089620342606846,0.0049103678451505,0.0
sd15_pilot,sd15_0086.png,1,SD 1.5,True,18.105283852711988,0.9494363867077708,0.7620590883508895,1.2999250236394595,0.1743145304347999,0.2890174017082895,6.304370980897417,4.952563801597922,0.2093140470765326,0.201113080588593,0.0
sd15_pilot,sd15_0087.png,1,SD 1.5,False,,,,,,,,,,,
sd15_pilot,sd15_0088.png,1,SD 1.5,False,,,,,,,,,,,
sd15_pilot,sd15_0089.png,1,SD 1.5,False,,,,,,,,,,,
sd15_pilot,sd15_0090.png,1,SD 1.5,False,,,,,,,,,,,
sd15_pilot,sd15_0091.png,1,SD 1.5,True,7.508417701339395,0.8930076148099696,0.7202440230097683,2.313085245578614,0.291477717901377,0.6406541692026748,23.552633171522984,18.15329721879309,56.12693249561886,2.212427491609644,0.0
sd15_pilot,sd15_0092.png,1,SD 1.5,False,,,,,,,,,,,
sd15_pilot,sd15_0093.png,1,SD 1.5,True,150.593635872525,0.8163642732575217,0.643815129490936,1.3587374342797525,0.1612609821229509,0.6259583371007048,1.297334759017005,0.749328692093663,1.7365664553343083,1.3510410706091711,0.0
sd15_pilot,sd15_0094.png,1,SD 1.5,True,27.51046628015465,0.9891846227883058,0.8241309056848928,1.6042804456323974,0.2140551177618108,0.8050110011895877,4.89555194355971,3.094218157861296,0.2364257326464778,1.3110193442951583,0.0
sd15_pilot,sd15_0095.png,1,SD 1.5,False,,,,,,,,,,,
sd15_pilot,sd15_0096.png,1,SD 1.5,False,,,,,,,,,,,
sd15_pilot,sd15_0097.png,1,SD 1.5,True,519.0674093184028,0.9720508166729688,0.7999922640772003,2.701401381272202,0.4255637422043877,0.4110827570355094,1.3437176732346927,0.9943699588386034,2.563445335835589,,0.75
sd15_pilot,sd15_0098.png,1,SD 1.5,False,,,,,,,,,,,
sd15_pilot,sd15_0099.png,1,SD 1.5,False,,,,,,,,,,,
sd15_pilot,sd15_0100.png,1,SD 1.5,False,,,,,,,,,,,
sd15_pilot,sd15_0101.png,1,SD 1.5,False,,,,,,,,,,,
sd15_pilot,sd15_0102.png,1,SD 1.5,False,,,,,,,,,,,
sd15_pilot,sd15_0103.png,1,SD 1.5,False,,,,,,,,,,,
sd15_pilot,sd15_0104.png,1,SD 1.5,False,,,,,,,,,,,
sd15_pilot,sd15_0105.png,1,SD 1.5,True,41.407744060816846,0.8355304905267442,0.6550553231599925,1.1075978878450154,0.1441843350709025,0.8945808121992282,1.8088394562826835,1.4359240203961403,0.5528116776679252,0.5580372836566552,0.0
sd15_pilot,sd15_0106.png,1,SD 1.5,False,,,,,,,,,,,
sd15_pilot,sd15_0107.png,1,SD 1.5,False,,,,,,,,,,,
sd15_pilot,sd15_0108.png,1,SD 1.5,False,,,,,,,,,,,
sd15_pilot,sd15_0109.png,1,SD 1.5,False,,,,,,,,,,,
sd15_pilot,sd15_0110.png,1,SD 1.5,False,,,,,,,,,,,
sd15_pilot,sd15_0111.png,1,SD 1.5,False,,,,,,,,,,,
sd15_pilot,sd15_0112.png,1,SD 1.5,False,,,,,,,,,,,
sd15_pilot,sd15_0113.png,1,SD 1.5,True,172.7923695587767,0.8842261384276103,0.6912002641546194,1.3548745753837876,0.1974251543551286,0.3102890650393436,1.91970781998306,1.1365542550673242,1.0558686107726127,0.8164838048099892,0.0
sd15_pilot,sd15_0114.png,1,SD 1.5,False,,,,,,,,,,,
sd15_pilot,sd15_0115.png,1,SD 1.5,True,95.10587556228596,0.9702386437227712,0.8058187924147023,2.316342563608508,0.3058464933108256,0.4589062261633221,2.6279931606293587,1.7913978406769062,0.4057806118615403,0.5859893647764052,0.0
sd15_pilot,sd15_0116.png,1,SD 1.5,False,,,,,,,,,,,
sd15_pilot,sd15_0117.png,1,SD 1.5,False,,,,,,,,,,,
sd15_pilot,sd15_0118.png,1,SD 1.5,False,,,,,,,,,,,
sd15_pilot,sd15_0119.png,1,SD 1.5,True,9.029969482281148,0.8244904670665711,0.6412394481176427,1.106849832216242,0.1362755478846594,0.5872042297636153,0.9432377574049012,0.6344111418998754,0.0181115719471694,0.0177336233095948,0.0
sd15_pilot,sd15_0120.png,1,SD 1.5,False,,,,,,,,,,,
sd15_pilot,sd15_0121.png,1,SD 1.5,True,78.073355937085,0.8309334109147865,0.6541737250823143,1.2226379722164995,0.170213759967056,0.4221427307658577,7.206506390528517,4.459740361477021,0.455968403611213,,0.5
sd15_pilot,sd15_0122.png,1,SD 1.5,False,,,,,,,,,,,
sd15_pilot,sd15_0123.png,1,SD 1.5,False,,,,,,,,,,,
sd15_pilot,sd15_0124.png,1,SD 1.5,True,30.56152170463993,0.8497209760819069,0.6665061215701085,1.061928249233546,0.1281852566785431,0.8738485696307459,2.15048320000831,1.5491510535442146,0.03346504918931,0.015550234106711,0.0
sd15_pilot,sd15_0125.png,1,SD 1.5,True,22.46840855150744,0.9017219134452172,0.7617359008791265,1.4029686832680226,0.2044952489761001,0.4646611548507937,2.3714453067279777,1.4011237209194178,0.0793748818911474,0.3814504316542164,0.0
sd15_pilot,sd15_0126.png,1,SD 1.5,True,138.32866493960248,0.7314531909506601,0.5584779534557381,1.0784387023832678,0.1117661878078932,0.998689421242197,63.76419180631733,38.78453445365926,694.4933356100946,1.7975115586773,0.0
sd15_pilot,sd15_0127.png,1,SD 1.5,False,,,,,,,,,,,
sd15_pilot,sd15_0128.png,1,SD 1.5,False,,,,,,,,,,,
sd15_pilot,sd15_0129.png,1,SD 1.5,False,,,,,,,,,,,
sd15_pilot,sd15_0130.png,1,SD 1.5,False,,,,,,,,,,,
sd15_pilot,sd15_0131.png,1,SD 1.5,False,,,,,,,,,,,
sd15_pilot,sd15_0132.png,1,SD 1.5,False,,,,,,,,,,,
sd15_pilot,sd15_0133.png,1,SD 1.5,False,,,,,,,,,,,
sd15_pilot,sd15_0134.png,1,SD 1.5,True,28.543364096631493,0.9883330935099784,0.8189355223286287,1.3134319927180895,0.1768150144847705,0.655885311554539,5.052984142418794,3.020988680738133,0.6629836672476382,0.8606230453269763,0.0
sd15_pilot,sd15_0135.png,1,SD 1.5,False,,,,,,,,,,,
sd15_pilot,sd15_0136.png,1,SD 1.5,False,,,,,,,,,,,
sd15_pilot,sd15_0137.png,1,SD 1.5,True,761.4272110885383,0.8499479462266388,0.676201299613227,2.0030949002491925,0.2497009191830229,0.3934480396074653,3.5584607177689804,2.799955094202985,7.0937482548714845,,1.0
sd15_pilot,sd15_0138.png,1,SD 1.5,False,,,,,,,,,,,
sd15_pilot,sd15_0139.png,1,SD 1.5,True,248.06913300545557,0.6885879398813645,0.5257742468822344,0.6589872852802179,0.0599892702025874,0.7777940585268994,14.097832361888392,8.649781295159993,1.0890879262108446,,1.0
sd15_pilot,sd15_0140.png,1,SD 1.5,False,,,,,,,,,,,
sd15_pilot,sd15_0141.png,1,SD 1.5,False,,,,,,,,,,,
sd15_pilot,sd15_0142.png,1,SD 1.5,False,,,,,,,,,,,
sd15_pilot,sd15_0143.png,1,SD 1.5,False,,,,,,,,,,,
sd15_pilot,sd15_0144.png,1,SD 1.5,False,,,,,,,,,,,
sd15_pilot,sd15_0145.png,1,SD 1.5,True,10.315292529027776,0.909398733861872,0.7376976422107107,1.8552885532483063,0.2496914215785498,0.3804428000510277,1.1614911267942034,0.6813523171695229,0.102166245247674,0.1207537195636465,0.3333333333333333
sd15_pilot,sd15_0146.png,1,SD 1.5,False,,,,,,,,,,,
sd15_pilot,sd15_0147.png,1,SD 1.5,False,,,,,,,,,,,
sd15_pilot,sd15_0148.png,1,SD 1.5,False,,,,,,,,,,,
sd15_pilot,sd15_0149.png,1,SD 1.5,False,,,,,,,,,,,
sd15_pilot,sd15_0150.png,1,SD 1.5,False,,,,,,,,,,,
sd15_pilot,sd15_0151.png,1,SD 1.5,True,11.96337301384873,0.9635015231969468,0.7885384015584004,2.8525360550168197,0.403556238990835,0.7437877675583984,2.2606224255985694,1.565242957045594,0.3285546607841159,0.7836899955080279,0.0
sd15_pilot,sd15_0152.png,1,SD 1.5,True,36.15270731026146,0.9567027651448734,0.7946603399599793,1.7188318701630665,0.2594103763792659,0.6003685724504615,5.677228056139995,3.994817556145598,0.5260278197105093,,0.5
sd15_pilot,sd15_0153.png,1,SD 1.5,True,20.84485121069257,1.0365749170138625,0.8708473141500095,3.159403796860538,0.4150007601463443,0.4480829097188482,19.194982364292827,14.11702342650629,0.1586885377279471,0.2109516233610628,0.0
sd15_pilot,sd15_0154.png,1,SD 1.5,False,,,,,,,,,,,
sd15_pilot,sd15_0155.png,1,SD 1.5,False,,,,,,,,,,,
sd15_pilot,sd15_0156.png,1,SD 1.5,False,,,,,,,,,,,
sd15_pilot,sd15_0157.png,1,SD 1.5,False,,,,,,,,,,,
sd15_pilot,sd15_0158.png,1,SD 1.5,False,,,,,,,,,,,
sd15_pilot,sd15_0159.png,1,SD 1.5,False,,,,,,,,,,,
sd15_pilot,sd15_0160.png,1,SD 1.5,False,,,,,,,,,,,
sd15_pilot,sd15_0161.png,1,SD 1.5,True,47.38234667316903,0.9710168548590382,0.8006805010515119,1.3685518239287742,0.1867388719910425,0.4768576771447786,2.9827000757644697,2.0368442108839013,0.0299933624536903,,0.75
sd15_pilot,sd15_0162.png,1,SD 1.5,False,,,,,,,,,,,
sd15_pilot,sd15_0163.png,1,SD 1.5,False,,,,,,,,,,,
sd15_pilot,sd15_0164.png,1,SD 1.5,False,,,,,,,,,,,
sd15_pilot,sd15_0165.png,1,SD 1.5,True,106.46695797703102,0.8278793814055364,0.6481208027269711,0.9545822253975208,0.1407861322371398,0.5169367503356596,0.7413223492607841,0.5416775506659552,0.061091315695399,,1.0
sd15_pilot,sd15_0166.png,1,SD 1.5,True,21.620086026901543,0.952622278604048,0.7767070533430854,1.5319304778063276,0.2241610741229643,0.4209378881147918,5.598550767722315,3.412963513378689,0.738549441708424,0.3785473792471761,0.0
sd15_pilot,sd15_0167.png,1,SD 1.5,False,,,,,,,,,,,
sd15_pilot,sd15_0168.png,1,SD 1.5,False,,,,,,,,,,,
sd15_pilot,sd15_0169.png,1,SD 1.5,False,,,,,,,,,,,
sd15_pilot,sd15_0170.png,1,SD 1.5,False,,,,,,,,,,,
sd15_pilot,sd15_0171.png,1,SD 1.5,True,5.382466315210052,1.0109365243135071,0.8485827137895603,2.052538218002951,0.2839061982861589,0.6521524458886564,1.4099342190374813,0.8496094390815466,0.0662236589342712,0.3838258470526536,0.0
sd15_pilot,sd15_0172.png,1,SD 1.5,True,67.0295148111749,0.9739754866388572,0.8198412535677071,2.9235249215589065,0.3860612637707591,0.9930581046851714,5.438597297753447,3.407356768913957,0.1896249926154251,,1.0
sd15_pilot,sd15_0173.png,1,SD 1.5,False,,,,,,,,,,,
sd15_pilot,sd15_0174.png,1,SD 1.5,True,274.33273911529125,0.9253792768486698,0.7351905262866376,1.523164900240244,0.2232141646711975,0.8116753725888214,1.1501420711960293,0.6842385974137156,18.82335646302641,2.0841695151542243,0.3333333333333333
sd15_pilot,sd15_0175.png,1,SD 1.5,True,30677.033629805304,1.0172003081176133,0.8571722897929229,2.7014630076953745,0.4120152630191473,0.6184954392989221,2.6059610459065112,1.9450170187025453,91.34171743958,,
sd15_pilot,sd15_0176.png,1,SD 1.5,False,,,,,,,,,,,
sd15_pilot,sd15_0177.png,1,SD 1.5,False,,,,,,,,,,,
sd15_pilot,sd15_0178.png,1,SD 1.5,False,,,,,,,,,,,
sd15_pilot,sd15_0179.png,1,SD 1.5,True,7.678954209571779,0.8642536093409234,0.6909523515353468,1.0026665596358606,0.1213748805226468,0.5184169760154476,3.70557404616585,2.491575681744372,0.044391337262743,0.4449039896791511,0.25
sd15_pilot,sd15_0180.png,1,SD 1.5,False,,,,,,,,,,,
sd15_pilot,sd15_0181.png,1,SD 1.5,False,,,,,,,,,,,
sd15_pilot,sd15_0182.png,1,SD 1.5,False,,,,,,,,,,,
sd15_pilot,sd15_0183.png,1,SD 1.5,False,,,,,,,,,,,
sd15_pilot,sd15_0184.png,1,SD 1.5,True,14.147745959314117,0.9215428238282888,0.7570568631940254,1.9585361722770889,0.2913557345670357,0.5541318913636603,6.623281183368832,4.722006410149035,0.1214901537808653,0.8218714182784419,0.0
sd15_pilot,sd15_0185.png,1,SD 1.5,False,,,,,,,,,,,
sd15_pilot,sd15_0186.png,1,SD 1.5,False,,,,,,,,,,,
sd15_pilot,sd15_0187.png,1,SD 1.5,True,166.86819140214843,0.7861630053479272,0.5986729072712332,1.5023911451176029,0.1873995797980988,0.8148973368364796,4.528652176737552,3.230224948187196,0.3220704791426133,,0.5
sd15_pilot,sd15_0188.png,1,SD 1.5,False,,,,,,,,,,,
sd15_pilot,sd15_0189.png,1,SD 1.5,False,,,,,,,,,,,
sd15_pilot,sd15_0190.png,1,SD 1.5,False,,,,,,,,,,,
sd15_pilot,sd15_0191.png,1,SD 1.5,False,,,,,,,,,,,
sd15_pilot,sd15_0192.png,1,SD 1.5,False,,,,,,,,,,,
sd15_pilot,sd15_0193.png,1,SD 1.5,False,,,,,,,,,,,
sd15_pilot,sd15_0194.png,1,SD 1.5,True,54.09348079799056,0.8067712989226604,0.6379707375390175,1.2084925647349274,0.1591894543223952,0.7137236775682239,78.1205184562337,45.2232011297308,13.946152334723983,0.5117001754483361,0.0
sd15_pilot,sd15_0195.png,1,SD 1.5,True,47.85344270261688,0.8600883757570523,0.6693533887438932,2.385549240369574,0.3222954989018893,0.5538565142785545,4.135805751798912,2.8801846870338506,0.2499298631501007,1.0133167594872754,0.3333333333333333
sd15_pilot,sd15_0196.png,1,SD 1.5,True,64.95261014035518,0.9755574642960378,0.8020786506482098,2.170511705861609,0.3210426650717383,0.9104993486802432,1.9641100779442129,1.1694497180082513,0.8285782050886755,0.2545419636639296,0.3333333333333333
sd15_pilot,sd15_0197.png,1,SD 1.5,True,85.06254710786726,0.9087043964975168,0.7271684446792192,1.436620426362972,0.1900943528741031,0.558911371538123,11.599185652837946,6.699855282675606,0.3611473453515408,0.6770717377802145,0.0
sd15_pilot,sd15_0198.png,1,SD 1.5,False,,,,,,,,,,,
sd15_pilot,sd15_0199.png,1,SD 1.5,False,,,,,,,,,,,
sdxl_rich,sdxl_0000.png,1,SDXL,False,,,,,,,,,,,
sdxl_rich,sdxl_0001.png,1,SDXL,False,,,,,,,,,,,
sdxl_rich,sdxl_0002.png,1,SDXL,False,,,,,,,,,,,
sdxl_rich,sdxl_0003.png,1,SDXL,True,212.01113094574507,0.8952887486035677,0.71736161774673,1.876421093735417,0.2498892309909872,0.6711344850504921,3.7159633817542215,2.628862139634564,0.1680067817339583,0.3550449188616671,0.0
sdxl_rich,sdxl_0004.png,1,SDXL,False,,,,,,,,,,,
sdxl_rich,sdxl_0005.png,1,SDXL,False,,,,,,,,,,,
sdxl_rich,sdxl_0006.png,1,SDXL,True,15.57545283480007,0.9587317323987112,0.7780908551459688,1.3616892406778875,0.1871124431553764,0.3623976224810907,74.92181787996752,43.2629702488716,0.3036982772483813,1.112269894545154,0.0
sdxl_rich,sdxl_0007.png,1,SDXL,False,,,,,,,,,,,
sdxl_rich,sdxl_0008.png,1,SDXL,False,,,,,,,,,,,
sdxl_rich,sdxl_0009.png,1,SDXL,True,71.87063575070916,0.8207189191546711,0.611636003871649,1.3999096529077093,0.2279599440738068,0.2969557148132106,0.5996305829549442,0.3652938422857544,0.3512519164996491,4.107456226608746,0.0
sdxl_rich,sdxl_0010.png,1,SDXL,False,,,,,,,,,,,
sdxl_rich,sdxl_0011.png,1,SDXL,True,64.98004871814479,0.8962602292427241,0.6828986706329462,0.942794522576446,0.1332167666966466,0.5803045721198273,0.4158727715683596,0.3863959237634491,0.5384584546384334,1.7916519449231938,0.0
sdxl_rich,sdxl_0012.png,1,SDXL,True,61.49264982123245,0.8738827625854392,0.6943937300626943,1.0392367301579186,0.1042590288933569,0.928080447836784,78.41169923416112,45.34231593149716,8.251335423664978,0.3459454107470501,0.0
sdxl_rich,sdxl_0013.png,1,SDXL,False,,,,,,,,,,,
sdxl_rich,sdxl_0014.png,1,SDXL,False,,,,,,,,,,,
sdxl_rich,sdxl_0015.png,1,SDXL,True,39.84709661606776,0.8791528275339072,0.6879058280260624,1.4681745299338438,0.1693021081037097,0.772177246687727,2.2925339686647703,1.4744819526457955,0.0765173903637714,0.2262743557544881,0.0
sdxl_rich,sdxl_0016.png,1,SDXL,False,,,,,,,,,,,
sdxl_rich,sdxl_0017.png,1,SDXL,True,605.2827110769462,0.7973784689019822,0.5917565615893691,0.9363247777920158,0.0936851639688761,0.3215617227064254,0.224128359635813,0.169381691133943,1.363076192067583,,0.5
sdxl_rich,sdxl_0018.png,1,SDXL,True,179.6040048656357,0.8978654116592455,0.722764519576881,1.3262507644146302,0.1437449266336398,0.949592011620368,0.804068518019804,0.5776559918971866,0.2808132200719679,,0.6666666666666666
sdxl_rich,sdxl_0019.png,1,SDXL,True,83.07148121408567,0.8754314316291703,0.6826605182478376,1.5438664147439258,0.2345810414498707,0.427141637609334,0.468250187571698,0.271425086510233,5.049510091224824,,0.5
sdxl_rich,sdxl_0020.png,1,SDXL,False,,,,,,,,,,,
sdxl_rich,sdxl_0021.png,1,SDXL,True,182.7946557994395,0.8898540542803081,0.701426984560403,2.4070557608935825,0.3129287577888794,0.8827660320161026,1.7094379464225824,1.1427659418843528,0.8434607812289642,,0.6666666666666666
sdxl_rich,sdxl_0022.png,1,SDXL,True,46.75763888548193,0.9042901510721648,0.7349349645677014,2.134477872698686,0.2628335821208439,0.8368589495757258,4.739001441408433,2.7729045449377443,1.6420138600496077,0.1070622347096996,0.3333333333333333
sdxl_rich,sdxl_0023.png,1,SDXL,True,3352.1829561019167,0.6599900449103587,0.4617855099294052,0.561509336906368,0.0744524288817388,0.1935557454117533,0.2808966788373652,0.1889374286332618,2.1497945397304177,1.401447974808793,0.0
sdxl_rich,sdxl_0024.png,1,SDXL,False,,,,,,,,,,,
sdxl_rich,sdxl_0025.png,1,SDXL,False,,,,,,,,,,,
sdxl_rich,sdxl_0026.png,1,SDXL,True,105.29154527777396,0.8420619642737385,0.649160902142204,1.561679501243754,0.2147731605784546,0.3677236533013658,5.289780809843066,3.555745024970736,1.9590599618490867,,1.0
sdxl_rich,sdxl_0027.png,1,SDXL,True,935.782989751819,0.8940995342022008,0.6904900574364096,1.2483446620495755,0.1947722481161747,0.6246173440611285,2.6825319741505496,2.053613361643815,2.1940617223086774,,1.0
sdxl_rich,sdxl_0028.png,1,SDXL,True,949.0984442832528,0.8834367973460965,0.6889942220690541,1.4019655247218568,0.1992876486138552,0.4062335069654926,19.99157532019504,13.139574954947806,35.81880283718583,0.1785278953459492,0.0
sdxl_rich,sdxl_0029.png,1,SDXL,False,,,,,,,,,,,
sdxl_rich,sdxl_0030.png,1,SDXL,False,,,,,,,,,,,
sdxl_rich,sdxl_0031.png,1,SDXL,True,559.4002723785064,0.8108779652205496,0.6340078280409134,0.9069725215213648,0.0933087298667291,0.3615931977259382,2.404317502528116,1.7371152256464,0.5649686142452421,,1.0
sdxl_rich,sdxl_0032.png,1,SDXL,False,,,,,,,,,,,
sdxl_rich,sdxl_0033.png,1,SDXL,True,3.1055480123454684,0.8673102704951927,0.6684534880876165,1.407730318024072,0.2167354526814667,0.5553312880465986,1.198138823855885,0.7098201907208205,0.7551364379431739,0.0052008881452376,0.3333333333333333
sdxl_rich,sdxl_0034.png,1,SDXL,False,,,,,,,,,,,
sdxl_rich,sdxl_0035.png,1,SDXL,False,,,,,,,,,,,
sdxl_rich,sdxl_0036.png,1,SDXL,False,,,,,,,,,,,
sdxl_rich,sdxl_0037.png,1,SDXL,True,218.33576518415697,0.8525919267563139,0.6674778493294962,1.4123078383244645,0.1789745349153153,0.3259750331488858,3.073638950039893,2.055249367699303,0.506119688810757,,1.0
sdxl_rich,sdxl_0038.png,1,SDXL,False,,,,,,,,,,,
sdxl_rich,sdxl_0039.png,1,SDXL,True,1056.1407850275014,0.8360106015155669,0.6096433250309968,0.7622350899705967,0.104372134639832,0.4394581691197046,1.9143064491768345,1.349393614205237,4.759890812844874,,0.5
sdxl_rich,sdxl_0040.png,1,SDXL,False,,,,,,,,,,,
sdxl_rich,sdxl_0041.png,1,SDXL,False,,,,,,,,,,,
sdxl_rich,sdxl_0042.png,1,SDXL,False,,,,,,,,,,,
sdxl_rich,sdxl_0043.png,1,SDXL,True,421.5001538234544,0.8142714241673056,0.5957767952388053,2.6596736240810737,0.3075776692030708,0.4925842231976898,0.0886452353543063,0.0532310493498144,0.42733518520432,1.6375276029547,0.5
sdxl_rich,sdxl_0044.png,1,SDXL,True,24.946892967301345,0.8644024343489839,0.6808267353932006,1.3398872402444928,0.1884036053646809,0.4027080415831436,19.038409696965644,11.025831613582016,0.3233519012337996,0.145197922366882,0.0
sdxl_rich,sdxl_0045.png,1,SDXL,True,2009.8112021912,0.8521626413584178,0.6444683914950889,2.5192112643482423,0.300754226627279,0.1559320923036071,4.076239869391159,3.2555185471650896,6.386352917348826,,0.75
sdxl_rich,sdxl_0046.png,1,SDXL,True,5.268072383381265,0.9703491083952244,0.8115274884905364,1.7792919381227232,0.2522012954667117,0.4533817736964776,3.619100106135463,2.414473947077171,0.1366669024456062,0.1754253763714208,0.0
sdxl_rich,sdxl_0047.png,1,SDXL,True,399.6553494877483,0.834179196853637,0.6465524817565662,1.1913783468390555,0.1536002468169074,0.2177547354445662,1.4387498199207729,1.1356996255365457,0.6987908591620573,,0.6666666666666666
sdxl_rich,sdxl_0048.png,1,SDXL,False,,,,,,,,,,,
sdxl_rich,sdxl_0049.png,1,SDXL,True,387.2521693320385,0.671394386105948,0.4816752713655591,0.8157769521756385,0.0929194563694758,0.2410879036680362,2.227884968462803,1.614204378351544,1.6107576867241749,,0.5
sdxl_rich,sdxl_0050.png,1,SDXL,False,,,,,,,,,,,
sdxl_rich,sdxl_0051.png,1,SDXL,True,71.85747210785345,0.9492603277644728,0.7707186006613427,2.3123969832952262,0.3542350190726058,0.5480033891039527,6.264197136973024,3.650087811297291,0.5883267071191427,1.1841764657260363,0.25
sdxl_rich,sdxl_0052.png,1,SDXL,False,,,,,,,,,,,
sdxl_rich,sdxl_0053.png,1,SDXL,True,202.22176192182232,0.8760922013708834,0.6939349164215697,1.6023967436173785,0.2219279168888202,0.6428762645772896,2.2555465899605025,1.773027802077276,0.1805686275936452,,0.5
sdxl_rich,sdxl_0054.png,1,SDXL,False,,,,,,,,,,,
sdxl_rich,sdxl_0055.png,1,SDXL,True,565.911089184699,0.8438227984808544,0.63391316114821,1.0368988696645276,0.1573317990270848,0.3913131749217752,1.305390849489953,0.8319251473606617,0.7084882861620876,1.4386059994461178,0.0
sdxl_rich,sdxl_0056.png,1,SDXL,False,,,,,,,,,,,
sdxl_rich,sdxl_0057.png,1,SDXL,False,,,,,,,,,,,
sdxl_rich,sdxl_0058.png,1,SDXL,False,,,,,,,,,,,
sdxl_rich,sdxl_0059.png,1,SDXL,True,508.8554464661484,0.761757253926951,0.56322261784614,1.0311964581209652,0.1359274092467927,0.5757635219390104,1.4846545774379931,0.9492271375775102,0.8519888437432992,,0.5
sdxl_rich,sdxl_0060.png,1,SDXL,False,,,,,,,,,,,
sdxl_rich,sdxl_0061.png,1,SDXL,False,,,,,,,,,,,
sdxl_rich,sdxl_0062.png,1,SDXL,False,,,,,,,,,,,
sdxl_rich,sdxl_0063.png,1,SDXL,False,,,,,,,,,,,
sdxl_rich,sdxl_0064.png,1,SDXL,False,,,,,,,,,,,
sdxl_rich,sdxl_0065.png,1,SDXL,True,39.930134534129394,0.9231081389121448,0.74039731883654,1.4514060514597142,0.2392002912922445,0.3095829544320886,0.2953221180198397,0.2612845766854318,0.1739729014139817,0.8334674912661546,0.0
sdxl_rich,sdxl_0066.png,1,SDXL,False,,,,,,,,,,,
sdxl_rich,sdxl_0067.png,1,SDXL,True,74.47979126245035,0.9438280136126614,0.7827252444744558,1.8054814229222276,0.2876705036533281,0.5726934256188759,1.9815639567125205,1.3305048101073866,0.0482085653657339,0.35757052051901,0.0
sdxl_rich,sdxl_0068.png,1,SDXL,False,,,,,,,,,,,
sdxl_rich,sdxl_0069.png,1,SDXL,True,149.52770558498773,0.9195845593538804,0.7441279366518732,1.7169145585012724,0.2305799881733994,0.2007246084757598,5.412024342670279,4.07845146776475,2.4802266985461823,,1.0
sdxl_rich,sdxl_0070.png,1,SDXL,False,,,,,,,,,,,
sdxl_rich,sdxl_0071.png,1,SDXL,True,1472.8332049954056,0.8219227224425342,0.5927126383680247,0.908611731684124,0.1340979217133619,0.2601373319122644,0.674594949474411,0.4324066543923844,1.8269229338318955,,0.0
sdxl_rich,sdxl_0072.png,1,SDXL,False,,,,,,,,,,,
sdxl_rich,sdxl_0073.png,1,SDXL,False,,,,,,,,,,,
sdxl_rich,sdxl_0074.png,1,SDXL,False,,,,,,,,,,,
sdxl_rich,sdxl_0075.png,1,SDXL,True,10181.75818388732,0.7652425311137186,0.5388735428737963,2.3122596458215074,0.2660849923648014,0.4050527705789984,0.1869373979109383,0.1211078801495721,9.043067261325248,1.9820678430663623,0.0
sdxl_rich,sdxl_0076.png,1,SDXL,False,,,,,,,,,,,
sdxl_rich,sdxl_0077.png,1,SDXL,False,,,,,,,,,,,
sdxl_rich,sdxl_0078.png,1,SDXL,False,,,,,,,,,,,
sdxl_rich,sdxl_0079.png,1,SDXL,True,1154.2536386575434,0.7493237703465575,0.5473919161711784,1.2745418658625598,0.169238959123883,0.2438600807103008,0.1274377653176941,0.0884749775741471,1.0424924910577884,,0.5
sdxl_rich,sdxl_0080.png,1,SDXL,False,,,,,,,,,,,
sdxl_rich,sdxl_0081.png,1,SDXL,False,,,,,,,,,,,
sdxl_rich,sdxl_0082.png,1,SDXL,True,140.07252457956642,0.9366417285090696,0.7636035760322704,2.373978933687943,0.3377745631939195,0.8686917472749095,3.075115598185718,1.7795783454507772,1.3256693985186516,0.5741254021313207,0.25
sdxl_rich,sdxl_0083.png,1,SDXL,False,,,,,,,,,,,
sdxl_rich,sdxl_0084.png,1,SDXL,False,,,,,,,,,,,
sdxl_rich,sdxl_0085.png,1,SDXL,True,35.45329902196042,0.8808016444133273,0.7190892475883938,1.9872533315123653,0.259331193570072,0.633550255490691,1.0818577912551888,0.6400154680453346,0.4379802487523384,0.8534607692935641,0.0
sdxl_rich,sdxl_0086.png,1,SDXL,False,,,,,,,,,,,
sdxl_rich,sdxl_0087.png,1,SDXL,True,2407.738934422603,0.7320313251847841,0.5399740454035644,0.8334070694849132,0.1108394250892829,0.2652508226326236,0.6049536633257588,0.4164303953856231,3.540871769093781,1.3000888545973588,0.0
sdxl_rich,sdxl_0088.png,1,SDXL,False,,,,,,,,,,,
sdxl_rich,sdxl_0089.png,1,SDXL,False,,,,,,,,,,,
sdxl_rich,sdxl_0090.png,1,SDXL,False,,,,,,,,,,,
sdxl_rich,sdxl_0091.png,1,SDXL,True,33.87912102997795,0.8092156259538607,0.6386606468451441,0.9342113037795268,0.1147417717646037,0.8241581827810215,4.23470943713086,2.781232680725223,0.5268793403910683,,0.5
sdxl_rich,sdxl_0092.png,1,SDXL,True,84.92131949025546,0.8453074282223321,0.6578155305414999,2.100386648887482,0.2806308825041508,0.2661898026095974,10.206665136640083,8.219560776937529,3.5088449410537823,0.2779625133306513,0.0
sdxl_rich,sdxl_0093.png,1,SDXL,True,37.3189155443616,0.828026612675677,0.6571084493011163,2.8144245402780466,0.2868331607144531,0.3097076902991687,1.0154334998775028,0.7374289978065949,0.7056975968983998,1.1833860512352263,0.5
sdxl_rich,sdxl_0094.png,1,SDXL,False,,,,,,,,,,,
sdxl_rich,sdxl_0095.png,1,SDXL,True,118.89314833285206,0.9136095953644268,0.7397524515896821,1.7723255112018317,0.2394240067964302,0.8512105042703253,1.746844606195097,1.0995033545747626,0.3299885744313203,0.2836042468150141,0.0
sdxl_rich,sdxl_0096.png,1,SDXL,False,,,,,,,,,,,
sdxl_rich,sdxl_0097.png,1,SDXL,False,,,,,,,,,,,
sdxl_rich,sdxl_0098.png,1,SDXL,True,29.66229981997979,0.9147041898647724,0.7280409893903722,1.673580743380781,0.2451321667757366,0.7477722985117012,4.151910090929377,2.6299942510722825,0.3189159471068267,1.4358837564597111,0.0
sdxl_rich,sdxl_0099.png,1,SDXL,False,,,,,,,,,,,
sdxl_rich,sdxl_0100.png,1,SDXL,False,,,,,,,,,,,
sdxl_rich,sdxl_0101.png,1,SDXL,True,263.55750557509646,0.9035173701186268,0.71361996476097,1.2121060307149127,0.1798690540152752,0.6355221830144673,0.5116350044100955,0.3132300470960555,2.4298661301210043,0.0440386526222091,0.3333333333333333
sdxl_rich,sdxl_0102.png,1,SDXL,False,,,,,,,,,,,
sdxl_rich,sdxl_0103.png,1,SDXL,True,44182.483844021495,0.7599570185527664,0.5486782327584871,0.7872846258519481,0.1137454355648142,0.2903958035705774,0.7975844784717481,0.511539481092959,5.978680927819543,,
sdxl_rich,sdxl_0104.png,1,SDXL,False,,,,,,,,,,,
sdxl_rich,sdxl_0105.png,1,SDXL,False,,,,,,,,,,,
sdxl_rich,sdxl_0106.png,1,SDXL,False,,,,,,,,,,,
sdxl_rich,sdxl_0107.png,1,SDXL,False,,,,,,,,,,,
sdxl_rich,sdxl_0108.png,1,SDXL,False,,,,,,,,,,,
sdxl_rich,sdxl_0109.png,1,SDXL,True,311.6372484916822,0.7727369357385373,0.5976172116991486,2.0220593700284737,0.2060609250547416,0.3464592942451777,0.4657097858803922,0.269307300412146,0.0963015739399223,,0.5
sdxl_rich,sdxl_0110.png,1,SDXL,False,,,,,,,,,,,
sdxl_rich,sdxl_0111.png,1,SDXL,False,,,,,,,,,,,
sdxl_rich,sdxl_0112.png,1,SDXL,False,,,,,,,,,,,
sdxl_rich,sdxl_0113.png,1,SDXL,True,86.03434830898014,0.9108306257313628,0.742001032740357,3.278916651287848,0.4141233319516644,0.9251506141573376,3.199319818036216,2.543836732081999,3.785449356233205,0.4355063641508137,0.5
sdxl_rich,sdxl_0114.png,1,SDXL,True,4.745934775767342,0.7461132021279058,0.5870109315093519,0.864926941977909,0.0911308452714445,0.9673118408102752,3.5280344486325816,3.1774134428938225,0.2191729818860169,0.2105734547312447,0.0
sdxl_rich,sdxl_0115.png,1,SDXL,True,129.53149258071556,0.7270633704678209,0.5467292134148896,0.998219994459584,0.122673891294925,0.9336055475817616,0.8430684022733459,0.6650765340809934,0.5224124192220139,,0.5
sdxl_rich,sdxl_0116.png,1,SDXL,False,,,,,,,,,,,
sdxl_rich,sdxl_0117.png,1,SDXL,True,506.7699346461048,0.6835779011095435,0.4814890624059476,1.3920162439214216,0.1780211555770432,0.1987268921931284,0.6109570511001294,0.4352900932591905,0.99692158363614,,0.5
sdxl_rich,sdxl_0118.png,1,SDXL,False,,,,,,,,,,,
sdxl_rich,sdxl_0119.png,1,SDXL,True,798.645757559335,0.7900067107411106,0.5813687942449913,0.6586629527651839,0.0806852526075291,0.4808184122971023,4.977811823108212,3.0227314439627446,0.1727249576165376,,1.0
sdxl_rich,sdxl_0120.png,1,SDXL,False,,,,,,,,,,,
sdxl_rich,sdxl_0121.png,1,SDXL,False,,,,,,,,,,,
sdxl_rich,sdxl_0122.png,1,SDXL,False,,,,,,,,,,,
sdxl_rich,sdxl_0123.png,1,SDXL,True,206.3756207027065,0.829384683905183,0.6217187282966573,0.8925074251269567,0.127798824893027,0.6740329534519566,1.0546106555297996,0.6416846381599574,0.4205436813762447,,0.6666666666666666
sdxl_rich,sdxl_0124.png,1,SDXL,True,35.82507780232216,0.9045811036066214,0.751289698260219,1.1939394940194257,0.1335940803563731,0.6399551856427494,0.7587648204344362,0.4768907942510186,0.0390856279634274,0.1832268761117905,0.0
sdxl_rich,sdxl_0125.png,1,SDXL,True,103.35093432286084,0.789718420839736,0.5969369780793726,0.9566572906017456,0.1498506616786111,0.7487050302906505,1.5484042877701114,0.8952520437448003,0.0968921994157408,0.2724185809691199,0.3333333333333333
sdxl_rich,sdxl_0126.png,1,SDXL,False,,,,,,,,,,,
sdxl_rich,sdxl_0127.png,1,SDXL,True,2062.667657263203,0.7218152404116019,0.5293494556817384,0.875900540461087,0.1266963388827948,0.3199373050750635,2.45890021520745,1.9355445080835656,2.1473670999696024,0.4272466124610723,0.0
sdxl_rich,sdxl_0128.png,1,SDXL,False,,,,,,,,,,,
sdxl_rich,sdxl_0129.png,1,SDXL,True,30.608218656033102,0.6915410709218014,0.5139999384617826,1.7852874220453785,0.2212247765778474,0.3380381284013154,3.145777351424769,2.190785565425952,0.3775426508577416,,0.6666666666666666
sdxl_rich,sdxl_0130.png,1,SDXL,False,,,,,,,,,,,
sdxl_rich,sdxl_0131.png,1,SDXL,True,4222.65014506147,0.8918979516891893,0.7104568085718016,2.416916891299949,0.3459881752456958,0.3517468763052412,0.2523246693067307,0.1616869457439355,5.911494932324656,,0.6666666666666666
sdxl_rich,sdxl_0132.png,1,SDXL,False,,,,,,,,,,,
sdxl_rich,sdxl_0133.png,1,SDXL,True,104.46879766022369,0.7849412694150688,0.6013052836940238,1.240354306081635,0.1717570655835276,0.9824654475996216,0.2028483817028785,0.119303361100416,0.0822290962728833,0.2395044411621221,0.0
sdxl_rich,sdxl_0134.png,1,SDXL,False,,,,,,,,,,,
sdxl_rich,sdxl_0135.png,1,SDXL,False,,,,,,,,,,,
sdxl_rich,sdxl_0136.png,1,SDXL,False,,,,,,,,,,,
sdxl_rich,sdxl_0137.png,1,SDXL,False,,,,,,,,,,,
sdxl_rich,sdxl_0138.png,1,SDXL,False,,,,,,,,,,,
sdxl_rich,sdxl_0139.png,1,SDXL,True,114.93149598724295,0.7971104537634075,0.6120340853167887,1.0634996124938696,0.1363510813187044,0.5970648753367434,0.9911859185729668,0.6039283915378209,0.4205822532492548,,0.5
sdxl_rich,sdxl_0140.png,1,SDXL,True,275.24063037066765,0.8069828380816614,0.6196426392204681,0.803257090010586,0.0727998046847717,0.6989741993237479,4.441176598486777,3.385686718012773,0.9006028760206459,0.0551618942980098,0.0
sdxl_rich,sdxl_0141.png,1,SDXL,True,585.9409618001268,0.7446615922957389,0.5415017199486463,1.3056574844647777,0.1709745090532617,0.7033981182264961,2.193759418757992,1.3412257109819332,0.9187547612294564,,0.6666666666666666
sdxl_rich,sdxl_0142.png,1,SDXL,False,,,,,,,,,,,
sdxl_rich,sdxl_0143.png,1,SDXL,False,,,,,,,,,,,
sdxl_rich,sdxl_0144.png,1,SDXL,False,,,,,,,,,,,
sdxl_rich,sdxl_0145.png,1,SDXL,True,874.6642397233371,0.746256034626996,0.5568346244757614,1.1270153938286862,0.1630828348081754,0.5563449784282559,2.103806177475022,1.381448294215133,3.186881159714282,,0.5
sdxl_rich,sdxl_0146.png,1,SDXL,False,,,,,,,,,,,
sdxl_rich,sdxl_0147.png,1,SDXL,True,683.5545631313231,0.9073114480774584,0.7199157199774435,1.4200102399469126,0.2012746788193565,0.8925773367358605,4.817246011286215,2.8465747291683345,3.147741401671936,,1.0
sdxl_rich,sdxl_0148.png,1,SDXL,False,,,,,,,,,,,
sdxl_rich,sdxl_0149.png,1,SDXL,False,,,,,,,,,,,
sdxl_rich,sdxl_0150.png,1,SDXL,True,295.68719382920483,0.9926072525460304,0.8119878259562292,1.5953768287089465,0.2289515934294529,0.7169412108653437,5.324492963834942,3.7236446256168265,13.110388561441612,0.6295283655237149,0.0
sdxl_rich,sdxl_0151.png,1,SDXL,True,1082.8132326936882,0.8752799147673749,0.6636689222853646,0.9882358029981656,0.1448847074874153,0.2191715239327192,1.132082264146533,0.8263917870802632,0.972680513275908,,1.0
sdxl_rich,sdxl_0152.png,1,SDXL,False,,,,,,,,,,,
sdxl_rich,sdxl_0153.png,1,SDXL,False,,,,,,,,,,,
sdxl_rich,sdxl_0154.png,1,SDXL,True,2857.301832237024,0.7795616402609594,0.5862421208599018,1.1221380351815795,0.1318664098534246,0.8958522271675925,1.9700175086331624,1.1531281285838708,2.1459661690762517,,1.0
sdxl_rich,sdxl_0155.png,1,SDXL,True,42.0197122621546,0.8817680426537959,0.7309816636653765,1.4967124963767706,0.2135203259468078,0.5252345825593594,0.8944587154375796,0.5591011747656196,0.3113361492651979,0.1251628786184051,0.25
sdxl_rich,sdxl_0156.png,1,SDXL,True,12.56302098228297,0.8722581549623099,0.7047511051125642,1.675275308476767,0.197564391687691,0.6312053636710446,8.252797313822398,6.3756851091264,0.889571142717788,0.0343620797977077,0.3333333333333333
sdxl_rich,sdxl_0157.png,1,SDXL,False,,,,,,,,,,,
sdxl_rich,sdxl_0158.png,1,SDXL,False,,,,,,,,,,,
sdxl_rich,sdxl_0159.png,1,SDXL,True,252.67306976435748,0.8929155180043699,0.7096691688380437,1.2293331572038402,0.1598625011005542,0.413882007801624,1.171871581444364,0.8606828755367649,0.0581855453920752,,0.5
sdxl_rich,sdxl_0160.png,1,SDXL,False,,,,,,,,,,,
sdxl_rich,sdxl_0161.png,1,SDXL,True,125.54614948042894,0.8247000082815473,0.6569341720312364,3.116197052813229,0.3657754342859678,0.7471893031823268,10.614376750803018,6.181605021149071,1.0401497905966,0.725804358946565,0.0
sdxl_rich,sdxl_0162.png,1,SDXL,True,15.2722484653665,0.935204613922236,0.7747706336203077,1.7188592700618848,0.1986469462842633,0.4065816180967936,78.99714319706908,45.60928865846413,0.1879087259979524,0.2850470487813599,0.0
sdxl_rich,sdxl_0163.png,1,SDXL,True,195.73944577572829,0.8433233004190334,0.6544974350384433,1.2153143489074885,0.183349214597461,0.3754064072141972,2.273593544444992,1.7791113364411584,0.6437720503483818,,0.5
sdxl_rich,sdxl_0164.png,1,SDXL,False,,,,,,,,,,,
sdxl_rich,sdxl_0165.png,1,SDXL,True,79.36144482440349,0.8983525820553069,0.7180495976642699,1.5653526855042523,0.246259395428987,0.7468078754700868,1.4997185720247614,0.961914015593116,0.9737620015824549,0.1023926573809559,0.25
sdxl_rich,sdxl_0166.png,1,SDXL,False,,,,,,,,,,,
sdxl_rich,sdxl_0167.png,1,SDXL,True,353.86523640458506,0.7642656391146787,0.5566414299179044,0.6214778382056867,0.0628834282957067,0.3210330812524694,0.7427321598966188,0.452871092832687,2.1498332674360747,,0.5
sdxl_rich,sdxl_0168.png,1,SDXL,False,,,,,,,,,,,
sdxl_rich,sdxl_0169.png,1,SDXL,False,,,,,,,,,,,
sdxl_rich,sdxl_0170.png,1,SDXL,False,,,,,,,,,,,
sdxl_rich,sdxl_0171.png,1,SDXL,True,79.24803249991348,0.8638786556911521,0.6725160880150508,2.251867153666122,0.273287002527399,0.6127528951032554,9.06319925337752,5.242435793866686,6.423187985624374,1.760490550556118,0.25
sdxl_rich,sdxl_0172.png,1,SDXL,True,26.01894243337436,0.9481509942244564,0.7907488571207268,3.7431177587415703,0.4104592293827052,0.3823587841658932,54.58089101861467,32.0463867009161,1.790574400724949,0.3014756453226317,0.0
sdxl_rich,sdxl_0173.png,1,SDXL,True,851.8546898404471,0.6943361117208023,0.4938629710490764,0.7849662900668345,0.1023415043934642,0.2149354896996855,0.0789889737692135,0.0457651041777672,0.70902248248513,1.552144017158751,0.0
sdxl_rich,sdxl_0174.png,1,SDXL,True,3.296450302954618,1.0429777602004031,0.8829204494679512,3.4115071041251284,0.444077126362001,0.3282070533302859,2.274453125749133,1.6028667022579663,0.0418050701611577,0.1611882824396149,0.0
sdxl_rich,sdxl_0175.png,1,SDXL,True,31.36672503073808,0.8023621886448543,0.6244699214949205,1.2132613597383786,0.1573718707742129,0.6461532859616725,1.8453585484058408,1.0762914038292517,0.3195999254575167,0.2895403447063387,0.0
sdxl_rich,sdxl_0176.png,1,SDXL,False,,,,,,,,,,,
sdxl_rich,sdxl_0177.png,1,SDXL,False,,,,,,,,,,,
sdxl_rich,sdxl_0178.png,1,SDXL,False,,,,,,,,,,,
sdxl_rich,sdxl_0179.png,1,SDXL,False,,,,,,,,,,,
sdxl_rich,sdxl_0180.png,1,SDXL,False,,,,,,,,,,,
sdxl_rich,sdxl_0181.png,1,SDXL,True,339.4289802958233,0.948039657580766,0.7804707460221026,1.6878207292495957,0.216094578048447,0.3163626540585842,0.0850470199291208,0.0540726656120931,0.1827869305127041,3.2108429445518887,0.0
sdxl_rich,sdxl_0182.png,1,SDXL,False,,,,,,,,,,,
sdxl_rich,sdxl_0183.png,1,SDXL,True,4281.854631264328,0.658329514332592,0.4498821057848293,0.6012304419699299,0.0671476757359115,0.1962324719329909,0.3400164410755053,0.2300274871887497,6.696677767208962,,0.5
sdxl_rich,sdxl_0184.png,1,SDXL,True,35.56688244248862,0.8715589688206561,0.6949021428435675,1.057171903438515,0.1106020685486285,0.6274375544917139,1.737421660949238,1.25441608819447,0.1683598395617518,,0.5
sdxl_rich,sdxl_0185.png,1,SDXL,False,,,,,,,,,,,
sdxl_rich,sdxl_0186.png,1,SDXL,False,,,,,,,,,,,
sdxl_rich,sdxl_0187.png,1,SDXL,True,495.8064090490301,0.7134898190125819,0.5154692825790921,0.6702416559145756,0.0613214624668891,0.5584030317222438,0.3683245171322511,0.2373497448465201,0.9780028162565096,3.0138684807658898,0.0
sdxl_rich,sdxl_0188.png,1,SDXL,False,,,,,,,,,,,
sdxl_rich,sdxl_0189.png,1,SDXL,False,,,,,,,,,,,
sdxl_rich,sdxl_0190.png,1,SDXL,True,9.556424300489097,1.025199465484142,0.8789060968349093,3.3375626775519747,0.4808927373679367,0.9399752645483384,4.937168831175683,4.095946344849863,0.2637714690928885,0.1572526354376373,0.0
sdxl_rich,sdxl_0191.png,1,SDXL,False,,,,,,,,,,,
sdxl_rich,sdxl_0192.png,1,SDXL,True,97.40275876978444,0.7492180813793106,0.5632823175050362,0.6936547238758746,0.0713988112487842,0.5652331803757569,2.7330457657251657,1.729102431991084,0.4187874320964242,0.431267568337625,0.0
sdxl_rich,sdxl_0193.png,1,SDXL,True,125.2202075395223,0.7565668188020939,0.596433634890989,0.8083272050912469,0.0818340237450417,0.4289889770744642,0.3650673769027861,0.2153699011067699,0.3820840027023198,0.5294641062628678,0.0
sdxl_rich,sdxl_0194.png,1,SDXL,False,,,,,,,,,,,
sdxl_rich,sdxl_0195.png,1,SDXL,False,,,,,,,,,,,
sdxl_rich,sdxl_0196.png,1,SDXL,True,1.2563666091700858,1.0974249912486054,0.9374263312363628,3.6969807662789087,0.569569023498507,0.5776215894226201,48.53352378166801,31.396033238682826,7.598315395562391,,0.75
sdxl_rich,sdxl_0197.png,1,SDXL,True,37.457220333426,0.8313167296893087,0.6691060294577235,2.183769625544936,0.287883695438939,0.3932577035032792,5.998017179119003,4.031567182699683,0.138778966276355,0.6768431221483411,0.0
sdxl_rich,sdxl_0198.png,1,SDXL,True,202.7009620187125,0.8916953601487844,0.7200897489657817,1.409423895451643,0.223518598607987,0.6347279986235324,2.732152590257016,1.6555152176089465,6.076214268486261,0.1570427862929415,0.25
sdxl_rich,sdxl_0199.png,1,SDXL,False,,,,,,,,,,,
sdxl_rich,sdxl_0200.png,1,SDXL,False,,,,,,,,,,,
sdxl_rich,sdxl_0201.png,1,SDXL,False,,,,,,,,,,,
sdxl_rich,sdxl_0202.png,1,SDXL,False,,,,,,,,,,,
sdxl_rich,sdxl_0203.png,1,SDXL,True,170.5060605689086,0.8123861244438243,0.6227198765880159,0.7603604955493612,0.0829835576381007,0.3769938656498837,0.867595212204705,0.5458288574441674,0.2825942605013174,,0.5
sdxl_rich,sdxl_0204.png,1,SDXL,False,,,,,,,,,,,
sdxl_rich,sdxl_0205.png,1,SDXL,True,336.9885457407249,0.7224491198949244,0.5021269069778483,0.9370193775033522,0.1384528332399288,0.4434985292259627,2.008208094652716,1.1688098233578477,0.0447655653092206,,0.5
sdxl_rich,sdxl_0206.png,1,SDXL,False,,,,,,,,,,,
sdxl_rich,sdxl_0207.png,1,SDXL,True,112.94650982209215,0.7916042860734419,0.6159908845149998,1.412331597587123,0.1818509445405928,0.4292341097981903,2.097879799509045,1.6889637374528867,0.7776273809112091,,1.0
sdxl_rich,sdxl_0208.png,1,SDXL,False,,,,,,,,,,,
sdxl_rich,sdxl_0209.png,1,SDXL,True,760.4239370777174,0.7956841087407243,0.5621009056944939,1.2848865364785795,0.1878255008451168,0.238086785429968,2.0493374113413694,1.427060166419268,1.4971263562189092,,1.0
sdxl_rich,sdxl_0210.png,1,SDXL,False,,,,,,,,,,,
sdxl_rich,sdxl_0211.png,1,SDXL,True,831.4205721855553,0.9502394889250192,0.7838310695084169,2.3226336681701363,0.3687149118491173,0.6180520407365099,9.460236700883556,7.641034862893968,7.991122114861578,,1.0
sdxl_rich,sdxl_0212.png,1,SDXL,True,1.4762232700816986,1.0753833014538592,0.9328309578491052,3.945057679096452,0.5313453852565193,0.8062811038266088,43.10634114949172,29.35451920154479,1.545855471905932,0.5015824309683516,0.5
sdxl_rich,sdxl_0213.png,1,SDXL,True,25.08794464168964,0.8640206822951132,0.6842069173422582,3.051115720890131,0.3677454965206899,0.5250053502276033,0.9680537740889577,0.7620991440231372,0.1707273696210401,1.16719739830973,0.5
sdxl_rich,sdxl_0214.png,1,SDXL,True,110.40658171788358,0.8033353009961978,0.6399869108082803,1.6634427917970194,0.2285192921733964,0.684630833926557,74.49377641505735,43.05509025646566,0.5158029822095769,0.0505457125238333,0.0
sdxl_rich,sdxl_0215.png,1,SDXL,True,598.8408030323887,0.8238839186578258,0.608106632860506,1.0147520709144342,0.160225202103133,0.3159950412714026,1.5889705363564983,1.0779019488028525,0.5743537564926586,,0.6666666666666666
sdxl_rich,sdxl_0216.png,1,SDXL,False,,,,,,,,,,,
sdxl_rich,sdxl_0217.png,1,SDXL,False,,,,,,,,,,,
sdxl_rich,sdxl_0218.png,1,SDXL,False,,,,,,,,,,,
sdxl_rich,sdxl_0219.png,1,SDXL,True,401.25921394837854,0.9084178703506208,0.7145135560110301,1.1555706293742016,0.17692036768394,0.526815246488953,0.5325611950512581,0.3369994540704721,1.0056625708889035,,1.0
sdxl_rich,sdxl_0220.png,1,SDXL,True,43.94756495407383,0.8908711316716846,0.7185531783801224,1.210484244452238,0.1784714238653895,0.5524405465059209,1.5467143016390563,1.0237838987358785,0.2441770546596355,0.113107641392693,0.0
sdxl_rich,sdxl_0221.png,1,SDXL,True,146.9924147281504,0.980180155139052,0.7977232777938806,2.0018546236731947,0.275131946441705,0.4821369729257,1.378090370885161,0.8064597693292799,1.0210320514782472,0.543473757527269,0.0
sdxl_rich,sdxl_0222.png,1,SDXL,False,,,,,,,,,,,
sdxl_rich,sdxl_0223.png,1,SDXL,False,,,,,,,,,,,
sdxl_rich,sdxl_0224.png,1,SDXL,False,,,,,,,,,,,
sdxl_rich,sdxl_0225.png,1,SDXL,True,97.86071989687689,0.7929653658118756,0.6155309035859218,1.3486609812529042,0.1855569362683291,0.2684011080749642,1.2242799417141867,0.7300980646263955,0.1169932996498862,0.0683924473610764,0.0
sdxl_rich,sdxl_0226.png,1,SDXL,False,,,,,,,,,,,
sdxl_rich,sdxl_0227.png,1,SDXL,True,222.2584675223517,0.7725211559337506,0.5727342144453771,0.954577367863569,0.1191723365857417,0.8578862294889436,4.32561725512825,2.8142912008769096,0.315366657853064,0.2584475178923489,0.0
sdxl_rich,sdxl_0228.png,1,SDXL,False,,,,,,,,,,,
sdxl_rich,sdxl_0229.png,1,SDXL,True,28.83433570382213,0.9467568961135858,0.7874978782697076,1.6664145491175353,0.208886899818925,0.3038565353215287,3.54103735853289,2.5458202281261717,0.0596022954063392,0.0187669653767112,0.3333333333333333
sdxl_rich,sdxl_0230.png,1,SDXL,False,,,,,,,,,,,
sdxl_rich,sdxl_0231.png,1,SDXL,True,886.7964217090071,0.743130798828693,0.5268618106450836,1.075791070160752,0.1637256038335431,0.2758430746505859,1.241606512741157,0.9690512182671216,0.1009891024138026,,1.0
sdxl_rich,sdxl_0232.png,1,SDXL,False,,,,,,,,,,,
sdxl_rich,sdxl_0233.png,1,SDXL,False,,,,,,,,,,,
sdxl_rich,sdxl_0234.png,1,SDXL,False,,,,,,,,,,,
sdxl_rich,sdxl_0235.png,1,SDXL,True,1106.0412012724505,0.709528713354383,0.4861813079819807,0.8290773892208387,0.1206199781880887,0.1461742867001556,0.0295916537888132,0.026779170114933,0.510930978523493,,0.5
sdxl_rich,sdxl_0236.png,1,SDXL,False,,,,,,,,,,,
sdxl_rich,sdxl_0237.png,1,SDXL,True,102.03115638320249,0.8353852544642342,0.6349744253733015,0.989090141555362,0.1299110004165519,0.6759726451552637,3.3023792900092843,2.247338292864896,0.4850228197471622,0.0461952892051762,0.3333333333333333
sdxl_rich,sdxl_0238.png,1,SDXL,False,,,,,,,,,,,
sdxl_rich,sdxl_0239.png,1,SDXL,False,,,,,,,,,,,
sdxl_rich,sdxl_0240.png,1,SDXL,False,,,,,,,,,,,
sdxl_rich,sdxl_0241.png,1,SDXL,True,12.291604418754748,0.9381165833591156,0.7663578945633157,1.886495156243953,0.2722661736053963,0.4323464125917772,2.7590705564710447,1.9168521047262144,0.0431511144144797,0.470820674899878,0.0
sdxl_rich,sdxl_0242.png,1,SDXL,True,2877.376501116604,0.5996617386153044,0.3893017022167558,0.8282715634642708,0.1127831624909922,0.8693300430161115,1.4667590383888296,0.8519108442679454,4.772599095752053,0.3990927481703661,0.0
sdxl_rich,sdxl_0243.png,1,SDXL,True,513.2686337250848,0.9229138987171897,0.7276457688663578,1.708709281532894,0.2453391806143434,0.6959554068869871,0.4857687179783312,0.3794949218008125,1.0312863837729604,1.0499387609534994,0.25
sdxl_rich,sdxl_0244.png,1,SDXL,False,,,,,,,,,,,
sdxl_rich,sdxl_0245.png,1,SDXL,True,66.1282905546161,1.006810593131545,0.8446423901027853,2.2859007309482524,0.3502347291783793,0.4607664215028266,8.870531715929872,7.3135970270938,0.9652118314721068,0.2968863048187229,0.0
sdxl_rich,sdxl_0246.png,1,SDXL,False,,,,,,,,,,,
sdxl_rich,sdxl_0247.png,1,SDXL,True,354.18814515535473,0.7672183362153979,0.5490168854775431,0.8249064706917487,0.1123639286575324,0.2324444995189214,0.8323413201905367,0.5300164724558369,0.0394813270951582,0.2142781933108022,0.0
sdxl_rich,sdxl_0248.png,1,SDXL,False,,,,,,,,,,,
sdxl_rich,sdxl_0249.png,1,SDXL,False,,,,,,,,,,,
sdxl_pilot,sdxl_0000.png,1,SDXL,False,,,,,,,,,,,
sdxl_pilot,sdxl_0001.png,1,SDXL,False,,,,,,,,,,,
sdxl_pilot,sdxl_0002.png,1,SDXL,False,,,,,,,,,,,
sdxl_pilot,sdxl_0003.png,1,SDXL,False,,,,,,,,,,,
sdxl_pilot,sdxl_0004.png,1,SDXL,False,,,,,,,,,,,
sdxl_pilot,sdxl_0005.png,1,SDXL,True,65.62357869162737,0.8817199530885881,0.7086437814339251,1.9199105870071933,0.2523537588221067,0.5274211358531248,0.8883808365197581,0.7131525025535821,0.0898253940557585,,0.6666666666666666
sdxl_pilot,sdxl_0006.png,1,SDXL,False,,,,,,,,,,,
sdxl_pilot,sdxl_0007.png,1,SDXL,False,,,,,,,,,,,
sdxl_pilot,sdxl_0008.png,1,SDXL,False,,,,,,,,,,,
sdxl_pilot,sdxl_0009.png,1,SDXL,False,,,,,,,,,,,
sdxl_pilot,sdxl_0010.png,1,SDXL,False,,,,,,,,,,,
sdxl_pilot,sdxl_0011.png,1,SDXL,True,281.4601268990211,0.8028289410679594,0.5993086208941439,1.0155309680529667,0.1257224796814183,0.5666810798800617,3.228556796135763,1.8941968907314055,0.1441124943237626,,0.6666666666666666
sdxl_pilot,sdxl_0012.png,1,SDXL,True,21.70095353127764,0.9422413191560582,0.7747248431475833,1.099759681217698,0.1273188713380309,0.8099453357131626,73.33387203409012,42.4382430433398,4.786930702477186,1.0053787508713468,0.0
sdxl_pilot,sdxl_0013.png,1,SDXL,True,226.03783880307728,0.9376706371339962,0.741373226744456,2.34217569455903,0.3910899423560727,0.4516155597585965,0.805803516867968,0.4661351797590107,0.1735135681659178,,0.75
sdxl_pilot,sdxl_0014.png,1,SDXL,False,,,,,,,,,,,
sdxl_pilot,sdxl_0015.png,1,SDXL,True,114.86663216250068,0.8923608027319355,0.6757170995048415,1.2711580789287482,0.156971802727711,0.5670946965665825,0.2786525641430302,0.2136722982399699,0.201918360370826,2.5623249417684413,0.3333333333333333
sdxl_pilot,sdxl_0016.png,1,SDXL,True,117.13423387742618,0.8523143159263655,0.6723759782199948,1.6622399419101723,0.2064977482417562,0.476391456350069,4.540119720553818,3.293160015021872,0.7299513009650392,0.6064566355952747,0.0
sdxl_pilot,sdxl_0017.png,1,SDXL,False,,,,,,,,,,,
sdxl_pilot,sdxl_0018.png,1,SDXL,True,235.83852231832188,0.8765110247936142,0.6800109476568209,1.0279285752313445,0.1277737009420932,0.7232741617511861,4.17691635364578,2.570635204364973,2.139030014821944,,0.5
sdxl_pilot,sdxl_0019.png,1,SDXL,True,18.17930460381518,0.8819990491923596,0.700389697460251,1.2973313328416904,0.1726962997924328,0.6306589407154451,0.418390977952086,0.2494940871048046,0.0719844024884471,0.0682795951768993,0.0
sdxl_pilot,sdxl_0020.png,1,SDXL,True,622.3419781708445,0.6179469261680988,0.4352958593963706,0.441099575846704,0.0304806976717776,0.8825492549838536,4.653143476326505,2.88060494880619,2.554513532265212,,0.5
sdxl_pilot,sdxl_0021.png,1,SDXL,False,,,,,,,,,,,
sdxl_pilot,sdxl_0022.png,1,SDXL,False,,,,,,,,,,,
sdxl_pilot,sdxl_0023.png,1,SDXL,False,,,,,,,,,,,
sdxl_pilot,sdxl_0024.png,1,SDXL,False,,,,,,,,,,,
sdxl_pilot,sdxl_0025.png,1,SDXL,True,1079.744054458054,0.806127037311616,0.5989037663909376,1.1419284027258836,0.1730112391394958,0.9201789365687524,1.6418488818181345,1.0486113805686903,2.819741947807715,,0.5
sdxl_pilot,sdxl_0026.png,1,SDXL,False,,,,,,,,,,,
sdxl_pilot,sdxl_0027.png,1,SDXL,False,,,,,,,,,,,
sdxl_pilot,sdxl_0028.png,1,SDXL,True,1939.854933505072,0.8076648646490212,0.6384761350283762,1.1193224485714073,0.1440960884557437,0.4927925402038211,6.090815112666462,4.911481513280314,15.11876259933526,0.0819026944329124,0.0
sdxl_pilot,sdxl_0029.png,1,SDXL,False,,,,,,,,,,,
sdxl_pilot,sdxl_0030.png,1,SDXL,False,,,,,,,,,,,
sdxl_pilot,sdxl_0031.png,1,SDXL,False,,,,,,,,,,,
sdxl_pilot,sdxl_0032.png,1,SDXL,True,19.46550900053128,0.8732768661324395,0.6951422814462198,1.4986050095265622,0.2247295660378178,0.8965629961011022,1.4808845439641232,0.869402333920457,0.1736815804888021,2.0743978282453317,0.0
sdxl_pilot,sdxl_0033.png,1,SDXL,False,,,,,,,,,,,
sdxl_pilot,sdxl_0034.png,1,SDXL,False,,,,,,,,,,,
sdxl_pilot,sdxl_0035.png,1,SDXL,True,11.790418669039422,0.9119201333692214,0.737592638360906,3.1806102364381648,0.4148565110055251,0.7365152904372604,0.4934053919326828,0.344865184440469,0.586417913495729,,0.6666666666666666
sdxl_pilot,sdxl_0036.png,1,SDXL,True,341.267667492577,0.9508709949692032,0.7682888135273162,2.631343291803872,0.3744389609157829,0.8679809901207307,54.66139986151055,31.58388463104607,10.05603546190223,0.7884987534416306,0.5
sdxl_pilot,sdxl_0037.png,1,SDXL,False,,,,,,,,,,,
sdxl_pilot,sdxl_0038.png,1,SDXL,True,58.87843449329772,0.5709767421618654,0.3913102842424792,0.4449013198268053,0.0358191288304467,0.9631956219466072,33.123194019228364,21.755288272447583,10.721390860302296,,0.5
sdxl_pilot,sdxl_0039.png,1,SDXL,True,27.10137593016425,0.6580369316747251,0.504547378158877,0.6808272598783849,0.0671824499053365,0.5373628694167268,1.0774838281342909,0.6416517550543509,0.1211133365623027,,0.5
sdxl_pilot,sdxl_0040.png,1,SDXL,False,,,,,,,,,,,
sdxl_pilot,sdxl_0041.png,1,SDXL,False,,,,,,,,,,,
sdxl_pilot,sdxl_0042.png,1,SDXL,False,,,,,,,,,,,
sdxl_pilot,sdxl_0043.png,1,SDXL,True,495.3189460259465,0.8625298427062223,0.6787152135551824,1.2335707501181852,0.1631042504917615,0.3715700457066013,5.1335375228567415,4.020549238607583,0.2765203169887315,0.101344377776396,0.3333333333333333
sdxl_pilot,sdxl_0044.png,1,SDXL,False,,,,,,,,,,,
sdxl_pilot,sdxl_0045.png,1,SDXL,True,413.28499906027054,0.8645879267828953,0.6787050656726449,1.978324711083104,0.2566533583368975,0.2433431514104771,1.834693363626954,1.1904782844217685,2.218043886825898,1.4930784903279806,0.5
sdxl_pilot,sdxl_0046.png,1,SDXL,False,,,,,,,,,,,
sdxl_pilot,sdxl_0047.png,1,SDXL,False,,,,,,,,,,,
sdxl_pilot,sdxl_0048.png,1,SDXL,True,9.820291726756532,0.95588788241116,0.7677479954671501,1.8054162350839145,0.207307274866261,0.8789573269150893,14.831762787015052,11.3178159493846,1.4327307185482558,,0.5
sdxl_pilot,sdxl_0049.png,1,SDXL,True,12495.305058000882,0.619403916873651,0.3940841122612213,0.6507679248528462,0.1041752509653042,0.1287925244395695,0.6098609215606814,0.4601467148505404,1.976133198774312,,1.0
sdxl_pilot,sdxl_0050.png,1,SDXL,False,,,,,,,,,,,
sdxl_pilot,sdxl_0051.png,1,SDXL,False,,,,,,,,,,,
sdxl_pilot,sdxl_0052.png,1,SDXL,True,91.10316323061426,0.904228899393174,0.7250941935507429,1.6204667243065032,0.2372686141908111,0.4782773900052081,1.5458865285384036,0.994660408863243,0.9134314128270352,,0.5
sdxl_pilot,sdxl_0053.png,1,SDXL,True,125.4602630868296,0.9564565217497336,0.788628366628333,1.8688961039574423,0.3080071709940852,0.9989574146371556,1.5393210302000426,1.0867974838902483,2.908841219660097,,0.75
sdxl_pilot,sdxl_0054.png,1,SDXL,True,655.2166718412949,0.7397150981123574,0.5545414241428102,0.7955384104813003,0.1010246792001973,0.9995654161438968,6.3812877388782,4.242422171223885,10.57860780104096,,1.0
sdxl_pilot,sdxl_0055.png,1,SDXL,False,,,,,,,,,,,
sdxl_pilot,sdxl_0056.png,1,SDXL,True,38.73489670522539,0.9826631707957224,0.8100612322701032,1.9724852399524564,0.3021502890830069,0.8128388514130634,2.281100090663827,1.5099659569839106,0.3836943095732587,0.985170028153199,0.0
sdxl_pilot,sdxl_0057.png,1,SDXL,True,711.7263991325246,0.5305150523926841,0.3271689816475185,0.6128948012562174,0.081209490231505,0.1808577719950816,1.136695646856012,0.7472024683189122,0.1751796788507657,,1.0
sdxl_pilot,sdxl_0058.png,1,SDXL,False,,,,,,,,,,,
sdxl_pilot,sdxl_0059.png,1,SDXL,True,56.74074358335996,0.8330001038936053,0.6595492689322621,0.9834626776368396,0.1350702798897481,0.4549827519438931,0.388911052701502,0.2303345442197548,0.2268284577730378,0.4217208610797351,0.3333333333333333
sdxl_pilot,sdxl_0060.png,1,SDXL,False,,,,,,,,,,,
sdxl_pilot,sdxl_0061.png,1,SDXL,True,186.5418848064538,0.7393082765471036,0.5301844067669486,0.7368444197795823,0.1054245494229616,0.899070480363418,1.3279410534638032,1.0109707661497738,0.4292322343462544,,1.0
sdxl_pilot,sdxl_0062.png,1,SDXL,False,,,,,,,,,,,
sdxl_pilot,sdxl_0063.png,1,SDXL,True,17.42709931762709,0.9169253014408472,0.7252637150042813,1.985914142194505,0.2872998424730714,0.4489031947913157,2.829070592512366,1.90701219969663,2.126482542853789,,0.75
sdxl_pilot,sdxl_0064.png,1,SDXL,True,84.52104267976696,0.8442783228343262,0.6630590316095883,0.9308363748808114,0.1130219898622843,0.2847477914801072,6.884071190959588,4.908710134398926,0.3255868383095388,0.0304728502558866,0.0
sdxl_pilot,sdxl_0065.png,1,SDXL,False,,,,,,,,,,,
sdxl_pilot,sdxl_0066.png,1,SDXL,False,,,,,,,,,,,
sdxl_pilot,sdxl_0067.png,1,SDXL,False,,,,,,,,,,,
sdxl_pilot,sdxl_0068.png,1,SDXL,True,3.3911946844524223,0.9497361740621696,0.7774513286992395,1.8905113430048672,0.2233448620106166,0.8796418092684225,25.61032367251764,19.203960149503,5.487305884009515,0.00884446779229,0.3333333333333333
sdxl_pilot,sdxl_0069.png,1,SDXL,False,,,,,,,,,,,
sdxl_pilot,sdxl_0070.png,1,SDXL,False,,,,,,,,,,,
sdxl_pilot,sdxl_0071.png,1,SDXL,True,585.7853471939125,0.968699561427179,0.8165766595225229,2.860755218676144,0.4655006093364867,0.7318628615450464,2.613496501611678,1.7154487344480125,0.9388182819145944,,0.75
sdxl_pilot,sdxl_0072.png,1,SDXL,False,,,,,,,,,,,
sdxl_pilot,sdxl_0073.png,1,SDXL,True,10.702833020174854,0.8561694589847526,0.6766772553191132,3.3280892101703614,0.396858231880433,0.417319167623853,4.562973475774925,3.1737602744639246,1.1572492449749818,1.279004327377451,0.0
sdxl_pilot,sdxl_0074.png,1,SDXL,True,353.3078620094739,0.7960330885795506,0.6279931829856014,0.8036996746165684,0.0790834372825972,0.5615670488543424,1.0898195650492395,0.663735593506477,36.91989847314444,,0.5
sdxl_pilot,sdxl_0075.png,1,SDXL,True,55.418779435194935,0.8642731341512774,0.6897492320124016,1.983259378430503,0.251996377967577,0.5452948728583472,2.884775363754258,1.7833325829953484,0.4225572378585038,,1.0
sdxl_pilot,sdxl_0076.png,1,SDXL,True,594.6069365462992,0.9012122214878248,0.7287692870251337,2.020428964259561,0.2964094024901824,0.3100847454781718,1.3159243508774097,0.821102798170327,4.110032947434302,,1.0
sdxl_pilot,sdxl_0077.png,1,SDXL,False,,,,,,,,,,,
sdxl_pilot,sdxl_0078.png,1,SDXL,False,,,,,,,,,,,
sdxl_pilot,sdxl_0079.png,1,SDXL,True,10.430938296973984,0.8734600988885454,0.6979454551611334,1.231297028840873,0.147073693456509,0.6293814834908561,0.5172360382500472,0.3574964878278616,0.0994115462374934,,0.5
sdxl_pilot,sdxl_0080.png,1,SDXL,False,,,,,,,,,,,
sdxl_pilot,sdxl_0081.png,1,SDXL,False,,,,,,,,,,,
sdxl_pilot,sdxl_0082.png,1,SDXL,True,83.26158619728216,0.8178666866194039,0.6438861455469164,1.6631691662315264,0.1873238511557391,0.6918074221605417,5.342973831364574,3.269540446094588,0.8864464759998786,1.2851552644175772,0.0
sdxl_pilot,sdxl_0083.png,1,SDXL,True,58.188625319058445,0.8458125027968777,0.6383805442933163,1.4439441038001828,0.212905028703566,0.5734640757064363,7.727211218796754,4.770516901333786,0.122804809849477,,1.0
sdxl_pilot,sdxl_0084.png,1,SDXL,True,195.89787000805788,0.8248854765431672,0.6482410819124963,1.0372119421567023,0.1335170427783828,0.5092986121103322,5.076656368117824,3.0397829454407725,0.2418656222994385,,1.0
sdxl_pilot,sdxl_0085.png,1,SDXL,True,1170.9865168131794,0.7617665430491218,0.5464716287252234,1.166974681281888,0.1760348657031769,0.3983284927824374,0.8370049063017007,0.6275548940753264,1.8773318249705608,,1.0
sdxl_pilot,sdxl_0086.png,1,SDXL,False,,,,,,,,,,,
sdxl_pilot,sdxl_0087.png,1,SDXL,False,,,,,,,,,,,
sdxl_pilot,sdxl_0088.png,1,SDXL,False,,,,,,,,,,,
sdxl_pilot,sdxl_0089.png,1,SDXL,False,,,,,,,,,,,
sdxl_pilot,sdxl_0090.png,1,SDXL,False,,,,,,,,,,,
sdxl_pilot,sdxl_0091.png,1,SDXL,False,,,,,,,,,,,
sdxl_pilot,sdxl_0092.png,1,SDXL,False,,,,,,,,,,,
sdxl_pilot,sdxl_0093.png,1,SDXL,True,83.98494038477699,0.9748865309570026,0.7728535241925729,2.075998161214197,0.3182046210937079,0.3324849357484594,0.5197972355028355,0.3851026091444584,9.326872203937125,2.304300555938699,0.25
sdxl_pilot,sdxl_0094.png,1,SDXL,False,,,,,,,,,,,
sdxl_pilot,sdxl_0095.png,1,SDXL,False,,,,,,,,,,,
sdxl_pilot,sdxl_0096.png,1,SDXL,False,,,,,,,,,,,
sdxl_pilot,sdxl_0097.png,1,SDXL,True,283.7058347100075,0.7839917225672282,0.612546350814845,0.9380022605157868,0.1012643507046137,0.941611151498408,0.4853918831633876,0.3132862655753441,1.5392386271314984,1.2455525213718852,0.0
sdxl_pilot,sdxl_0098.png,1,SDXL,False,,,,,,,,,,,
sdxl_pilot,sdxl_0099.png,1,SDXL,True,21.926800213660645,0.7869808310544292,0.6189316024098985,0.983971283782488,0.1091094780257568,0.698326976629876,2.2970195652993795,1.6214201962939965,0.0882285451569202,0.7805884271200645,0.0
sdxl_pilot,sdxl_0100.png,1,SDXL,False,,,,,,,,,,,
sdxl_pilot,sdxl_0101.png,1,SDXL,False,,,,,,,,,,,
sdxl_pilot,sdxl_0102.png,1,SDXL,False,,,,,,,,,,,
sdxl_pilot,sdxl_0103.png,1,SDXL,False,,,,,,,,,,,
sdxl_pilot,sdxl_0104.png,1,SDXL,True,85.27814616107321,0.7699796759539851,0.5738741527289024,0.9095458763836056,0.1395261193976943,0.5463835186705782,4.102772903755167,2.4408151170228307,0.3711598111240765,,0.0
sdxl_pilot,sdxl_0105.png,1,SDXL,True,437.68209992686513,0.7471121185262131,0.5567602316151748,0.968499941734652,0.1097957524335968,0.3412585897393104,1.398019879686743,0.8265511869481528,2.7334661315355064,,1.0
sdxl_pilot,sdxl_0106.png,1,SDXL,False,,,,,,,,,,,
sdxl_pilot,sdxl_0107.png,1,SDXL,False,,,,,,,,,,,
sdxl_pilot,sdxl_0108.png,1,SDXL,False,,,,,,,,,,,
sdxl_pilot,sdxl_0109.png,1,SDXL,False,,,,,,,,,,,
sdxl_pilot,sdxl_0110.png,1,SDXL,False,,,,,,,,,,,
sdxl_pilot,sdxl_0111.png,1,SDXL,True,8.294314410910928,0.9017700432275784,0.7477542048256246,2.312325476136695,0.3238133571971343,0.4950184481211588,1.0182397356312975,0.6610107308318137,0.0169871517319388,0.1577999223609261,0.0
sdxl_pilot,sdxl_0112.png,1,SDXL,False,,,,,,,,,,,
sdxl_pilot,sdxl_0113.png,1,SDXL,True,58.093646847410014,0.9661445470082346,0.7788027441288402,2.451583300917653,0.3540460694987203,0.6604452609599979,0.8901086226196355,0.6384070488410677,0.6105763766872169,0.3432913024111741,0.5
sdxl_pilot,sdxl_0114.png,1,SDXL,True,2537.960394362227,0.8972143701573878,0.7294594530123594,1.5361728777098989,0.2240549965672114,0.3618640532300389,5.732907483690752,4.223102650285675,77.87490622935225,,0.75
sdxl_pilot,sdxl_0115.png,1,SDXL,True,57.86845769798186,0.9369145367192908,0.7510038835565017,2.0564416489961017,0.2705748466248907,0.7343499773015983,1.7508027609180346,1.212713226516373,0.0381344297002248,,0.6666666666666666
sdxl_pilot,sdxl_0116.png,1,SDXL,False,,,,,,,,,,,
sdxl_pilot,sdxl_0117.png,1,SDXL,False,,,,,,,,,,,
sdxl_pilot,sdxl_0118.png,1,SDXL,False,,,,,,,,,,,
sdxl_pilot,sdxl_0119.png,1,SDXL,True,405.10108239776224,0.7998242367022694,0.611687861307963,1.0237956822500631,0.1280370818435518,0.4214838775383634,3.621602897954858,2.865580580975523,0.6744351797793132,0.0414795736407835,0.0
sdxl_pilot,sdxl_0120.png,1,SDXL,False,,,,,,,,,,,
sdxl_pilot,sdxl_0121.png,1,SDXL,True,35.80427737185044,0.8026639019397791,0.630466619315228,1.0337053948206587,0.1017163883615587,0.6117336955613135,0.5415198351124246,0.3448023226544759,1.772031443013392,1.2548886456496948,0.0
sdxl_pilot,sdxl_0122.png,1,SDXL,False,,,,,,,,,,,
sdxl_pilot,sdxl_0123.png,1,SDXL,False,,,,,,,,,,,
sdxl_pilot,sdxl_0124.png,1,SDXL,True,3408.2915757455557,0.9128430631529452,0.7176176306418829,2.0811418482675723,0.262260151976292,0.3988717265848772,7.618239456327316,4.856323447117763,139.91263348131278,,1.0
sdxl_pilot,sdxl_0125.png,1,SDXL,True,127.03100763931464,0.7573284461112435,0.5457055170052828,1.3122855985363668,0.1536414227686054,0.3217041910025277,2.194395149602343,1.3955701756530652,0.3559413305994418,,0.5
sdxl_pilot,sdxl_0126.png,1,SDXL,False,,,,,,,,,,,
sdxl_pilot,sdxl_0127.png,1,SDXL,False,,,,,,,,,,,
sdxl_pilot,sdxl_0128.png,1,SDXL,False,,,,,,,,,,,
sdxl_pilot,sdxl_0129.png,1,SDXL,True,440.3787530911137,0.773501307554891,0.5919621331953374,1.4601780211120996,0.2089971538824713,0.6652728951231005,0.8306812339636593,0.5104685532348091,0.9939581687980854,,0.5
sdxl_pilot,sdxl_0130.png,1,SDXL,True,62.83860931762492,0.9644912059826688,0.7818459368762364,1.858704505999504,0.2787029475342267,0.4085733500369748,4.554775469357665,2.671025931779964,2.4679672216030517,1.0095877083142917,0.25
sdxl_pilot,sdxl_0131.png,1,SDXL,True,175.79703837592817,1.0517117809863037,0.9002440172690657,2.4685651450605413,0.4108731821048439,0.7846675674056646,3.960371401429171,2.464518280500356,2.8520071691411437,0.3898354920670828,0.25
sdxl_pilot,sdxl_0132.png,1,SDXL,False,,,,,,,,,,,
sdxl_pilot,sdxl_0133.png,1,SDXL,True,145.43983729408973,0.8524000625854901,0.6798103423424928,2.304968007767352,0.279418274996793,0.3834749440198042,7.925695518705581,5.455212988862016,2.5574876958093857,,0.5
sdxl_pilot,sdxl_0134.png,1,SDXL,False,,,,,,,,,,,
sdxl_pilot,sdxl_0135.png,1,SDXL,True,638.5055858651696,0.9128844942050848,0.7324254874321463,2.036237296341596,0.2187138818487605,0.4007819012308972,3.990806354005997,2.4259553374220424,3.163208668344547,,1.0
sdxl_pilot,sdxl_0136.png,1,SDXL,True,112.35908396625491,0.8976088248450333,0.7073279333680957,1.4245998735299157,0.2024745985868641,0.4442570824098352,3.0760730532947065,2.006409843554069,1.0852568368996665,0.5791105977668831,0.0
sdxl_pilot,sdxl_0137.png,1,SDXL,False,,,,,,,,,,,
sdxl_pilot,sdxl_0138.png,1,SDXL,False,,,,,,,,,,,
sdxl_pilot,sdxl_0139.png,1,SDXL,False,,,,,,,,,,,
sdxl_pilot,sdxl_0140.png,1,SDXL,False,,,,,,,,,,,
sdxl_pilot,sdxl_0141.png,1,SDXL,False,,,,,,,,,,,
sdxl_pilot,sdxl_0142.png,1,SDXL,True,64.90091221070288,0.9174540964982166,0.7532088529882975,1.481755382800705,0.1911223305075592,0.7726069357625486,1.6207925495538549,1.284615239490492,0.2336896319583527,1.0600865601272955,0.0
sdxl_pilot,sdxl_0143.png,1,SDXL,False,,,,,,,,,,,
sdxl_pilot,sdxl_0144.png,1,SDXL,False,,,,,,,,,,,
sdxl_pilot,sdxl_0145.png,1,SDXL,False,,,,,,,,,,,
sdxl_pilot,sdxl_0146.png,1,SDXL,False,,,,,,,,,,,
sdxl_pilot,sdxl_0147.png,1,SDXL,False,,,,,,,,,,,
sdxl_pilot,sdxl_0148.png,1,SDXL,False,,,,,,,,,,,
sdxl_pilot,sdxl_0149.png,1,SDXL,False,,,,,,,,,,,
sdxl_pilot,sdxl_0150.png,1,SDXL,False,,,,,,,,,,,
sdxl_pilot,sdxl_0151.png,1,SDXL,True,3.766948668638976,0.8925499712231433,0.7233631222303305,2.539914178892683,0.275761014867531,0.4498221308485456,75.00997909103558,43.696967750766845,14.785884219296223,1.032555988513269,0.0
sdxl_pilot,sdxl_0152.png,1,SDXL,False,,,,,,,,,,,
sdxl_pilot,sdxl_0153.png,1,SDXL,False,,,,,,,,,,,
sdxl_pilot,sdxl_0154.png,1,SDXL,False,,,,,,,,,,,
sdxl_pilot,sdxl_0155.png,1,SDXL,True,29.997447145248973,0.8990117766436089,0.7229361557288709,2.365884226803708,0.3055776885765948,0.6171278115389842,0.601348725180415,0.3543865991541517,0.1398284990604773,0.2554433581291988,0.0
sdxl_pilot,sdxl_0156.png,1,SDXL,False,,,,,,,,,,,
sdxl_pilot,sdxl_0157.png,1,SDXL,False,,,,,,,,,,,
sdxl_pilot,sdxl_0158.png,1,SDXL,False,,,,,,,,,,,
sdxl_pilot,sdxl_0159.png,1,SDXL,True,96.41905429373678,0.8607652211922819,0.6650560131502555,1.0178819764397835,0.1161284382380236,0.5574022888517899,5.954769564403151,3.561617468217983,2.016286042515667,0.3997703998621595,0.3333333333333333
sdxl_pilot,sdxl_0160.png,1,SDXL,False,,,,,,,,,,,
sdxl_pilot,sdxl_0161.png,1,SDXL,True,66.5887629228936,0.8157310440642149,0.6064600315477631,1.4705880839868808,0.1815126513944203,0.4185287093905734,0.5307772210468897,0.4038845911942283,27.407554844952607,,1.0
sdxl_pilot,sdxl_0162.png,1,SDXL,False,,,,,,,,,,,
sdxl_pilot,sdxl_0163.png,1,SDXL,False,,,,,,,,,,,
sdxl_pilot,sdxl_0164.png,1,SDXL,False,,,,,,,,,,,
sdxl_pilot,sdxl_0165.png,1,SDXL,True,1163.988536349348,0.8630526059887347,0.6853732409703835,1.2144959732293066,0.1479921874264231,0.5514785436283371,0.9586260438080388,0.5559166227586573,4.008796123654262,,0.5
sdxl_pilot,sdxl_0166.png,1,SDXL,False,,,,,,,,,,,
sdxl_pilot,sdxl_0167.png,1,SDXL,False,,,,,,,,,,,
sdxl_pilot,sdxl_0168.png,1,SDXL,False,,,,,,,,,,,
sdxl_pilot,sdxl_0169.png,1,SDXL,True,110.27783478879164,0.8104566938199972,0.6314191351545053,1.243958713447746,0.1586712961493273,0.7141678316891975,2.62893283392188,1.5712053275534523,0.3953701019132852,0.1927851284681772,0.0
sdxl_pilot,sdxl_0170.png,1,SDXL,False,,,,,,,,,,,
sdxl_pilot,sdxl_0171.png,1,SDXL,True,123.96288772905848,0.9460504848175718,0.7778034382393892,2.2229085069713905,0.3256018313652442,0.7896937821715291,0.9911589352750668,0.5800420515985366,1.145878270837647,0.3852656363592208,0.25
sdxl_pilot,sdxl_0172.png,1,SDXL,False,,,,,,,,,,,
sdxl_pilot,sdxl_0173.png,1,SDXL,True,160.7815560022037,0.9347272005782908,0.7534730564111067,2.118508378778494,0.2741981707290024,0.3503727794409715,0.9274985518400456,0.7246586369293027,0.2323816455150446,0.8801214937850004,0.0
sdxl_pilot,sdxl_0174.png,1,SDXL,False,,,,,,,,,,,
sdxl_pilot,sdxl_0175.png,1,SDXL,True,217.31294466134767,0.9660679866921004,0.7840766971222556,2.422753849805373,0.3252803231504658,0.8659864601054716,1.069048912006565,0.6172718968496683,1.599852126068876,,0.6666666666666666
sdxl_pilot,sdxl_0176.png,1,SDXL,False,,,,,,,,,,,
sdxl_pilot,sdxl_0177.png,1,SDXL,True,414.09909899792666,0.8320740735196767,0.6592065444901443,1.5376162929802202,0.183844189184247,0.7113769413672408,0.4560611788771354,0.3053948241562602,1.3157836518502846,0.322745599619509,0.3333333333333333
sdxl_pilot,sdxl_0178.png,1,SDXL,False,,,,,,,,,,,
sdxl_pilot,sdxl_0179.png,1,SDXL,False,,,,,,,,,,,
sdxl_pilot,sdxl_0180.png,1,SDXL,False,,,,,,,,,,,
sdxl_pilot,sdxl_0181.png,1,SDXL,True,40.0566761579291,0.7211369522285901,0.5514013836542401,1.0198328365950726,0.1306704702715188,0.6681847308017622,0.8619314929017463,0.5384905798909784,0.0638340596734179,0.287068008073529,0.0
sdxl_pilot,sdxl_0182.png,1,SDXL,True,35.876115761987045,0.9466934790018238,0.7775822787162794,1.8037787276980377,0.2654886037853119,0.7130921174108773,0.4352311584951422,0.3577954029878305,0.0983904002191291,0.4231106374378726,0.0
sdxl_pilot,sdxl_0183.png,1,SDXL,False,,,,,,,,,,,
sdxl_pilot,sdxl_0184.png,1,SDXL,False,,,,,,,,,,,
sdxl_pilot,sdxl_0185.png,1,SDXL,True,642.1908472712604,0.7882704699875182,0.5718242329313834,0.8344757365731472,0.0993940366611718,0.2889872979501148,0.6685733426127314,0.528825449977591,6.157110344386475,,0.5
sdxl_pilot,sdxl_0186.png,1,SDXL,False,,,,,,,,,,,
sdxl_pilot,sdxl_0187.png,1,SDXL,False,,,,,,,,,,,
sdxl_pilot,sdxl_0188.png,1,SDXL,False,,,,,,,,,,,
sdxl_pilot,sdxl_0189.png,1,SDXL,True,34.38280362811057,0.7414266439640925,0.5691676405326895,0.6565418433257602,0.0520449988206919,0.9089826257686038,2.259545100459462,1.7383958710041456,0.0626211616087287,0.8216500979650565,0.0
sdxl_pilot,sdxl_0190.png,1,SDXL,False,,,,,,,,,,,
sdxl_pilot,sdxl_0191.png,1,SDXL,True,131.50063486631907,0.9484321824948196,0.7642431680665728,1.500052328102747,0.1885190995386522,0.6483166566625114,1.2664493084484576,0.8913113758425806,0.9628787140927204,,1.0
sdxl_pilot,sdxl_0192.png,1,SDXL,False,,,,,,,,,,,
sdxl_pilot,sdxl_0193.png,1,SDXL,True,118.70686529064696,0.6756460032886289,0.4957924852447826,1.6143256197627642,0.1770742068962311,0.3516744943095184,1.8825295289669128,1.2844937328696044,0.1645789917082669,,0.5
sdxl_pilot,sdxl_0194.png,1,SDXL,False,,,,,,,,,,,
sdxl_pilot,sdxl_0195.png,1,SDXL,True,52.66874179224966,0.9780002524617069,0.7969468574349409,1.9411896412807983,0.3082483247530303,0.839861726646508,0.6723844507519203,0.4039077220377169,0.1009475712307279,,0.75
sdxl_pilot,sdxl_0196.png,1,SDXL,True,16.674513865475653,0.9401085244959926,0.7714800574269215,2.6499928854059136,0.3334816857021345,0.67081782586802,47.67164910193998,27.855325415710084,0.6201106455580307,0.1038623642419702,0.0
sdxl_pilot,sdxl_0197.png,1,SDXL,False,,,,,,,,,,,
sdxl_pilot,sdxl_0198.png,1,SDXL,True,231.492540785886,0.8994885311573332,0.7009931906235809,1.267337057236796,0.184506149869784,0.6176897097464578,1.043806466276834,0.7672267124467035,0.1475005433764992,0.3102490219036564,0.0
sdxl_pilot,sdxl_0199.png,1,SDXL,False,,,,,,,,,,,
gemini,0000.png,1,Gemini,False,,,,,,,,,,,
gemini,0001.png,1,Gemini,False,,,,,,,,,,,
gemini,0002.png,1,Gemini,False,,,,,,,,,,,
gemini,0003.png,1,Gemini,False,,,,,,,,,,,
gemini,0004.png,1,Gemini,False,,,,,,,,,,,
gemini,0005.png,1,Gemini,False,,,,,,,,,,,
gemini,0006.png,1,Gemini,False,,,,,,,,,,,
gemini,0007.png,1,Gemini,False,,,,,,,,,,,
gemini,0008.png,1,Gemini,False,,,,,,,,,,,
gemini,0009.png,1,Gemini,False,,,,,,,,,,,
gemini,0010.png,1,Gemini,True,163.09464712213082,0.9298542200736648,0.7684049601723464,1.4889521861779145,0.2161644882392309,0.2480554794990037,85.96210046461911,49.642308467849645,26.008030612204493,0.1612464775628534,0.3333333333333333
gemini,0011.png,1,Gemini,False,,,,,,,,,,,
gemini,0012.png,1,Gemini,False,,,,,,,,,,,
gemini,0013.png,1,Gemini,True,53.89897937824818,0.930824285964646,0.7726342138971293,1.5619912407748893,0.1974978153679316,0.4560502503796559,19.947876266322268,14.120226252108006,0.7944629841624763,,1.0
gemini,0014.png,1,Gemini,False,,,,,,,,,,,
gemini,0015.png,1,Gemini,True,6.020894037839577,1.0108760314216303,0.837641340518144,2.8433348029224224,0.3900115070695285,0.7013054613749728,14.9544564539963,8.791223286692537,0.3559090604078466,1.9181292572384727,0.25
gemini,0016.png,1,Gemini,False,,,,,,,,,,,
gemini,0017.png,1,Gemini,False,,,,,,,,,,,
gemini,0018.png,1,Gemini,False,,,,,,,,,,,
gemini,0019.png,1,Gemini,False,,,,,,,,,,,
gemini,0020.png,1,Gemini,False,,,,,,,,,,,
gemini,0021.png,1,Gemini,True,112.02720461564898,0.8057124739592961,0.6214008476123193,0.803250710126882,0.0994486734316542,0.7709902682592725,1.4103247568909012,1.0463737726517788,1.1517743594603818,,0.5
gemini,0022.png,1,Gemini,False,,,,,,,,,,,
gemini,0023.png,1,Gemini,False,,,,,,,,,,,
gemini,0024.png,1,Gemini,False,,,,,,,,,,,
gemini,0025.png,1,Gemini,True,339.848210465586,0.6870216356900144,0.530679430566773,0.916869400657591,0.0931311184874886,0.5185207478044997,1.3817692239394574,0.8350471772498598,1.4035113646948212,,0.0
gemini,0026.png,1,Gemini,False,,,,,,,,,,,
gemini,0027.png,1,Gemini,True,47.69617776740496,0.8035186527820994,0.5875974996229446,0.8050755884200311,0.0948016900775413,0.57659872038541,14.430476400627768,8.445780426661221,12.323058205341187,,1.0
gemini,0028.png,1,Gemini,True,128.7249097680348,1.0080278649981589,0.8238834626376622,2.049844856589272,0.3283273999986458,0.8196470601105021,19.357303159338656,14.953386146457063,3.466287736058841,,1.0
gemini,0029.png,1,Gemini,False,,,,,,,,,,,
gemini,0030.png,1,Gemini,False,,,,,,,,,,,
gemini,0031.png,1,Gemini,False,,,,,,,,,,,
gemini,0032.png,1,Gemini,False,,,,,,,,,,,
gemini,0033.png,1,Gemini,True,7.2869356665185245,0.9746608055465706,0.7950619494273705,1.39426844098009,0.2164099619013981,0.5924553040890467,0.7219720055534395,0.5489093002471248,0.3806058654323195,0.0251032305217329,0.25
gemini,0034.png,1,Gemini,False,,,,,,,,,,,
gemini,0035.png,1,Gemini,True,171.45979422260768,0.9078976195216032,0.7269796346795371,2.5089299483897403,0.3590057912415543,0.3887698406922962,1.8369142740712332,1.27859218740262,0.4803666993347738,,0.6666666666666666
gemini,0036.png,1,Gemini,False,,,,,,,,,,,
gemini,0037.png,1,Gemini,True,292.2740784292112,0.8314741350214464,0.6354224509704293,0.7290572584107834,0.0719413656941144,0.5086894980321082,0.7720681088259624,0.4874287774412443,1.072120822176861,0.2730593047610465,0.0
gemini,0038.png,1,Gemini,False,,,,,,,,,,,
gemini,0039.png,1,Gemini,True,1605.2712167508296,0.7542926294965469,0.5896034027908125,0.8042279741856954,0.0983162913572193,0.6280879385849625,4.123790849287374,2.785599144626828,12.570072508583214,,1.0
gemini,0040.png,1,Gemini,False,,,,,,,,,,,
gemini,0041.png,1,Gemini,False,,,,,,,,,,,
gemini,0042.png,1,Gemini,False,,,,,,,,,,,
gemini,0043.png,1,Gemini,False,,,,,,,,,,,
gemini,0044.png,1,Gemini,False,,,,,,,,,,,
gemini,0045.png,1,Gemini,True,276.33618610197067,0.8473754317577104,0.6494152965055072,1.0291449838649762,0.1302681853474221,0.54692266686945,0.7976060228838833,0.5777945744364384,0.327930656341301,,0.6666666666666666
gemini,0046.png,1,Gemini,True,7.135583188381728,0.9018780979568022,0.715431190296345,0.9179103079363904,0.0920684873680933,0.4776744227360202,15.53329924543182,12.769096458626146,0.240456159350651,2.150831866116971,0.0
gemini,0047.png,1,Gemini,False,,,,,,,,,,,
gemini,0048.png,1,Gemini,False,,,,,,,,,,,
gemini,0049.png,1,Gemini,False,,,,,,,,,,,
gemini,0050.png,1,Gemini,True,37.64319469618072,0.8882724747111428,0.7068042436918568,1.7116851347619764,0.2367711723142458,0.7796110304191909,1.2775045325142855,0.8303260500880738,0.3599743584535138,0.3793296113823183,0.0
gemini,0070.png,1,Gemini,False,,,,,,,,,,,
gemini,0071.png,1,Gemini,False,,,,,,,,,,,
gemini,0072.png,1,Gemini,False,,,,,,,,,,,
gemini,0073.png,1,Gemini,False,,,,,,,,,,,
gemini,0074.png,1,Gemini,True,10.948083974914365,1.044669789724335,0.8751713022362414,2.083761513398449,0.319253436124871,0.4061758152639229,1.9510440469685195,1.1368905911904428,0.1515377045181806,0.3481419849728366,0.3333333333333333
gemini,0075.png,1,Gemini,False,,,,,,,,,,,
gemini,0076.png,1,Gemini,False,,,,,,,,,,,
gemini,0077.png,1,Gemini,True,213.028272405112,0.7474903359265569,0.5682008052331549,0.7147543101944394,0.0845646875313981,0.8743182196423026,3.1604756961040863,1.8872586323420648,0.4418867263968623,,0.5
gemini,0078.png,1,Gemini,False,,,,,,,,,,,
gemini,0079.png,1,Gemini,False,,,,,,,,,,,
gemini,0080.png,1,Gemini,False,,,,,,,,,,,
gemini,0081.png,1,Gemini,True,38.350587246237474,0.7221010765371072,0.5339131572487522,0.6240195559173577,0.05758000099863,0.5043464791178321,0.1717809659664624,0.1008684474821633,0.0120025793760569,,0.5
gemini,0082.png,1,Gemini,True,4.467848087104364,0.9399546323676186,0.7664157440031756,1.985483023049646,0.3033782519165868,0.5376475311320504,5.85520311372575,3.8931622021894263,0.131815143345273,0.1855987579139286,0.0
gemini,0083.png,1,Gemini,False,,,,,,,,,,,
gemini,0084.png,1,Gemini,True,8.00734175442962,0.9329862319543428,0.7703887862268938,1.6111266797746928,0.2220712151384402,0.4066184223779728,0.5003605356280616,0.3061537013492792,0.0444309166020141,0.0843355322207752,0.0
gemini,0085.png,1,Gemini,True,14.518394977883414,0.8249365784351914,0.6508827353257197,1.6474407797352757,0.2135409902128735,0.330913895910593,1.0815163635228089,0.6930015430280877,0.0153297535561568,0.0070934895157321,0.0
gemini,0086.png,1,Gemini,False,,,,,,,,,,,
gemini,0087.png,1,Gemini,True,31.330972180443784,0.7090720475667379,0.5351614688777052,2.303427801455909,0.2548886806686738,0.3110599471267538,29.410762360427213,17.681756523987247,6.6661976976929,1.874173608740364,0.3333333333333333
gemini,0088.png,1,Gemini,False,,,,,,,,,,,
gemini,0089.png,1,Gemini,True,23.070745331700326,0.8225972862437302,0.6385707177011739,1.1173349689028471,0.1517108242171299,0.3168993638525575,0.260523603233139,0.1750116044082923,0.0036370137391526,0.0416749697414342,0.0
gemini,0090.png,1,Gemini,False,,,,,,,,,,,
gemini,0091.png,1,Gemini,True,15.604674256648044,0.757819791081482,0.5914770198679659,1.3142850908327934,0.1567482146378173,0.6478409057898026,0.1361959111515176,0.079109560669891,0.0472655033392759,0.425304293209094,0.0
gemini,0092.png,1,Gemini,True,92.4117846187783,0.8908587396658417,0.7294183929417543,1.6308512757588685,0.2611855345760951,0.8475481393963457,3.089057614538561,1.830261837422759,1.7351464392275628,0.6690970897601574,0.25
gemini,0093.png,1,Gemini,True,18.827942562623043,0.8868974267221233,0.7143311675042003,1.7448584848986686,0.226690338254565,0.4492313213087619,0.074462679704979,0.0431551400850973,0.0296696749081169,0.1817950895909543,0.0
gemini,0094.png,1,Gemini,False,,,,,,,,,,,
gemini,0095.png,1,Gemini,False,,,,,,,,,,,
gemini,0096.png,1,Gemini,True,114.31537730130982,0.8777817667934769,0.7179545213784406,1.3572559200897207,0.1700418366219918,0.9060664036296592,10.269985575031484,7.935336726895557,17.777419811797017,1.930894536100292,0.0
gemini,0097.png,1,Gemini,True,13484.277441877255,0.7976832011959962,0.5913286502239624,1.2280934252240876,0.140969044698085,0.466698258561639,1.5400739392835874,0.8954652461070962,77.12399321949906,,1.0
gemini,0098.png,1,Gemini,False,,,,,,,,,,,
gemini,0099.png,1,Gemini,False,,,,,,,,,,,
gemini,0100.png,1,Gemini,False,,,,,,,,,,,
gemini,0101.png,1,Gemini,False,,,,,,,,,,,
gemini,0102.png,1,Gemini,False,,,,,,,,,,,
gemini,0103.png,1,Gemini,True,8.09937422306449,0.8411669996873308,0.6933768140962737,3.304061363047599,0.3417012789961239,0.5802044845107238,75.38134847855952,69.56683011774808,136.24622738632254,,0.75
gemini,0104.png,1,Gemini,True,733.4679950318184,0.9611989726225246,0.7796464158937296,1.884529301148928,0.2754958501173744,0.9404294064123562,4.8541423198540485,3.048266901491669,21.80385667033443,0.65229724827363,0.0
gemini,0105.png,1,Gemini,True,300.75074841040697,0.8259106633265945,0.6633700916670892,1.0389138252264611,0.1108494833636208,0.3734994751191028,3.021150369528371,2.064543743391738,2.071790327925305,0.183681402035357,0.0
gemini,0106.png,1,Gemini,False,,,,,,,,,,,
gemini,0107.png,1,Gemini,False,,,,,,,,,,,
gemini,0108.png,1,Gemini,False,,,,,,,,,,,
gemini,0109.png,1,Gemini,False,,,,,,,,,,,
gemini,0110.png,1,Gemini,False,,,,,,,,,,,
gemini,0111.png,1,Gemini,True,25.98436844123156,0.9255725161136455,0.7712025664622544,1.5045874707349327,0.2076113256225372,0.5374780932461198,0.602232273771321,0.425355852393519,0.185028936904655,0.6237270631797571,0.25
gemini,0112.png,1,Gemini,True,23.609056784129457,0.8364344631393991,0.6559054313286643,1.714479307015104,0.2340343522171882,0.5221149930160973,2.7588161582406343,2.155850519647267,0.0794745804301029,,0.0
gemini,0113.png,1,Gemini,False,,,,,,,,,,,
gemini,0114.png,1,Gemini,False,,,,,,,,,,,
gemini,0115.png,1,Gemini,False,,,,,,,,,,,
gemini,0116.png,1,Gemini,False,,,,,,,,,,,
gemini,0117.png,1,Gemini,False,,,,,,,,,,,
gemini,0118.png,1,Gemini,False,,,,,,,,,,,
gemini,0119.png,1,Gemini,False,,,,,,,,,,,
gemini,0120.png,1,Gemini,False,,,,,,,,,,,
gemini,0121.png,1,Gemini,True,37.435394904943415,0.8355989874198948,0.6169662534506752,0.7914607093387147,0.0992746395440792,0.7971810218604214,1.835424293874638,1.3075479105048,0.5007185830938375,,0.0
gemini,0122.png,1,Gemini,True,532.0729033067976,0.8982334674766783,0.7232017936179281,1.428629787707883,0.2122527137188336,0.2203539025553161,8.986696644282901,7.173374585858821,5.343832419943471,0.0454981222072135,0.0
gemini,0123.png,1,Gemini,False,,,,,,,,,,,
gemini,0124.png,1,Gemini,False,,,,,,,,,,,
gemini,0125.png,1,Gemini,False,,,,,,,,,,,
gemini,0126.png,1,Gemini,False,,,,,,,,,,,
gemini,0127.png,1,Gemini,False,,,,,,,,,,,
gemini,0128.png,1,Gemini,True,24.966165578807168,1.045067591905894,0.8780271226790775,2.6832016150260958,0.3761113970655856,0.6270404695318723,9.576507549743638,7.725472633178113,0.1710824797004792,0.1907750135861459,0.0
gemini,0129.png,1,Gemini,False,,,,,,,,,,,
gemini,0130.png,1,Gemini,True,13.64467754208886,1.0286936326241047,0.8844852810763902,1.477570993262768,0.2051059710674935,0.7431557722925674,71.51609555130766,41.50515637854528,2.932960525729348,0.6649832844531076,0.25
gemini,0131.png,1,Gemini,False,,,,,,,,,,,
gemini,0132.png,1,Gemini,True,194.99980160605568,0.8061758485341718,0.6140529025911785,2.5294498472213465,0.2960524863539178,0.6791466540637123,7.430291643423601,4.84450704996295,6.82235836392402,,0.6666666666666666
gemini,0133.png,1,Gemini,False,,,,,,,,,,,
gemini,0134.png,1,Gemini,False,,,,,,,,,,,
gemini,0135.png,1,Gemini,True,209.6459106552812,0.7613690088127484,0.5520655253735415,3.619846369335374,0.434157116060523,0.5551992067867498,2.422750005549858,1.9763664966225052,12.375485742972945,1.0264079829949695,0.5
gemini,0136.png,1,Gemini,False,,,,,,,,,,,
gemini,0137.png,1,Gemini,True,81.09345948243586,0.8611511578954567,0.6706782239311152,1.3445100295724324,0.1804106024465783,0.5139753746844843,4.041105164155681,2.799851380667234,0.2780638781481873,,1.0
gemini,0138.png,1,Gemini,False,,,,,,,,,,,
gemini,0139.png,1,Gemini,True,77.50336057342382,0.7892905507919885,0.6186834907717208,0.845690530097827,0.0872749749582495,0.5551061077674789,0.9528224679166044,0.5668755187310124,0.6191095637019389,,0.5
gemini,0140.png,1,Gemini,False,,,,,,,,,,,
gemini,0141.png,1,Gemini,False,,,,,,,,,,,
gemini,0142.png,1,Gemini,False,,,,,,,,,,,
gemini,0143.png,1,Gemini,True,70.96425942212312,0.6143048764835118,0.4824604759206572,0.5766821877129232,0.0317494042106582,0.7133704022833081,10.706633477243628,6.8672920874749614,2.2719621904995217,,0.5
gemini,0144.png,1,Gemini,False,,,,,,,,,,,
gemini,0145.png,1,Gemini,True,38.21448737649008,0.8201371695292329,0.64893893183166,1.1238041795019575,0.1111793503822759,0.5545627143947033,1.6899432504249603,1.161693378609017,0.1277361903242495,,1.0
gemini,0146.png,1,Gemini,False,,,,,,,,,,,
gemini,0147.png,1,Gemini,False,,,,,,,,,,,
gemini,0148.png,1,Gemini,False,,,,,,,,,,,
gemini,0149.png,1,Gemini,False,,,,,,,,,,,
gemini,0150.png,1,Gemini,False,,,,,,,,,,,
gemini,0151.png,1,Gemini,False,,,,,,,,,,,
gemini,0152.png,1,Gemini,False,,,,,,,,,,,
gemini,0153.png,1,Gemini,True,2.140029026558756,0.8318689185125742,0.6321261084752038,1.189838211440525,0.1980519640627266,0.4224330868197918,10.064392367843098,6.289205602259197,1.0042520629092089,0.2049816288180004,0.25
gemini,0154.png,1,Gemini,False,,,,,,,,,,,
gemini,0155.png,1,Gemini,True,10.420075870511235,0.9719971131000786,0.7933874274550087,2.15473929780322,0.308041275547047,0.9240179985559708,5.915721578404742,3.4747349910456937,0.3777192611544469,,0.75
gemini,0156.png,1,Gemini,False,,,,,,,,,,,
gemini,0157.png,1,Gemini,False,,,,,,,,,,,
gemini,0158.png,1,Gemini,False,,,,,,,,,,,
gemini,0159.png,1,Gemini,True,27.840751684918875,0.8436836689673864,0.6776093454418063,1.0396061288200464,0.1137627914231609,0.632816494874556,0.3046878960740571,0.1933008506044327,0.0914341521629588,0.338309692294465,0.0
gemini,0160.png,1,Gemini,False,,,,,,,,,,,
gemini,0161.png,1,Gemini,False,,,,,,,,,,,
gemini,0162.png,1,Gemini,False,,,,,,,,,,,
gemini,0163.png,1,Gemini,True,38.5230535464172,0.8654488171971124,0.6898985414333397,2.209516211721704,0.2386530923575258,0.8976980557931343,77.36646800763467,44.72075506211198,1.5963485090397995,1.4435979973731774,0.5
gemini,0164.png,1,Gemini,False,,,,,,,,,,,
gemini,0165.png,1,Gemini,True,208.4774549845264,0.6685071147311924,0.4855411494962858,0.5640572082179404,0.0514514572827505,0.2909975607417087,0.691640901305675,0.4869742549345162,0.8632656544826425,,0.5
gemini,0166.png,1,Gemini,False,,,,,,,,,,,
gemini,0167.png,1,Gemini,False,,,,,,,,,,,
gemini,0168.png,1,Gemini,False,,,,,,,,,,,
gemini,0169.png,1,Gemini,False,,,,,,,,,,,
gemini,0170.png,1,Gemini,False,,,,,,,,,,,
gemini,0171.png,1,Gemini,False,,,,,,,,,,,
gemini,0172.png,1,Gemini,True,133.63475031934985,0.9194760950094344,0.7558224413647886,1.221009362068469,0.1762004658342024,0.4464276305607966,9.84523666250128,6.802698697267501,1.437304007590677,,1.0
gemini,0173.png,1,Gemini,True,32347.609581443547,0.8160937386158256,0.633471793325224,3.078183192034089,0.3294864249462389,0.2910299552187294,8.38686587010308,4.873369407141619,149.64149769994793,,
gemini,0174.png,1,Gemini,False,,,,,,,,,,,
gemini,0175.png,1,Gemini,True,91.57406540465745,0.8595157386064511,0.6923526253829803,1.68466573412653,0.2255958869888498,0.9217119586034358,10.89664427246666,6.511568048730047,0.4322072315794872,,1.0
gemini,0176.png,1,Gemini,True,4657.819925919871,0.8912335898802612,0.7135625007035122,1.66382035929294,0.2381460153321232,0.3622537268825684,3.054835301302518,1.956065040796467,27.23091216206192,,1.0
gemini,0177.png,1,Gemini,True,45.61036774464112,0.8348566085441573,0.6499667013513524,1.1189683250218694,0.1183307636751487,0.4081499305199761,4.051344047842591,2.8796649368148843,0.3690850123237675,0.1350752296078905,0.0
gemini,0178.png,1,Gemini,True,95.74700068962792,0.6936405080391899,0.5235048735707765,0.6262762103372402,0.0556645309667333,0.3233212277304035,5.249350740300045,3.427041300689256,0.6769497829199929,0.119363551707754,0.0
gemini,0179.png,1,Gemini,False,,,,,,,,,,,
gemini,0180.png,1,Gemini,False,,,,,,,,,,,
gemini,0181.png,1,Gemini,False,,,,,,,,,,,
gemini,0182.png,1,Gemini,False,,,,,,,,,,,
gemini,0183.png,1,Gemini,False,,,,,,,,,,,
gemini,0184.png,1,Gemini,False,,,,,,,,,,,
gemini,0185.png,1,Gemini,True,12.162576685450793,0.8723499089871701,0.6915961450870339,0.8820058830164754,0.105155743549622,0.4122998807771557,1.479636579764346,0.9118330684741548,0.114981794149625,0.1054058544466221,0.3333333333333333
gemini,0186.png,1,Gemini,True,62.97930857424046,0.818110150981724,0.6568945669438733,0.9843204109168392,0.1051560293724815,0.3636400792652395,14.99766317807132,10.641899234215606,0.8069565647726674,0.0791130145560439,0.0
gemini,0187.png,1,Gemini,False,,,,,,,,,,,
gemini,0188.png,1,Gemini,False,,,,,,,,,,,
gemini,0189.png,1,Gemini,False,,,,,,,,,,,
gemini,0190.png,1,Gemini,True,71.41381483103086,0.8357729988771097,0.6615287609443242,1.8566738000568157,0.2200903178102974,0.8734470258932439,64.39046040416396,37.8989719083886,14.88955542559612,0.5047346927872214,0.0
gemini,0191.png,1,Gemini,False,,,,,,,,,,,
gemini,0192.png,1,Gemini,False,,,,,,,,,,,
gemini,0193.png,1,Gemini,True,23.477632363536134,0.9601052607038316,0.8003207678169643,4.445389902505967,0.4940125816594069,0.4392944865009738,26.898297724404017,15.592294981496869,6.899300458147172,,0.75
gemini,0194.png,1,Gemini,False,,,,,,,,,,,
gemini,0195.png,1,Gemini,True,52.298386106432304,0.9522892202858656,0.7762963558141471,2.5254001058769213,0.3236241171611892,0.4724216382349748,0.6040671071188797,0.3497640124485912,0.2415270959880086,3.901763145730275,0.25
gemini,0196.png,1,Gemini,False,,,,,,,,,,,
gemini,0197.png,1,Gemini,False,,,,,,,,,,,
gemini,0198.png,1,Gemini,False,,,,,,,,,,,
gemini,0199.png,1,Gemini,False,,,,,,,,,,,
gptimage,0000.png,1,ChatGPT,False,,,,,,,,,,,
gptimage,0001.png,1,ChatGPT,True,19.91726198444763,0.8493892494920554,0.6696136848914119,0.7632571507589511,0.0787374688678089,0.6686339526096653,2.900729918376655,1.8224615330111855,0.2492116625176226,0.4908140326113965,0.0
gptimage,0002.png,1,ChatGPT,False,,,,,,,,,,,
gptimage,0003.png,1,ChatGPT,False,,,,,,,,,,,
gptimage,0004.png,1,ChatGPT,False,,,,,,,,,,,
gptimage,0005.png,1,ChatGPT,True,23.3603448674742,0.9294571762355892,0.7503895360880426,1.7195870348210778,0.2123113796051848,0.4494943770024916,6.49989504107819,4.1592412697727,0.0695954617333943,0.0004317060794072,0.0
gptimage,0006.png,1,ChatGPT,True,10.812638159565914,0.8496674967440903,0.6844948524866515,0.9995136177710928,0.1255242261464145,0.4656789730249081,2.565924095826474,1.990026158548072,0.0553496715463037,0.0268417187176952,0.3333333333333333
gptimage,0007.png,1,ChatGPT,True,46.30238601620928,0.8605809380859595,0.6504927653506385,1.777146106463231,0.2084823128360746,0.3793464413339116,19.205586846342925,13.044960574736551,2.94225263522891,,0.5
gptimage,0008.png,1,ChatGPT,True,5.170647990436174,0.903120966768626,0.7303912590265732,1.4749698631878467,0.2051662277419664,0.451236620478223,2.9987986370399824,2.4291581699092126,0.0476155819362142,0.018405809605932,0.0
gptimage,0009.png,1,ChatGPT,True,362.22956720066,0.7715445282719707,0.5874268592664884,1.8362894493563149,0.2169571559518409,0.3277659687474394,3.4395768174598373,2.2426709660690687,3.662842008202959,,1.0
gptimage,0010.png,1,ChatGPT,True,26.506829264305573,0.8849660578298165,0.7130000647773391,2.2780792931858054,0.3181349266574979,0.8673034925465443,39.9291759849686,23.056506915194888,0.2646880045753828,0.6343210269283839,0.0
gptimage,0011.png,1,ChatGPT,True,44.62219811490694,0.8407530611673252,0.6715081745107824,1.6333036279338518,0.2182289934691793,0.384253576192365,4.545810249372352,3.3495369334895497,0.3095026831107185,0.0904707201025099,0.0
gptimage,0012.png,1,ChatGPT,False,,,,,,,,,,,
gptimage,0013.png,1,ChatGPT,True,9.937032061810838,0.8091935119140075,0.6357793944441629,1.9926112583682596,0.2626201113072585,0.2665665818373722,1.3691263721260327,0.8152447983085082,0.0561041242930077,0.4527318596560414,0.0
gptimage,0014.png,1,ChatGPT,True,18.14872067684377,0.8499257911832955,0.6788017342404554,1.6407050089176238,0.2186282086828179,0.909726725339494,0.2920096563026817,0.2336356677990091,0.0866126071357843,0.4498913779885152,0.0
gptimage,0015.png,1,ChatGPT,True,117.22950949510658,0.8834692013909177,0.6907717314426597,2.541334489423329,0.3117452580919851,0.6945238125331916,4.159583809009547,2.63165568264219,0.0468019720868345,0.4459361017327259,0.0
gptimage,0016.png,1,ChatGPT,True,13.940660528406529,0.9477341022423056,0.7757129548980807,2.4442787547911102,0.3842674926901596,0.5676009234863311,67.25801260334379,39.05788956110599,2.8425239055191,0.8414349434776085,0.25
gptimage,0017.png,1,ChatGPT,True,362.857609058544,0.6984567124924399,0.4930933458992281,0.5012889561737043,0.0410060567259533,0.2846862364813179,1.3931359945673307,0.8466499632153697,2.951487774112097,0.5563943335328174,0.3333333333333333
gptimage,0018.png,1,ChatGPT,True,29.24379902011211,0.810631104889691,0.6328184039174298,1.7131015356710826,0.2660355834560474,0.5032798826513538,0.4840019328836575,0.3571803784774403,0.1850848942705391,0.8691774056419979,0.0
gptimage,0019.png,1,ChatGPT,True,20.55053426266601,0.8292119399988636,0.647088731928105,1.3525142202284983,0.1750585430024804,0.6206004205937546,1.4990728576837995,1.0703923281312038,0.0323527077789663,0.065107685669429,0.0
gptimage,0020.png,1,ChatGPT,True,3.8643451317763104,0.8427239332617663,0.6790087335449564,1.371347218307954,0.1850188126109842,0.2438512726058066,0.1688892477484529,0.1069910689566396,0.0071356091556826,0.0094452323799165,0.0
gptimage,0021.png,1,ChatGPT,True,976.3825900388114,0.7139184081024249,0.5221448228050147,0.6062023714373675,0.079755727714522,0.5389680929998898,1.0458760949074415,0.6691081332646054,0.9067240043831518,,0.5
gptimage,0022.png,1,ChatGPT,False,,,,,,,,,,,
gptimage,0023.png,1,ChatGPT,True,8.34628183353279,0.849306005301555,0.6849030165855265,1.449539826707836,0.1535123128601514,0.4978209611283314,73.36401004971744,42.44314829881483,0.95614708948365,0.7735993905318708,0.0
gptimage,0024.png,1,ChatGPT,True,20.8279058313238,0.9000530602276461,0.7137439629195064,1.410409572106432,0.2183399620581132,0.5821250369388035,1.2739019073976152,0.7532057811538386,0.1348445745027352,0.7408089648757157,0.0
gptimage,0025.png,1,ChatGPT,True,61.4108443778447,0.719072224454623,0.5430560892405842,1.8781874843308224,0.2539401885045209,0.5053755024158811,3.0981928957533995,2.006313589184862,0.1048276025413451,0.0379808344399839,0.0
gptimage,0026.png,1,ChatGPT,False,,,,,,,,,,,
gptimage,0027.png,1,ChatGPT,True,12.513579560066724,0.8208632435839275,0.6337735478253942,2.338698998275013,0.2459816511581672,0.7620343329284347,14.45151973034568,11.490137109325438,1.1434684298832507,0.921416581323374,0.3333333333333333
gptimage,0028.png,1,ChatGPT,False,,,,,,,,,,,
gptimage,0029.png,1,ChatGPT,True,385.2551314522162,0.8069840150609556,0.5989163140599945,1.5042721002382802,0.1917712176992829,0.5021160272314393,1.6232212919274218,1.1858209151577157,0.6096045031277287,,1.0
gptimage,0030.png,1,ChatGPT,False,,,,,,,,,,,
gptimage,0031.png,1,ChatGPT,True,28.16334440021831,0.8040789612046433,0.6373238699219866,2.50129892394969,0.3203077520648177,0.2754336529023634,3.0835489313664937,2.1066129210618985,0.295808966720777,0.3196350804556935,0.0
gptimage,0032.png,1,ChatGPT,True,14.884598162217513,0.8837114034756607,0.6962277823268447,1.821572058266001,0.2513532846728725,0.2275482703863938,1.6551773433368029,0.9718186660799444,0.1803675882758869,0.5013649462561336,0.25
gptimage,0033.png,1,ChatGPT,True,13.328072270141517,0.8910111624083535,0.7179613896223682,2.277846800466477,0.3373045221292505,0.2652305328589615,4.078031444662045,2.880233857790865,0.359258088600849,0.3549831658882239,0.0
gptimage,0034.png,1,ChatGPT,False,,,,,,,,,,,
gptimage,0035.png,1,ChatGPT,True,227.16958567716767,0.8340275221593155,0.6713186188845025,2.183664958795371,0.254886105910375,0.3373149600246374,2.636502343809568,1.549196304131673,1.7974230033636998,,1.0
gptimage,0036.png,1,ChatGPT,True,16.31627564782406,0.9769042213155912,0.8001258309609105,1.8810987520739677,0.2443378004180063,0.9351233526356256,10.816219431080684,6.803881834610475,0.5495615319467332,1.2036371651118565,0.0
gptimage,0037.png,1,ChatGPT,True,233.08574018499976,0.782435475293108,0.5698804053426592,1.0742486069080308,0.1430552910682563,0.232190986342545,2.162897939189179,1.4626116717934468,0.4374295186722061,,0.5
gptimage,0038.png,1,ChatGPT,True,58.14226963627906,0.8898115917045731,0.7096414023324411,1.6594289536101237,0.2635647097234264,0.4822697400932547,0.5523653258654662,0.3893553267895905,0.1622163904542784,1.090758427908872,0.3333333333333333
gptimage,0039.png,1,ChatGPT,False,,,,,,,,,,,
gptimage,0040.png,1,ChatGPT,False,,,,,,,,,,,
gptimage,0041.png,1,ChatGPT,True,233.49355921944928,0.6420963841697317,0.463465328403563,0.6296420416420543,0.0883532162719455,0.5775760529353957,1.999836629772872,1.3576105153388955,0.5291474049684485,,1.0
gptimage,0042.png,1,ChatGPT,False,,,,,,,,,,,
gptimage,0043.png,1,ChatGPT,True,24.30094017969044,0.8449084009038007,0.6632138859178495,1.4709161912102855,0.1892134731244812,0.8386210346618721,9.889347949570748,6.002564304037236,1.4354753689032658,2.366257162672433,0.3333333333333333
gptimage,0044.png,1,ChatGPT,True,14.615681676162016,0.8817234012108649,0.6944129384863723,1.417488521421146,0.1972964143403685,0.7951790918244882,2.699907777727276,1.83155682881612,0.058126354837285,0.0691800792177579,0.0
gptimage,0045.png,1,ChatGPT,True,374.7312370996027,0.8210082404316357,0.6392216925295339,1.3636596088703634,0.1620451901022272,0.3550221192615899,1.4071962836640497,0.8897037286656839,0.6197532956371284,0.3157038215130674,0.0
gptimage,0046.png,1,ChatGPT,False,,,,,,,,,,,
gptimage,0047.png,1,ChatGPT,True,8.38404734371051,0.7445118080490145,0.5694887857923202,2.019603170954877,0.2151919287082336,0.9187069933465172,17.04236837359582,13.116195739900268,1.0797017930675084,0.8622781889120041,0.0
gptimage,0048.png,1,ChatGPT,True,5.361059996527676,0.8687382956601845,0.7169904562012752,1.8108376016201344,0.2290543445428816,0.569031759620237,1.9910039910878796,1.7560283572658633,0.0427764641225308,0.5309629020056912,0.0
gptimage,0049.png,1,ChatGPT,True,51.929705995203605,0.7482142170005439,0.5750576137750901,1.3055676646645695,0.1530090283524152,0.2671731500103025,0.8898251922346532,0.5441449734911492,0.0741442987287446,0.4969053686945432,0.0
gptimage,0050.png,1,ChatGPT,False,,,,,,,,,,,
flux_rich,flux_0000.png,1,Flux,True,20.33872206131627,0.7771439515509357,0.6110268047215217,1.501423505270201,0.1928051457966145,0.8692511173296747,48.507150241957774,28.212183729033868,0.8551661256216683,0.8528862427372408,0.0
flux_rich,flux_0001.png,1,Flux,True,141.9671970103245,0.6957250478597959,0.4839880392217479,0.7725526485744343,0.09802279218561288,0.6041480798185191,2.2404543643839645,1.3932122472049409,0.11122112626140429,0.32019296140801146,0.0
flux_rich,flux_0002.png,1,Flux,False,,,,,,,,,,,
flux_rich,flux_0003.png,1,Flux,False,,,,,,,,,,,
flux_rich,flux_0004.png,1,Flux,True,7.101053652354049,0.7802826028132093,0.6215755939255222,0.7156844458775017,0.05481174040871218,0.17123266676329046,0.9889319404945098,0.7469286023344364,0.025144413816280672,0.024629361386685922,0.3333333333333333
flux_rich,flux_0005.png,1,Flux,True,8.651514556322716,0.861844482932098,0.6617525747247517,1.855541024862652,0.25355013155316036,0.22668439610193425,0.3716267330154608,0.25362704465164004,1.3818404206878028,1.699392066647757,0.25
flux_rich,flux_0006.png,1,Flux,False,,,,,,,,,,,
flux_rich,flux_0007.png,1,Flux,True,36.267556171778914,0.6712775190735346,0.48831748170684053,0.4463289576086432,0.029694033625653156,0.1479419289732562,0.6146436674015803,0.37645419013591985,0.6256423215880812,0.13185028224688633,0.3333333333333333
flux_rich,flux_0008.png,1,Flux,False,,,,,,,,,,,
flux_rich,flux_0009.png,1,Flux,False,,,,,,,,,,,
flux_rich,flux_0010.png,1,Flux,True,2.163790955704586,0.8976781777889495,0.7269675104889238,3.935589555214034,0.48453570237298027,0.3702978563247035,80.49078987605276,46.524189320112356,4.042326947903258,1.89417936655697,0.25
flux_rich,flux_0011.png,1,Flux,True,12.663163589225567,0.7595855934415393,0.5724935232870705,2.057670255074396,0.27439809090352785,0.3043322744223483,0.8427401056944177,0.4931352980362629,0.29044343891226504,0.10355598111721598,0.3333333333333333
flux_rich,flux_0012.png,1,Flux,True,3.436563497266341,0.9259687998706971,0.7486011330821235,1.2628446557069706,0.15862238974278664,0.7742229916060972,0.6322467912070238,0.3788407523742763,0.21734893837102653,0.5482811560411625,0.3333333333333333
flux_rich,flux_0013.png,1,Flux,True,28.661294168013782,0.9534953449422476,0.7780908149534583,1.871766004060678,0.2621232410632015,0.3477843026929159,0.4771067640358808,0.30597167395433605,0.4016993120201343,1.0127858217664025,0.0
flux_rich,flux_0014.png,1,Flux,True,6.926631591347752,0.8814210451758878,0.6996038046184864,1.2443268245244887,0.14789852131580772,0.24976634582007762,3.2514980299716285,2.3898642931093854,0.053807650503127,0.04965526359180661,0.0
flux_rich,flux_0015.png,1,Flux,True,13.736496866239984,0.7784588045836325,0.5768268936007848,0.7819491134527324,0.09218338127248929,0.2844080046501682,0.226757007381039,0.14859190788594376,0.00483886692641013,0.06646225330349687,0.0
flux_rich,flux_0016.png,1,Flux,True,7.259284435606888,0.8545989255744463,0.6816831763682942,0.8193104408701796,0.07928174240718504,0.332306302741758,2.57970631785669,2.1441267988234722,0.08586900937728986,0.08847275056789616,0.0
flux_rich,flux_0017.png,1,Flux,True,87.77419045359895,0.7588174509128924,0.5903487931982743,0.9264774373302624,0.12336150201315571,0.32004831630598024,2.3909454290287897,1.5173295966621243,0.16690609610740859,0.3365795834106926,0.0
flux_rich,flux_0018.png,1,Flux,True,93.11212543606308,0.8261999457985809,0.6537927214344651,1.9146504973279814,0.23195029320388694,0.3022300914087076,6.2689726844698725,4.451016700806633,0.07672039017017394,0.006209775803445616,0.0
flux_rich,flux_0019.png,1,Flux,True,13.312071015631044,0.9272811132804692,0.7227849836902014,1.7214103083332248,0.25211928174801307,0.3530341413587907,0.30605653691539203,0.181664751405073,0.2782664438425476,,0.5
flux_rich,flux_0020.png,1,Flux,False,,,,,,,,,,,
flux_rich,flux_0021.png,1,Flux,True,8.849604844102698,0.9853390415034756,0.8105478862033161,1.712575575576459,0.21349478881762912,0.3735233422026385,1.135563501061597,0.6683622471644801,0.8529402110595798,0.11139060669403733,0.3333333333333333
flux_rich,flux_0022.png,1,Flux,True,7.188221361748359,0.9073811743545751,0.7337397489601918,1.8652783119925824,0.2709354957067439,0.29998092437943547,5.306917836087422,4.364428627347597,0.14647973172846857,0.7711545332087182,0.0
flux_rich,flux_0023.png,1,Flux,True,23.216638644423888,0.7500082567920332,0.5592898156356784,0.5948259567386697,0.057677094508598724,0.1474713493682117,1.0846046802654712,0.6497088401595611,0.017403530760526493,1.323569708032096,0.0
flux_rich,flux_0024.png,1,Flux,True,14.360859367560682,0.5674197747074848,0.4094309695742958,0.5448716488755433,0.06925872051798224,0.49751751984022047,2.3423970837143315,1.4311322121329553,0.17730814935286204,0.37369385036825786,0.0
flux_rich,flux_0025.png,1,Flux,False,,,,,,,,,,,
flux_rich,flux_0026.png,1,Flux,True,3.9721050794507184,0.8357974502885469,0.6733415069797475,3.8318250632464537,0.42684834874041194,0.25285786279418476,2.5854253334027533,2.1403209227661932,0.04482469417669712,2.136060969777562,0.0
flux_rich,flux_0027.png,1,Flux,True,828.9143345068022,0.8546042303733884,0.6761346357702032,2.309035566454936,0.2835592500026338,0.4532132146935465,7.611624638403015,6.202686889592265,62.333674654891354,,0.75
flux_rich,flux_0028.png,1,Flux,True,10.709140978970472,0.9084282225769611,0.7315323849374834,2.0899387203285094,0.29554031339438164,0.6201150915557011,13.515069498729375,9.540903312981523,0.990677997093082,0.6636809712557374,0.25
flux_rich,flux_0029.png,1,Flux,True,50.41431889576173,0.9104267977608442,0.7267902595495562,1.8345948344105718,0.2127358382309047,0.656789108753473,0.860766319789775,0.6485954539733686,0.33243879303709994,0.03164995117904734,0.25
flux_rich,flux_0030.png,1,Flux,True,3.2523369751715268,0.9462847308550824,0.7830737406454824,1.8285495859959293,0.26120858485776527,0.2900281258049923,0.9679433224383871,0.8720064744775567,0.016604679075024463,0.00482692623137293,0.0
flux_rich,flux_0031.png,1,Flux,True,6.018209187616297,0.7643889027057472,0.5749340650679341,0.8777915994891246,0.14386157985811313,0.34725234389407494,1.917075436845991,1.1999536855421635,0.044412593734331256,0.12538916018897162,0.0
flux_rich,flux_0032.png,1,Flux,True,19.1478112320767,0.7696131547357258,0.5954083492155244,1.4817486949207903,0.1535798008195987,0.8398840947871634,78.24072950153376,45.17912394066744,0.2804465911306985,0.03252229088858982,0.0
flux_rich,flux_0033.png,1,Flux,True,212.1577181114897,0.5684330617981085,0.4100642750554123,0.6013131352812473,0.049798452114822006,0.14230039286796642,0.14808652081440243,0.13372407843913406,0.2601118538418675,,0.5
flux_rich,flux_0034.png,1,Flux,True,27.075585472659473,0.9029198338892223,0.7441792460713097,2.785392859481725,0.36808720200096395,0.7402978986490842,2.441149526075094,1.5161251683326993,0.0818228925588485,1.2458668006644844,0.5
flux_rich,flux_0035.png,1,Flux,True,18.024918139839823,0.9082354411246906,0.7334807892318991,1.5667661364348153,0.22987985830324886,0.4410979575809555,0.4240062589558846,0.2757338243402261,0.49433196634990795,,0.5
flux_rich,flux_0036.png,1,Flux,False,,,,,,,,,,,
flux_rich,flux_0037.png,1,Flux,True,39.69258671815037,0.8734297389710609,0.6963916681816,1.1278752141389834,0.14390422458330304,0.23163873225024498,0.38547839878414436,0.27603164017543885,0.39005760756216157,1.3779132712975928,0.0
flux_rich,flux_0038.png,1,Flux,True,24.44004005228305,0.9279008056095944,0.751218431585335,1.8890269051787425,0.23924190501360737,0.657111937858053,42.8349689619809,24.825623905210293,0.9727016004012438,0.7844100350760206,0.25
flux_rich,flux_0039.png,1,Flux,True,13.706261867155515,0.9030573983997641,0.7219475290760952,0.9242067281985783,0.09267214044374553,0.4123495800831065,0.36188255242842615,0.31744696322721555,0.09818522499685037,0.38566432895537517,0.0
flux_rich,flux_0040.png,1,Flux,True,58.95902087953425,0.5052803378216478,0.32003277469452945,0.3803778961586437,0.040282161522925734,0.5077800626964174,0.4411644410521376,0.29534421013864876,0.30002819550217635,0.6704769169626275,0.0
flux_rich,flux_0041.png,1,Flux,False,,,,,,,,,,,
flux_rich,flux_0042.png,1,Flux,True,2.8884632527429286,0.9650870217903785,0.8026822393456815,2.803195527268851,0.4139157615360508,0.4621083031654287,7.221337179703241,6.5833287798081805,0.19157946599561504,0.16633342435609322,0.25
flux_rich,flux_0043.png,1,Flux,True,26.02063258606303,0.9205932268846049,0.7561746254558145,1.988773636651623,0.2110790029849555,0.8186700794268463,7.652498720540208,6.2203853126761555,1.8686046489412922,,0.5
flux_rich,flux_0044.png,1,Flux,True,4.94539668760225,0.8521589232328439,0.6819106884685119,1.1335541275477499,0.16810536150097122,0.2749534380631936,0.39270703613694025,0.2450176212768969,0.019546517985435222,0.035288884510093155,0.0
flux_rich,flux_0045.png,1,Flux,False,,,,,,,,,,,
flux_rich,flux_0046.png,1,Flux,True,2.227664363353217,0.9414991681988163,0.7672608101258465,1.9398652926553923,0.27971693304009937,0.27021039062470253,5.001814787171625,4.764051112758979,0.06873986741061437,0.04624131158095235,0.0
flux_rich,flux_0047.png,1,Flux,True,13.23367948394135,0.791907294076042,0.5717006522889393,0.42217898839267054,0.023356963601352976,0.30299032442399776,0.1597690826951208,0.13768177887285504,0.03160259741674702,0.24234641306031257,0.0
flux_rich,flux_0048.png,1,Flux,True,1.7214718485264358,0.8701516971575373,0.7011754950622962,1.1530038306943893,0.12428775034424007,0.4584319722696915,12.190448657783264,10.286090423495486,0.4073468666652695,0.11057217175867162,0.0
flux_rich,flux_0049.png,1,Flux,True,1312.6752572751102,0.7364034991687732,0.5379679741561707,0.6190736463265589,0.05253286301249232,0.15461982582674583,1.0843929626985016,0.7726039336222662,1.585637701898237,,1.0
flux_rich,flux_0050.png,1,Flux,True,46.795910278210975,1.106041910416028,0.9547807323940504,4.340890234348724,0.579620787717495,0.6666787969891208,5.060479139220973,3.6779535120504065,2.7439940342365916,,0.75
flux_rich,flux_0051.png,1,Flux,True,12.124644701701179,0.9627230002009394,0.7936062647083112,1.94087158756713,0.30588171281341503,0.4580453152703562,0.2566799672705997,0.1512371367107055,0.3677210084118979,0.8508120457091959,0.25
flux_rich,flux_0052.png,1,Flux,True,3.6234552703338525,0.8318522970173067,0.6546927122005423,0.8977462399901237,0.10579699154905527,0.16891079079978358,1.1439284212281535,1.0369974764436036,0.02905820373349347,0.016625406126245856,0.3333333333333333
flux_rich,flux_0053.png,1,Flux,True,11.945920250945736,0.8895001341423299,0.7155337818236183,1.2466013735307973,0.1632095775205068,0.2891135118438395,1.233438560387782,0.7166356364351324,0.20482593160632034,1.3581789742276902,0.0
flux_rich,flux_0054.png,1,Flux,True,5.1828110007117845,0.9234664110554228,0.7510470427437629,2.1028964911858754,0.2561775603088089,0.2170844080242132,1.0688346969290876,0.7479822826112887,0.038006360504143334,0.05923898318965559,0.0
flux_rich,flux_0055.png,1,Flux,True,36.574932401219044,0.7793892204566911,0.5880737570912465,0.6460516936102025,0.07122522311194546,0.32919126835837714,0.24708468616617552,0.15341626078980727,0.09193649375581259,0.8681650998605068,0.3333333333333333
flux_rich,flux_0056.png,1,Flux,True,9.029795346468388,0.7123634450815984,0.49007656216766576,0.5398307217008509,0.06250622587672751,0.14657065312387701,1.2625157335493782,0.8144385193339782,0.036632032793008966,0.05586921317780735,0.3333333333333333
flux_rich,flux_0057.png,1,Flux,False,,,,,,,,,,,
flux_rich,flux_0058.png,1,Flux,True,3.01601317202073,0.9398902461506312,0.7775402437677422,4.109044727995744,0.6138149111588912,0.6482445081852996,33.28157090345694,26.924023104890182,5.454578813016698,,0.75
flux_rich,flux_0059.png,1,Flux,True,73.79468334755123,0.7481293485006087,0.5565304411513312,2.387854704192056,0.24262947065242446,0.7662434591298746,1.5202406287437498,0.9922891045744432,0.6921554180537199,0.3253659651626455,0.5
flux_rich,flux_0060.png,1,Flux,True,3.9187745629593196,1.0099159382425926,0.8472392488401036,1.8388460164175564,0.2054505005540063,0.5499245112602811,4.8681284377039304,3.795222957590382,0.08051527627302252,0.09562876599177272,0.25
flux_rich,flux_0061.png,1,Flux,True,49.60120870254097,0.9609037506026269,0.7802123824543444,1.549453774766664,0.24606380490375923,0.6376490418434934,0.08305820419955978,0.0670621994702213,0.21138987679325594,0.18370386993301224,0.3333333333333333
flux_rich,flux_0062.png,1,Flux,True,6.804974139885953,0.8970398390926332,0.7157921383196519,1.547884993598993,0.21242560663114957,0.37047955615169875,0.59481038747181,0.3640813030346719,0.028178012026906032,0.041487406749531,0.3333333333333333
flux_rich,flux_0063.png,1,Flux,True,21.07953409234087,0.7770371649910699,0.6044322164166681,0.7818718705942068,0.08223724991681158,0.2850746870077258,1.338916860231592,0.8794865904208645,0.07388267015185054,0.1559612506945527,0.0
flux_rich,flux_0064.png,1,Flux,True,5.619463111341675,0.8422578697810049,0.6775260886189047,0.8383866388288522,0.08482139768941464,0.29672464456427056,2.3317615441596757,2.1105352286771257,0.06024775214297114,0.023321462607074572,0.3333333333333333
flux_rich,flux_0065.png,1,Flux,False,,,,,,,,,,,
flux_rich,flux_0066.png,1,Flux,True,6.231332953438685,0.8678513498470533,0.7072329430083273,1.950447792845987,0.2210947928153581,0.17785157467408566,2.549768365984363,2.094495389853846,0.032314796529344846,0.03326467122736876,0.0
flux_rich,flux_0067.png,1,Flux,True,10.099906459138005,0.8997009407454385,0.6973071746633515,1.6417973831941817,0.22302412618153988,0.2802199849386419,0.5967035691304972,0.41036214767852347,0.9023709450481381,,0.5
flux_rich,flux_0068.png,1,Flux,False,,,,,,,,,,,
flux_rich,flux_0069.png,1,Flux,True,4.628261458275497,0.9238698952198424,0.7564598751095256,2.3551610891503927,0.2724034707680514,0.6346235448886016,1.0622529496324375,0.6544858332258917,0.41550022730877956,0.8820129531660967,0.0
flux_rich,flux_0070.png,1,Flux,False,,,,,,,,,,,
flux_rich,flux_0071.png,1,Flux,True,610.6345652280446,0.6613903797932525,0.4772731871529294,0.5226362726791356,0.02953132299799837,0.2698923086025028,0.6154826179763688,0.3663101391198015,0.2499114343162694,,0.5
flux_rich,flux_0072.png,1,Flux,True,32.05956944060733,0.7249116233414303,0.5250299578298442,0.6107601945428893,0.05679906052498634,0.22003037761059965,1.0291323314969674,0.7320352279635564,0.03103442690689588,0.021176983336409272,0.0
flux_rich,flux_0073.png,1,Flux,False,,,,,,,,,,,
flux_rich,flux_0074.png,1,Flux,True,1.6538280856244303,0.7869398070564921,0.6060964192062522,3.296660971625645,0.4326504347489064,0.38731244783255125,9.70506970910347,8.991646610564437,0.24684355791412954,0.04485698372790292,0.5
flux_rich,flux_0075.png,1,Flux,True,7.370708623593448,0.8923751912586189,0.7127111765889647,2.6266814562181926,0.2914530352669079,0.8399289154483737,0.7708807216852307,0.45795381250095235,0.03632411432351799,0.37109387445628617,0.0
flux_rich,flux_0076.png,1,Flux,True,4.325484079660739,0.9276334189279141,0.7603385798363839,1.112410486169349,0.13451858784773804,0.38040319156686575,0.7419238907171319,0.471419057772283,0.021697583203248924,0.036616841914381304,0.3333333333333333
flux_rich,flux_0077.png,1,Flux,False,,,,,,,,,,,
flux_rich,flux_0078.png,1,Flux,True,5.208332607824594,0.8543648684028192,0.6854712376391009,1.5726323943855525,0.22076416912859587,0.3715728958139205,2.611265452598147,1.9552516083075713,0.04832856595505455,0.10540733571038619,0.0
flux_rich,flux_0079.png,1,Flux,True,8.734045561045724,0.7532816513496063,0.514721753203191,0.7253565208553387,0.08983079134252978,0.40456189341743365,0.46746575437886406,0.3410241160669033,0.49674187619341614,0.7875276203987873,0.0
flux_rich,flux_0080.png,1,Flux,True,19.963271846989787,0.8634437262355291,0.6951124491424214,0.9740806328941428,0.11947355375583268,0.2552696275136215,5.994370517345189,4.324936958422184,0.15334005824632121,0.04346300226028088,0.3333333333333333
flux_rich,flux_0081.png,1,Flux,False,,,,,,,,,,,
flux_rich,flux_0082.png,1,Flux,True,2.4738807900219846,1.048101211745484,0.8798146731865004,3.443680117728417,0.5065266236898668,0.6082335066109494,2.93075201326441,2.5273910715456878,0.05677771948921429,0.28804987503123325,0.0
flux_rich,flux_0083.png,1,Flux,True,9.72397628826022,0.8369552968855617,0.6598451830008442,1.2825533009775745,0.16737229462913228,0.3907614610979584,1.1836809979703844,0.7072725251027197,0.06465336823358338,2.985799193299189,0.0
flux_rich,flux_0084.png,1,Flux,False,,,,,,,,,,,
flux_rich,flux_0085.png,1,Flux,True,15.630483380780525,0.8506643550616656,0.6751001467899187,2.091056381263564,0.22568220259205177,0.35195734484536073,0.7599806525378625,0.5138060947294999,1.2148101400984979,1.6266403719057605,0.0
flux_rich,flux_0086.png,1,Flux,True,9.3993981230207,0.9113796570481513,0.7485771078255437,2.385252567090882,0.34851188007374945,0.3215060930162981,3.1360003927521944,2.050985779692212,0.14638198642014466,0.15616793749529734,0.0
flux_rich,flux_0087.png,1,Flux,True,22.731582734856513,0.7000361671652182,0.5248336553133156,0.6478853297455178,0.04930543531087828,0.24319155140173818,0.1462762984559447,0.10043489966264084,0.2631211661821497,0.912785404788341,0.0
flux_rich,flux_0088.png,1,Flux,True,35.749160726294285,0.5074977784665712,0.35557428545205966,0.2728293709671159,0.014473988296818558,0.22950979635641927,0.147672368034776,0.08636002306002898,0.04120144569269609,0.04604633485830778,0.0
flux_rich,flux_0089.png,1,Flux,False,,,,,,,,,,,
flux_rich,flux_0090.png,1,Flux,True,4.154996827692218,0.9401171961569198,0.7622674423434801,3.9378134570566306,0.47523700206775127,0.6105724090779414,2.8579432797672126,2.283546622113003,0.05679457415486379,1.8601741900135336,0.0
flux_rich,flux_0091.png,1,Flux,True,59.23158121668006,0.8217011415180913,0.6463041263370675,2.4334331969973615,0.2810548427911462,0.6065081986148418,0.6139435867432326,0.41273094362546797,0.18373220703280368,0.6888560404599664,0.25
flux_rich,flux_0092.png,1,Flux,True,6.32974523279311,0.8767469317035469,0.6924670698406757,1.3169949693898242,0.20225124235939848,0.36808929334698953,0.9055595246744303,0.5599759855614269,0.8007959716386368,1.4239640261712188,0.0
flux_rich,flux_0093.png,1,Flux,True,13.501026429078616,0.912321532201998,0.7154271149094313,1.6616567181692918,0.20458020741180583,0.3693779736742946,0.3554786758021322,0.2082671333385266,2.8263056450483304,0.34271954602634747,0.25
flux_rich,flux_0094.png,1,Flux,True,5.49320498777141,0.9036973259709207,0.7377426849457841,3.453627211929166,0.4209805386636653,0.21066330193255922,20.19787303809072,14.924901254197025,0.1362651257929211,0.20838694903956423,0.0
flux_rich,flux_0095.png,1,Flux,True,4.881729205372179,0.6943194068936636,0.5333377135668362,0.673166570317642,0.060387479836823625,0.260180069550277,0.4578173883024448,0.3676824105484728,0.17757774999307918,0.5370697749784874,0.0
flux_rich,flux_0096.png,1,Flux,True,12.206341084875934,0.8174380034024307,0.648467882055566,0.9475116645002943,0.1159117503792596,0.1167213392348917,2.4990105502970863,1.9975121592068148,0.05694618050707665,0.020615265382234682,0.0
flux_rich,flux_0097.png,1,Flux,True,101.89986354794182,0.4322461956447093,0.3139525757165248,0.4098515006298135,0.014703313706925547,0.10461521984581518,2.583337146326869,1.6510425143210534,0.5998928444280122,0.18640362335120653,0.0
flux_rich,flux_0098.png,1,Flux,True,136.51404806585307,0.908524520839245,0.7286232272765181,2.2229075806187373,0.2640253020684068,0.3731687852890017,2.4753037940065497,1.638071018175328,0.4045275847586781,0.10068899538015685,0.0
flux_rich,flux_0099.png,1,Flux,True,16.377446646960433,0.8591691051203126,0.6709392210040723,1.2499209809177894,0.15976837892028853,0.20277615794390044,0.43305286742348414,0.2858258141687042,0.364103298640701,,0.5
flux_rich,flux_0100.png,1,Flux,False,,,,,,,,,,,
flux_rich,flux_0101.png,1,Flux,True,10.131831139756429,0.9714406186618753,0.8031303463395945,2.1111825924657968,0.22881631043109618,0.3462012406846453,1.4493865090057625,0.875390525955095,0.0355401200810773,,0.5
flux_rich,flux_0102.png,1,Flux,True,5.659583652195739,0.924476503004643,0.759406689268193,2.7054530488939994,0.3558872137971708,0.6818775462732242,17.845827872043543,13.980382962682734,1.961049229194951,0.4637042172020056,0.0
flux_rich,flux_0103.png,1,Flux,True,39.99076900600729,0.6971486755322195,0.5079733736960625,0.5473991876928817,0.05979571269164048,0.32660814623952494,0.8244349797699329,0.5308872119902381,0.049203300217178454,1.010672127231964,0.0
flux_rich,flux_0104.png,1,Flux,True,8.900587442148085,0.7831784589210453,0.5397032884777678,0.5461166248356011,0.040409124485521114,0.30375505599017033,0.16195323075932322,0.12301714023514511,0.003131389608209342,0.0015821950253238626,0.0
flux_rich,flux_0105.png,1,Flux,False,,,,,,,,,,,
flux_rich,flux_0106.png,1,Flux,True,1.567645784554586,0.8949368933748811,0.717993703256366,1.9963548159928932,0.30364423792854384,0.31199205577284583,2.788995880940604,2.111953353151793,0.0440917918696561,0.07787131872551267,0.3333333333333333
flux_rich,flux_0107.png,1,Flux,True,14.747517026498933,0.9386477738576839,0.7851493060625041,2.046956759503203,0.24746060132547176,0.43666495033247116,8.63935470827117,6.463691361337772,0.9213028158752762,0.4263553989240485,0.3333333333333333
flux_rich,flux_0108.png,1,Flux,True,6.110941746111383,0.9554125215569175,0.7951738245163079,1.2664085630059079,0.15996521442463035,0.38214763716782374,1.3188080615841642,1.1283647448550593,0.03193833737862072,0.19640995917588988,0.0
flux_rich,flux_0109.png,1,Flux,False,,,,,,,,,,,
flux_rich,flux_0110.png,1,Flux,True,4.922815765061332,0.8779716215718095,0.709519959922555,1.301226614215135,0.18531248603167572,0.293399949396858,1.308811263043765,0.9636584508931905,0.03029868955779278,0.030077303443939662,0.0
flux_rich,flux_0111.png,1,Flux,True,9.697314573444782,0.7855571166510156,0.5729551598654673,0.8163306211326478,0.08596611870212519,0.2802183703215773,2.070439864142287,1.243930823738812,0.3807236979091622,0.1583567432185582,0.3333333333333333
flux_rich,flux_0112.png,1,Flux,True,4.914377053866796,0.8236016672915907,0.6578195502034939,1.595145133451616,0.16901635312018193,0.34244948488063737,10.61253661423109,8.139933501766711,0.3992436422209434,0.25842353774651183,0.0
flux_rich,flux_0113.png,1,Flux,True,107.86630937195964,0.6542624255312944,0.4736679330553012,0.8499075851421314,0.10902192993567993,0.3625464696544359,0.3461256944517146,0.27921615016765083,0.9935268119668125,,0.5
flux_rich,flux_0114.png,1,Flux,False,,,,,,,,,,,
flux_rich,flux_0115.png,1,Flux,True,13.775823467713023,0.898698655606946,0.7069303872181705,1.9001377189383368,0.28359370817949053,0.4200565437141674,0.17989473277108914,0.13000636449077305,0.2866530228513023,,0.6666666666666666
flux_rich,flux_0116.png,1,Flux,True,70.39231131391416,0.7084967087798638,0.515793410338586,0.6495436438700739,0.08012048956694795,0.17330913346119106,9.315736946976386,7.434941752528104,0.18271551073434586,0.002125802515644537,0.0
flux_rich,flux_0117.png,1,Flux,True,27.990975314650857,0.9391409967256732,0.755249613480186,2.3825271109619672,0.30063026165815115,0.4083293670259662,0.8061659288610059,0.4684502680266374,1.2392220913979664,2.1613613655286024,0.0
flux_rich,flux_0118.png,1,Flux,True,11.38075927620694,0.9252222449475016,0.7501274456622669,1.53822156617571,0.2627297293921521,0.8418703626273062,50.81464114030311,29.3980389738668,0.3289889500378891,0.6588121505989086,0.0
flux_rich,flux_0119.png,1,Flux,False,,,,,,,,,,,
flux_rich,flux_0120.png,1,Flux,True,23.867066512362094,0.6168512121383427,0.42078726276755035,0.44590277729186056,0.030861615450004543,0.8856123839015445,8.197377232019875,6.872732144215123,0.7102077238032638,,0.5
flux_rich,flux_0121.png,1,Flux,False,,,,,,,,,,,
flux_rich,flux_0122.png,1,Flux,True,6.095377332217682,0.9297808598597262,0.7566561193751329,2.6488482294915707,0.3748178470580851,0.37663352941010514,2.8453079447720313,2.4843881259077816,0.06810143281483834,1.9154556301128736,0.0
flux_rich,flux_0123.png,1,Flux,True,21.94163410502795,0.9542269069436847,0.7806520981574185,2.421029779830356,0.2909353844680976,0.4330960190756398,7.543412302350845,5.2209499678101645,1.8037287529693875,,0.6666666666666666
flux_rich,flux_0124.png,1,Flux,True,4.633093792238369,0.9164327392100408,0.7539117797704215,2.3110173752734346,0.27842476709946756,0.4326754262307647,2.806797588370074,1.8586662490830106,0.044988850543092374,0.19928153844007213,0.0
flux_rich,flux_0125.png,1,Flux,False,,,,,,,,,,,
flux_rich,flux_0126.png,1,Flux,True,4.208799932772643,0.8763504011877303,0.7250623769026538,1.4342336874748045,0.18121485092145723,0.4461263303158288,2.7006525223491735,2.1472795720960067,0.06394008641386124,0.09478012025385141,0.0
flux_rich,flux_0127.png,1,Flux,True,7.648267282123216,0.7339084645410353,0.5565012074403783,0.7073605482128329,0.07376471075505957,0.32393803265905646,1.160632760612586,0.6765705057312215,0.053777890365721025,0.020519223887323967,0.3333333333333333
flux_rich,flux_0128.png,1,Flux,True,12.326294061699285,0.8911624211739948,0.7254873065638189,1.3499289475282188,0.18500039008733765,0.18389761431423193,4.124442995228904,3.3584529190410644,0.07657034583261038,2.364791494245929,0.0
flux_rich,flux_0129.png,1,Flux,False,,,,,,,,,,,
flux_rich,flux_0130.png,1,Flux,True,9.068061232109898,0.9656061418743458,0.8145315885074393,1.8621876489777054,0.2571577077279482,0.5660075873832009,0.5895037302674382,0.3638026670901774,0.04441553623650519,0.1341919904563067,0.25
flux_rich,flux_0131.png,1,Flux,True,12.269427270390928,0.8775560973542423,0.6953902466698001,1.5914968757100212,0.23035746945349994,0.31164222678471637,0.9012499303787536,0.5294965295816236,0.073230764327624,0.010695779138211847,0.3333333333333333
flux_rich,flux_0132.png,1,Flux,False,,,,,,,,,,,
flux_rich,flux_0133.png,1,Flux,True,7.180323493366175,0.8764036974317324,0.7043466053160191,2.405673038553807,0.29573948123930693,0.40095733495722646,0.3996660369348035,0.23112157440688746,0.610049324370541,0.38500739401299544,0.25
flux_rich,flux_0134.png,1,Flux,True,23.358365592647562,0.8276124700481321,0.6554940822279679,1.967481490407838,0.27699813460242273,0.687934919763291,39.71260175796962,22.935689288134537,0.18882846668858475,0.5455123873650818,0.0
flux_rich,flux_0135.png,1,Flux,True,51.43283031293202,0.7727721960500096,0.5743423259501224,0.6101794657088584,0.05572877089986937,0.15247544501367472,0.7133658627906811,0.45273222275281655,0.10310514981341305,0.510744094827313,0.3333333333333333
flux_rich,flux_0136.png,1,Flux,True,40.02231431601942,0.5470216884473996,0.3874554441149483,0.36811458939954617,0.02140790943143086,0.23001279066429,3.1108893472073333,2.16822051542263,0.3199018545801123,0.13835399003066762,0.0
flux_rich,flux_0137.png,1,Flux,False,,,,,,,,,,,
flux_rich,flux_0138.png,1,Flux,True,16.13825855389396,0.9555434104055183,0.7803630388115981,3.2178448674063143,0.43035538932798334,0.7297454480914078,65.68294406391018,38.93285655378657,20.635251742541133,0.019637619322844913,0.3333333333333333
flux_rich,flux_0139.png,1,Flux,True,10.637814153755807,0.9307789544314659,0.7484313198751912,3.0932839911828456,0.33189202415561114,0.7432936680372985,0.9173668207837409,0.6279618329123623,0.1646184686945853,0.346153314262887,0.25
flux_rich,flux_0140.png,1,Flux,True,5.530028742727368,0.9160313258742255,0.744179654623637,1.1716926098653553,0.1195327996828353,0.23809400680523019,0.8022479720672209,0.589050374520333,0.02192084917209252,0.04386353534433063,0.0
flux_rich,flux_0141.png,1,Flux,True,16.688983790672204,0.8181863925754307,0.6335603593544168,1.856794499670475,0.212828333063121,0.3128072326890965,0.2745369554967425,0.1586566370772622,0.20544768769229202,1.0611970607211534,0.0
flux_rich,flux_0142.png,1,Flux,True,20.61402431216614,0.8987382120218632,0.7322206697952579,1.4073425136418485,0.19865892539046856,0.45131876296561735,10.960725924130529,7.573878120877857,0.35440295880322137,0.09497969502967418,0.3333333333333333
flux_rich,flux_0143.png,1,Flux,True,21.11040885048664,0.8139455566458604,0.6129229398942301,0.8210723843797945,0.09043849226412619,0.8148647714747363,2.634403089137294,1.6614678475059896,0.24593050316604048,0.005457069465365727,0.3333333333333333
flux_rich,flux_0144.png,1,Flux,True,8.384352191047014,0.8388539287860838,0.6612064055480502,0.9866787231811169,0.12743388195570465,0.3265410965388948,0.7712439429850946,0.46861189453125074,0.03943430751124473,0.2353117331843304,0.0
flux_rich,flux_0145.png,1,Flux,True,385.3779986937852,0.675594137927646,0.47493369770480987,0.5655889886163059,0.027872245587037763,0.30174055353863966,1.7911665809389348,1.055296091439381,0.8736786064099408,,0.5
flux_rich,flux_0146.png,1,Flux,True,32.39478290547554,0.9743028314956732,0.8116545739230032,1.969973937702277,0.24138902522912753,0.43842323716647835,0.7781798819121377,0.460542310039391,0.23233282497213206,0.6317219691946088,0.25
flux_rich,flux_0147.png,1,Flux,True,11.332848880065606,1.0093856994643562,0.8584453482120655,1.872817999747433,0.31037937847514285,0.3496582428644586,0.35412084506148744,0.2320932956388148,0.03205788966894702,0.2697404442682654,0.25
flux_rich,flux_0148.png,1,Flux,False,,,,,,,,,,,
flux_rich,flux_0149.png,1,Flux,True,168.0808449839614,0.8383895043735886,0.6447099653665923,1.4766343584927224,0.142956567578567,0.38377097425640677,0.37198519873543034,0.249715645563187,0.5585348239010317,1.506785556100966,0.0
flux_rich,flux_0150.png,1,Flux,True,21.929309413436375,0.9561849265074192,0.7850700504820934,1.834688587268138,0.26781432090144275,0.2485274220088854,6.282123631881632,4.02025799357206,0.5165679435440075,0.2902389823778071,0.0
flux_rich,flux_0151.png,1,Flux,True,14.733734494926075,0.7889609743907723,0.5938748541881008,0.7361117762543152,0.07159646027065622,0.21499107141339616,0.3275083726092731,0.1959829709917026,0.14239014515832546,0.6115628775086526,0.0
flux_rich,flux_0152.png,1,Flux,True,29.568977433124804,0.6032742175463344,0.43553141533883055,0.44999330221678463,0.030366894844459615,0.48692887133053153,2.730847349983989,1.7199641389545346,0.02658506451922588,0.01299142094685557,0.0
flux_rich,flux_0153.png,1,Flux,False,,,,,,,,,,,
flux_rich,flux_0154.png,1,Flux,True,4.32465529294336,1.0230235315794864,0.8640988629017359,3.386747089868804,0.4775170054126404,0.9413247974435207,0.25871813578807235,0.17057190697286073,0.006703428180255249,0.1599242747280316,0.25
flux_rich,flux_0155.png,1,Flux,True,22.925630989137847,0.8433406302006371,0.657089071774308,2.5217899721498793,0.25455196056362944,0.7794945965185351,0.29576622935393004,0.1824014735209905,0.6153999747513139,0.5571060971647048,0.25
flux_rich,flux_0156.png,1,Flux,True,6.864878181748887,0.8990653007560725,0.7226333160563833,1.1809924248006793,0.16373658082336762,0.2133844877890566,0.6389129427122953,0.37964146771313867,0.23594383751718623,0.4629771276536996,0.0
flux_rich,flux_0157.png,1,Flux,True,6.777339688519699,0.8216848930806313,0.6582093070056241,1.0781267410686524,0.14662027409574793,0.3245989046628386,0.38275007531514404,0.3129675202153137,0.13839310013205852,0.560452266180099,0.0
flux_rich,flux_0158.png,1,Flux,True,4.15712299081678,0.8878814637138637,0.713136922902669,1.8265800384566468,0.2934800463197617,0.4853314760262822,2.834466217848373,1.879563461795233,0.058638808245361634,0.1523860098965404,0.0
flux_rich,flux_0159.png,1,Flux,True,6.242012925236911,0.7910433040442573,0.6044919185669677,0.8232820025898122,0.10422632866130666,0.2759011811671536,0.3895529727800948,0.28167525031632157,0.07303190006189253,0.4075531509488579,0.0
flux_rich,flux_0160.png,1,Flux,True,8.97884952702508,0.8904542785751911,0.7124765679244262,1.240305882348218,0.15527533302789176,0.20819709053983734,3.720932124804648,2.800862066836194,0.0748751701827133,0.03461346378898256,0.3333333333333333
flux_rich,flux_0161.png,1,Flux,True,269.0662348644059,0.6023331149081407,0.43512084049736544,0.5475519320107405,0.034358173411685414,0.2820465074401669,0.7978152072382301,0.6214034978429916,0.4478173735555977,0.8113891067466792,0.0
flux_rich,flux_0162.png,1,Flux,False,,,,,,,,,,,
flux_rich,flux_0163.png,1,Flux,True,20.290416871672797,0.9668236435153329,0.7860485576187377,1.9727592661264288,0.35108037954957116,0.3066639100927042,1.6890116541976425,1.0454072453797525,0.3267288651414433,1.6841479727260715,0.5
flux_rich,flux_0164.png,1,Flux,False,,,,,,,,,,,
flux_rich,flux_0165.png,1,Flux,True,9.597064859937337,0.9146255204458306,0.7402064936761457,2.006014419882715,0.21436459217669507,0.29809969454304014,0.48065083336290115,0.38973323492386414,3.7784057335193317,,0.5
flux_rich,flux_0166.png,1,Flux,True,8.412417630938705,0.87767102377952,0.7075251906527386,1.9418945781082042,0.2645026642091702,0.5492911958111726,48.79135529751307,28.1861896234343,0.3241935271037306,0.20555055148761614,0.0
flux_rich,flux_0167.png,1,Flux,True,28.52842642737433,0.8813028518730306,0.6979338654876057,0.8699439382003922,0.10312115121718403,0.3248420986503529,0.5298157797383709,0.3602166577346599,0.10259933034218478,0.6277520466974122,0.25
flux_rich,flux_0168.png,1,Flux,False,,,,,,,,,,,
flux_rich,flux_0169.png,1,Flux,False,,,,,,,,,,,
flux_rich,flux_0170.png,1,Flux,False,,,,,,,,,,,
flux_rich,flux_0171.png,1,Flux,True,11.172375221702952,0.922983290838495,0.7455113810677562,2.4861270507133733,0.25085317526379003,0.5707997010287091,0.5358755938512161,0.35071469404367855,0.3591849236653467,0.1797828588361865,0.25
flux_rich,flux_0172.png,1,Flux,True,8.064361717583912,0.9258746172349285,0.7410963599446858,1.3012927481174306,0.14914384765313582,0.32751563013770346,1.1009484415288853,0.6498717304598639,0.13575057578911565,0.36943999468280175,0.0
flux_rich,flux_0173.png,1,Flux,False,,,,,,,,,,,
flux_rich,flux_0174.png,1,Flux,True,5.024773838283399,0.9812714687717051,0.8198409944533609,1.502288170747753,0.18810002713428697,0.22663322379230258,2.2716189271299783,1.7608102470093925,0.038449702939312845,0.12276967283909368,0.0
flux_rich,flux_0175.png,1,Flux,True,6.291198981520084,0.6038462740101638,0.43779146130707536,1.0813099653303528,0.10718358457104858,0.2539568954413722,1.6736753875287178,1.104023547850192,0.038880684220551444,0.08259832225823516,0.0
flux_rich,flux_0176.png,1,Flux,True,5.335684513436617,0.7909199105406246,0.6289959817273896,1.4518005413396167,0.20949212702716238,0.24234020429885772,9.582439507351168,7.84174104556531,0.1400063248721879,0.18307236479845201,0.0
flux_rich,flux_0177.png,1,Flux,True,286.86126808329857,0.49255222183582836,0.33670359890826246,0.4534341805062217,0.013937508317549283,0.11372683436157932,0.4843143840157751,0.2894722642471497,2.9217505916797406,1.9580718946616447,0.0
flux_rich,flux_0178.png,1,Flux,True,16.056425087837514,0.8520358730936914,0.6649425310063204,1.3046342179404982,0.16504821913937673,0.16371278342310577,0.22675027752022459,0.17952854148142344,0.16680579868965548,0.9594696395259259,0.0
flux_rich,flux_0179.png,1,Flux,True,8.31947689169059,0.8602729505003748,0.6551186537956415,1.401038073508868,0.1968079821826627,0.20335110867140221,0.26064628874189566,0.15398787715047885,0.20388663951206548,3.4994426563726533,0.0
flux_rich,flux_0180.png,1,Flux,False,,,,,,,,,,,
flux_rich,flux_0181.png,1,Flux,True,2348.0988074738575,0.8247207329611231,0.629936527231056,2.2430897526307714,0.24515844723819497,0.2957136261867027,0.9493930119867855,0.787301954964327,11.732009094029019,,1.0
flux_rich,flux_0182.png,1,Flux,True,16.961106018892938,0.9054247754226983,0.7478226933553561,1.7063880078929494,0.2324528651194233,0.3862613191266798,72.81177070828576,42.04994074858725,0.9004283573057893,0.34965599869460107,0.0
flux_rich,flux_0183.png,1,Flux,True,15.148384243034226,0.7956531201760442,0.6058226575418423,0.8467207242572174,0.09595118384160024,0.29262714248779675,0.7095058706384947,0.42187445559686243,0.47218631295392405,1.3378023026267254,0.0
flux_rich,flux_0184.png,1,Flux,False,,,,,,,,,,,
flux_rich,flux_0185.png,1,Flux,False,,,,,,,,,,,
flux_rich,flux_0186.png,1,Flux,True,2.882893587871271,0.8923988954617987,0.7201682922893647,2.335006789313369,0.2680997985891249,0.2303965685379312,2.357227328849163,2.047416663915772,0.04530777754900779,0.029441629453200946,0.0
flux_rich,flux_0187.png,1,Flux,True,12.192880727513373,0.9663338586561343,0.7942179259534176,2.4706125445631626,0.28447200985893867,0.49525975323102833,11.760992767670771,9.514895077548976,0.4752820186246278,,0.6666666666666666
flux_rich,flux_0188.png,1,Flux,True,7.6569770380818865,0.8394355490506828,0.6698216170946778,1.323747266107137,0.16633800625826073,0.25978331815564243,0.6980762157773199,0.4913403043254286,0.024817232554774037,0.03649038246052516,0.0
flux_rich,flux_0189.png,1,Flux,False,,,,,,,,,,,
flux_rich,flux_0190.png,1,Flux,True,2.602303605324612,0.9601563874558977,0.7804815410515433,1.5441361940547838,0.24238453163624352,0.40458711119707913,1.4111282143471584,1.138979168712473,0.023253783908105688,0.1258931271730921,0.0
flux_rich,flux_0191.png,1,Flux,True,12.725823325261358,0.7671877356153587,0.5379218897623675,0.5927085894435422,0.065098787490699,0.2324421890886193,1.1477496625537498,0.6757362473679674,0.330907976234914,0.10748823451195655,0.3333333333333333
flux_rich,flux_0192.png,1,Flux,True,14.303133379455462,0.8807243267610686,0.7103970054082195,1.8298085120239715,0.2346753671099553,0.30380739050824057,7.181007917029547,5.928391032368723,0.11460866012491655,0.15991351056239633,0.0
flux_rich,flux_0193.png,1,Flux,False,,,,,,,,,,,
flux_rich,flux_0194.png,1,Flux,True,604.6660733771901,0.9441308622312186,0.7780923501235804,2.6142398545477517,0.37390506147902874,0.5738637314639385,0.5762277033648218,0.35819202852116966,0.582838816985151,3.8118965253336246,0.5
flux_rich,flux_0195.png,1,Flux,True,13.473217930919535,0.8262248713252132,0.6347918271786108,1.493078799016991,0.2052764593151874,0.21055850738349913,0.28376045939465655,0.16787701829340343,0.2522307727254403,,0.6666666666666666
flux_rich,flux_0196.png,1,Flux,False,,,,,,,,,,,
flux_rich,flux_0197.png,1,Flux,True,9.274329469243042,0.9079228664342159,0.7409242886903725,1.1563311389897768,0.15493793714919507,0.3500896315780066,0.31713490410130873,0.2093576682406817,0.40719700996380503,0.0954574276051332,0.3333333333333333
flux_rich,flux_0198.png,1,Flux,False,,,,,,,,,,,
flux_rich,flux_0199.png,1,Flux,True,228.55735730481328,0.6619907925874399,0.4563526358315344,0.42563929059743616,0.04204637579421185,0.3849151149736117,0.9303250560281384,0.715735910637535,0.09325068144578681,,0.5
flux_rich,flux_0200.png,1,Flux,True,24.960782926898627,0.7113705951280133,0.5135299670094143,0.5304914088058795,0.054550833351790805,0.2101400968694792,0.20583662806930647,0.127517059108152,0.028482099235406365,0.03206774117348754,0.0
flux_rich,flux_0201.png,1,Flux,False,,,,,,,,,,,
flux_rich,flux_0202.png,1,Flux,True,7.575110717300219,0.9790298408800092,0.8213392595249729,2.655392235511376,0.3163133363313131,0.6089956050728469,81.43474178577208,47.09249118666338,17.48064219998263,0.05276895859558817,0.5
flux_rich,flux_0203.png,1,Flux,True,385.9425166201778,0.8594644223128607,0.6732517812595487,2.022698575470157,0.2440301898531173,0.6039462733476408,6.90784235093345,6.266556089109296,26.318689502674943,0.223263604703134,0.5
flux_rich,flux_0204.png,1,Flux,True,7.389039023074418,0.9006154913861408,0.7322969634561086,1.2880338912662803,0.1834874116615481,0.22810694612733898,0.6264183456406869,0.4250135167042465,0.02838420186053927,0.03570337405788493,0.0
flux_rich,flux_0205.png,1,Flux,True,27.017163614193393,0.8717927505851997,0.6990310255246994,2.378180066664227,0.25532577461325345,0.5085244024639146,0.2339984581551846,0.16384476629691747,0.03225680027198136,3.57716700037998,0.0
flux_rich,flux_0206.png,1,Flux,True,6.913968886160406,0.9136477164274245,0.7535990635195411,1.5848209540324265,0.23727640801640565,0.2865062061678293,3.190327109014831,2.512198982552185,0.05374161548620781,0.00476472831458441,0.0
flux_rich,flux_0207.png,1,Flux,True,10.521990987849868,0.7376705441893462,0.5694895695466091,0.6022621901978581,0.04566868869664089,0.3035786094166807,0.581335713997646,0.4108735569949634,0.1131260335422451,0.10853982004172824,0.3333333333333333
flux_rich,flux_0208.png,1,Flux,True,4.498796993321977,0.8975997496500545,0.740081650212892,1.4809201154337799,0.14347762884343745,0.3705613697145932,6.376979656424652,5.14359359088173,0.09465086121095088,0.01568021725505364,0.0
flux_rich,flux_0209.png,1,Flux,True,660.2383395115286,0.7345089236208796,0.5362329051778935,1.0432951540489563,0.13136717783585466,0.4563383992813578,0.33186544701339926,0.23030273908408086,2.484873534267006,,0.5
flux_rich,flux_0210.png,1,Flux,True,4.925411316215505,0.9060005839679592,0.7339687983403057,1.2844869086770645,0.13677017442542388,0.3304196844342476,0.5396306317031048,0.40433215732035954,0.014260426037598868,0.02585013707370898,0.0
flux_rich,flux_0211.png,1,Flux,False,,,,,,,,,,,
flux_rich,flux_0212.png,1,Flux,False,,,,,,,,,,,
flux_rich,flux_0213.png,1,Flux,True,5.960406745731281,0.9920748035366961,0.8187469851406874,1.5824587467240978,0.23046755123198395,0.4278083415034892,0.5313009428301569,0.3123449984054809,0.07181356376928041,0.04198231034837452,0.3333333333333333
flux_rich,flux_0214.png,1,Flux,True,31.61685682041078,0.8620673227118485,0.6786537254288247,1.6907245464427083,0.2592402378590838,0.6371622876247531,68.04917466449989,39.32779052183752,2.707899336008256,0.5830009821742825,0.25
flux_rich,flux_0215.png,1,Flux,True,52.354322984036045,0.7637410050768342,0.5788505869827204,0.6245930181010868,0.06097080583228709,0.16225302969100583,0.9027739808054207,0.5222752005445249,0.02072147545744707,0.30747368302060885,0.3333333333333333
flux_rich,flux_0216.png,1,Flux,True,64.01957214159813,0.5251481291638127,0.34730444921772957,0.5677271731621243,0.05322323544687326,0.39629951354263143,4.166860793516051,2.804462839380558,0.33998009956139946,0.14196919303334532,0.0
flux_rich,flux_0217.png,1,Flux,False,,,,,,,,,,,
flux_rich,flux_0218.png,1,Flux,True,4.094078776620749,1.0005103822467023,0.845151497486094,2.3346554271031494,0.3572623539300266,0.4257557594344495,6.04558796793728,4.967309428780609,0.13665891939978295,0.08169308279508325,0.5
flux_rich,flux_0219.png,1,Flux,True,14.272836093992904,0.7732901758218212,0.5845110978515831,2.0620667466957503,0.2149100961270341,0.9677316800921705,1.559423086651762,1.0141567470079942,0.17980203633583483,,0.5
flux_rich,flux_0220.png,1,Flux,True,8.239766033771328,0.8471373259438548,0.6743224631352827,1.2420516036591174,0.16085893081647512,0.1897166167464467,2.1060653292739744,1.7075778515106643,0.0310785353295676,0.0804875010151056,0.0
flux_rich,flux_0221.png,1,Flux,False,,,,,,,,,,,
flux_rich,flux_0222.png,1,Flux,True,7.932219271328374,0.8922497756902285,0.7128875966548115,1.6362024445804018,0.23745455644895702,0.5084305567447761,5.140532728600419,3.838095536945907,0.09735934284688028,0.06979338859701656,0.3333333333333333
flux_rich,flux_0223.png,1,Flux,True,4.422917288987048,0.6331651525824842,0.45628433661754203,0.5636139127255015,0.04118009075976497,0.2527556682304594,0.6578029038234519,0.4892916152444936,0.18559200083893182,0.053641047046905754,0.3333333333333333
flux_rich,flux_0224.png,1,Flux,True,3.4223913620171893,0.8867803921458144,0.7189180532296362,2.4314453511165586,0.31272295286859275,0.32887152194542596,8.73525463738433,8.042473925853704,0.10253079088436116,0.010585985865997571,0.0
flux_rich,flux_0225.png,1,Flux,True,206.04158783585223,0.6622474548338309,0.49767224777583197,0.512631619881597,0.008985626032402851,0.1997786600385363,1.5019487758787875,1.1372361789184349,0.9258242628094693,1.1178848761064497,0.0
flux_rich,flux_0226.png,1,Flux,True,9.11447533360707,0.843757072654054,0.6784069819145255,1.7471280368833582,0.20187396020458687,0.3122258061632218,0.5284304748852122,0.33491311536392826,0.058697209317093574,0.21362220081561567,0.0
flux_rich,flux_0227.png,1,Flux,True,8.587816976973471,0.8655222356921882,0.6678036865582737,1.4762097434412706,0.19552268423304622,0.2741928586948625,1.0223634262770105,0.6000769531536739,1.4711458979245835,,0.5
flux_rich,flux_0228.png,1,Flux,True,2.9800043105789316,0.8495215739234637,0.6879466369056164,0.9070735800736083,0.08601563850799143,0.1618180716035713,0.4619297986850057,0.2984093952978096,0.015010839415596252,0.02617469968429642,0.3333333333333333
flux_rich,flux_0229.png,1,Flux,True,39.78383997068929,0.8789241185706275,0.7011178153317277,1.7160489681148543,0.2042490731665516,0.25399050339444385,0.6312993606014317,0.40036537841060366,0.6863452594528351,0.1368889324999243,0.3333333333333333
flux_rich,flux_0230.png,1,Flux,False,,,,,,,,,,,
flux_rich,flux_0231.png,1,Flux,True,73.4878564774037,0.6514526896191241,0.4768470611957914,0.5069639444934473,0.040985929821218826,0.1858329686863103,0.8452564787964292,0.5104698325831987,0.12937447359479778,,0.5
flux_rich,flux_0232.png,1,Flux,False,,,,,,,,,,,
flux_rich,flux_0233.png,1,Flux,True,,0.8289800968378193,0.6488004983021586,1.0391339540957747,0.10186878060500373,0.7636422083252183,85.03181260206945,49.11953061877325,542.36315113457,,
flux_rich,flux_0234.png,1,Flux,True,2.710229508317288,0.9158730201334084,0.7462154070767976,2.94619371098665,0.3557932395701039,0.3813739657620446,6.4389563555615865,5.3030583232046205,0.13505228598891258,2.971687283553778,0.25
flux_rich,flux_0235.png,1,Flux,True,11.442560443764641,0.85760136190017,0.6714483555187533,2.065189589099993,0.21735516537429928,0.6099739328224285,1.4661338048686048,0.9148791422066934,0.06450334057569282,0.7417315351094889,0.0
flux_rich,flux_0236.png,1,Flux,True,4.116910366871275,0.795616697637537,0.6350502854195509,1.025936775224951,0.12606257484044822,0.27897459969849236,3.4717788229405215,2.884138494669488,0.06856980272751458,0.04620500231632896,0.0
flux_rich,flux_0237.png,1,Flux,True,11.10431514457699,0.8120137540416488,0.61902159919396,1.8402052271415874,0.23232911526342734,0.2975043506647713,0.8660283565857583,0.5916882573097437,1.3163792030108152,,0.5
flux_rich,flux_0238.png,1,Flux,True,8.202917011766,0.9422665518447234,0.7830229570063628,1.5791338902730248,0.2205869784843423,0.31543153463370616,5.48922105540538,4.32943629470201,0.0884141474752986,0.0046244795608068046,0.0
flux_rich,flux_0239.png,1,Flux,True,10.408266703091131,0.6571795647832103,0.47627793632730014,0.70411862836701,0.0622261329187803,0.2066866472727282,0.2575978808442585,0.1578228696193333,0.04128249736509506,0.33705763674544276,0.0
flux_rich,flux_0240.png,1,Flux,True,6.315915982688782,0.9185606636919466,0.7431496412428384,1.2162989439908112,0.14304677824960824,0.33358092951266266,1.1592525467884087,0.7397612073984493,0.0455593270223612,0.12258571139956675,0.0
flux_rich,flux_0241.png,1,Flux,False,,,,,,,,,,,
flux_rich,flux_0242.png,1,Flux,True,12.520498801826792,0.8930908602649317,0.7227614116660054,1.9600900503905705,0.20261809798290828,0.42060882432508523,3.1200940374971537,2.403081335692356,0.05781936659699069,0.07351857690527108,0.25
flux_rich,flux_0243.png,1,Flux,False,,,,,,,,,,,
flux_rich,flux_0244.png,1,Flux,True,19.185906306368555,0.6741697709242405,0.5121047553707051,0.6498278050238504,0.06777446799810934,0.14902695788020684,4.06747713246223,3.216769385105659,0.080268874047437,0.011763173269789817,0.0
flux_rich,flux_0245.png,1,Flux,True,11.846966455895501,1.0038639567273357,0.8401098567174295,2.275947664567578,0.3002241538542325,0.7985456163165274,0.768963402619292,0.5167694672401463,0.5807701443388498,,0.6666666666666666
flux_rich,flux_0246.png,1,Flux,True,25.46105814053299,0.8961557003695216,0.721536457092948,2.0466608353437623,0.28448853784970246,0.5944106148633596,67.11512403169837,38.75646285194978,0.8738326252397887,0.7080369541527123,0.25
flux_rich,flux_0247.png,1,Flux,False,,,,,,,,,,,
flux_rich,flux_0248.png,1,Flux,False,,,,,,,,,,,
flux_rich,flux_0249.png,1,Flux,False,,,,,,,,,,,
