path,n_segments,n_vps,l2_rms_deg,l2_mean_deg,n_outliers,l2_unexplained_frac,l2_capped_mean_deg,f_fit,hfov_deg,ortho_err_max_deg,ortho_err_rms_deg,f_spread,orthocenter_offset,n_negative_f2,n_reliable_vps,loc_index,loc_rho_near,loc_rho_far,reg_n_windows,reg_rot_pairwise_deg,reg_rot_adjacent_deg,reg_logf_pairwise,reg_radius_rot_deg,reg_radius_logf,reg_logf_pairwise_twin,reg_logf_pairwise_excess,reg_radius_logf_twin,reg_radius_logf_excess,reg_rot_pairwise_deg_excess,reg_radius_rot_deg_excess,vp_std_max_deg,ortho_err_max_boot_std,ortho_err_max_boot_p95,f_boot_cv,set,k1,loc_index_undist
P1020171,532,3,0.8101928525730282,0.6308548926470714,157,0.20680104245983078,1.7034860642045646,531.3665819478615,62.11444974038718,5.3347395934247,4.133841280390403,0.16071240613913051,0.10978288412244629,0.0,2,0.34187297989094245,0.09295366922720494,-0.24891931066373751,8.0,6.4014752351970134,9.03121804808144,0.26645517525169593,10.370162594374632,0.44211191975905173,0.14042612043604352,0.1260290548156524,0.23875222892987535,0.20335969082917638,2.2072239956380946,3.6301919500332804,1.015950392484064,0.383499904261085,5.673791469384733,0.015189951490399879,real,0.006249999999999999,0.30395254158475293
P1020177,349,3,0.6741444171877519,0.4999917206706108,51,0.1071794306234873,1.097966197147109,670.0507642069502,51.05601964687235,1.0544933678497586,0.6760020651902672,0.02427665514767572,0.033560378215488226,0.0,3,-0.13675866500687206,-0.11779659420417521,0.01896207080269685,9.0,2.14995791106913,1.678292718426881,0.10153827217426104,2.657004165530824,0.11301635994203485,0.0728775904475496,0.028660681726711434,0.15740286792826286,-0.04438650798622801,0.4574809230756094,0.5461929505917746,0.17170434467780557,0.12038814325944139,1.3119509188253762,0.002849051773515361,real,0.11249999999999998,-0.08202966197744344
P1020822,386,3,0.8371249867802433,0.6282800553579068,111,0.1663268941407295,1.2592081991036292,706.5667039857672,48.73099796670388,1.0694147292017817,0.6254175392938329,0.0844592549949722,0.16146866000961413,0.0,3,0.1653670053783498,0.034265999380385326,-0.13110100599796448,7.0,6.593079785575172,6.272686295634923,0.18618451696353056,4.787980359107157,0.1632677581312887,0.10319324251908313,0.08299127444444743,0.18269758114203105,-0.019429823010742364,3.8658273896210074,0.6639712733372285,0.6239126057720499,0.2756606214064799,1.5919784745694208,0.008875343099789988,real,0.03124999999999999,0.16597080234146322
P1020826,170,3,0.7043273626305878,0.5456894894245584,40,0.1352580083494792,1.0819220407871089,691.2002759969388,49.684760766316515,0.22279664013728961,0.14514656833577788,0.14396622357899444,0.024452321961620917,0.0,2,-0.08190527148476712,-0.02147048895274417,0.060434782532022946,5.0,10.821574533828205,12.32534139974618,0.3276618377720748,10.10361923093686,0.40575624099447616,0.10210207125393733,0.22555976651813747,0.16052258991502155,0.2452336510794546,8.513896939594549,6.798186144606158,1.1536139962494358,0.21559408732116098,0.7072925388191507,0.027171567708387887,real,0.08124999999999999,-0.13087134763417185
P1020828,159,3,0.7619273650834869,0.5617626397947998,38,0.09737283452479205,0.8580836994249161,674.2196343691494,50.780162728875396,0.12401846404276284,0.09871980313127361,0.04195905218869501,0.06864047949310571,0.0,3,-0.007789565097960693,-0.02808959102305164,-0.020300025925090948,3.0,9.903979308500888,9.903979308500888,0.4231672554221504,6.464319573584245,0.31566317035633373,0.1782753350547699,0.2448919203673805,0.15524529232317885,0.16041787803315488,4.999809515075476,2.397844966799008,0.42654629543128936,0.19581647090995413,0.6348107297389258,0.008739746547822537,real,0.018749999999999992,-0.0421980849744813
P1020829,422,3,0.7025787641596197,0.5469288596279108,87,0.13099090875640512,1.1849063848495416,2133.6890429398813,17.058728713381964,72.04818171997834,42.40613044924482,0.7794073009501935,1271.2306391255902,1.0,2,-0.3467551100552383,-0.05503757918348873,0.29171753087174956,5.0,6.0216793320658,5.817086511700127,0.2591731207236543,7.7153304354942085,0.33766861816692995,0.08892716712100945,0.17024595360264483,0.08892716712100945,0.2487414510459205,2.7901923365511574,5.967708489655988,1.283056950097262,0.5882275717099353,73.22088987184287,0.04795306210393371,real,0.175,-0.36692250616007516
P1020830,349,3,0.7704165222334007,0.6145897925820962,71,0.11738654844072571,1.06028889515751,705.1079918119409,48.82005794460725,0.7872560101469475,0.5448951814226638,0.1306444141327945,0.06353364547002371,0.0,3,0.2653439613336792,-0.02474554425606934,-0.29008950558974855,7.0,2.240344064015259,4.414589685605802,0.2805174875654881,5.210722894410306,0.34127919134743,0.06531609219652079,0.21520139536896732,0.07323614897459718,0.26804304237283283,0.33023385952269146,3.5554622276048664,0.3432356257056137,0.24814065439239608,1.283101161259949,0.007234454505680349,real,-0.006249999999999999,0.26210850353326354
P1020833,160,3,0.6280632607428323,0.44057300409349637,22,0.04135006544380743,0.5130794104040146,653.9742636776965,52.14647584217852,0.8492707493099942,0.4943869515672992,,1.0731244819768504,2.0,3,-0.530588141034782,-0.20530497311837292,0.3252831679164091,3.0,6.770410893327767,2.51507632922924,0.8305651002263659,4.230127581858565,0.7696259281165938,0.6555316567000284,0.17503344352633743,0.3277658283500142,0.4418600997665796,-5.536694634509457,-1.9234251820600479,0.692236311873341,0.193664404258682,1.1786907181472408,0.019159717003890242,real,0.03749999999999999,-0.5067611220793841
P1020838,234,3,0.8547521222422934,0.6771237966576813,62,0.12663914799628115,1.1847773750647947,677.9739804101483,50.53410697102158,0.6027877748836374,0.5041385454876643,0.03237158527767664,0.027172744084760156,0.0,3,-0.17015855592317963,-0.07127731914502444,0.09888123677815519,6.0,5.135929543754006,6.585337664880892,0.11223758074810153,4.9053383387189395,0.16103138932945127,0.05113914311737622,0.06109843763072531,0.05665227125093031,0.10437911807852096,3.1993773734204263,2.630593377710263,0.5138786257437794,0.33693850099051964,1.4384352912797622,0.006338542823158806,real,0.08124999999999999,-0.05767064929579835
P1020841,404,3,0.7694245935986023,0.5831971196531467,132,0.21770195222621747,1.7143671638495286,693.2101160692192,49.558030866072784,0.842664880622749,0.5612459778853863,0.04169768201126344,0.01767349899833489,0.0,3,0.31329446851463205,0.13310896882959333,-0.18018549968503872,9.0,3.3148962391534154,2.8158011842386435,0.0423329089898572,4.1882585674596,0.16076652752845044,0.038880637364481,0.003452271625376202,0.14443323631810046,0.016333291210349987,0.8207172279979202,1.274609446950782,0.35873141282237747,0.2720369816814941,1.3325847694953217,0.005465079020480092,real,0.03124999999999999,0.3256605943513917
P1020845,338,3,0.729099864151774,0.555504952897294,74,0.17009761349936542,1.504616864186313,693.8226536045811,49.519527826546074,0.43135658520002096,0.2909329473829306,0.08447975790221679,0.14687028666688023,0.0,3,0.6830153106945804,0.10823987742309682,-0.5747754332714836,9.0,4.5186191901808535,2.964570627370728,0.15979125843308095,5.32945981732475,0.2330885341063076,0.17514858131410804,-0.015357322881027091,0.23415857627755177,-0.0010700421712441788,0.7874048283600859,-0.11038145169129443,0.42433655895057565,0.12813952461390393,0.6770203981078878,0.009865756010692742,real,0.018749999999999992,0.5723658480810353
P1020854,237,3,0.7800358854847048,0.5803590773822505,75,0.15036493939030499,1.3014166784922936,689.1294774959806,49.81597075574382,0.8601079971290915,0.6301366954072835,,0.019156432104121324,2.0,3,0.0953024599257487,0.05440128270332811,-0.04090117722242059,5.0,2.24049113066852,2.0252077707910137,0.10809058065549015,2.713892468415998,0.2799796104286698,0.03532327091692711,0.07276730973856305,0.059590551626693244,0.22038905880197657,1.3911707117729222,0.8618136633676086,0.5622794142163443,0.4502146116610533,1.6530793394829166,0.007730707475587975,real,0.09374999999999997,0.2568145458863723
P1020856,326,3,0.7136815111584772,0.5778113525475019,43,0.08726931550425207,0.9560815272512874,1619.6120308927311,22.352894994348986,86.32068364057088,49.845267858136516,0.29284348119883097,21.254513269925997,1.0,2,-0.125839620622758,0.03332805392340121,0.1591676745461592,3.0,10.228488036532923,9.569266208993152,0.44613980595955294,7.607402996205574,0.38096835413567254,0.3354644414022223,0.11067536455733062,0.5475099153861662,-0.16654156125049369,-0.838611567734068,-5.825828789627575,1.1722940226568657,0.7587485279104301,87.17358696829402,0.08301701484897551,real,0.175,-0.15354013694918411
P1020860,393,3,0.6472006012287975,0.468332920039277,40,0.04097271429329422,0.46230645072771365,698.8523560456131,49.20547775298833,0.3297764178763316,0.23568955503827355,0.18167672611324662,0.022636330859729353,0.0,3,0.5309231688860278,0.052269392996531105,-0.47865377588949665,8.0,2.0713862974741133,2.1023445168151946,0.04633130311523548,1.9468697107637742,0.06153428828224916,0.026235759325962782,0.020095543789272696,0.03489041183857111,0.02664387644367805,0.7529905682562248,0.5569483910508908,0.32500972122794497,0.20726832195745756,0.6583897863414212,0.0037822244149557263,real,0.08124999999999999,0.2438754125397189
P1020861,315,3,0.836276725422226,0.6720344107040371,87,0.22680254985020784,1.8647783053460827,724.04793912719,47.686992665055364,1.7911504830329363,1.250249598648595,0.19040277091185384,0.17376267155091152,0.0,3,0.08810752887719231,0.0552367289302057,-0.032870799946986606,6.0,14.081210739218406,12.068589094973357,0.5197765273232591,12.090435258023613,0.5311494177623506,0.13754475861769278,0.3822317687055663,0.4503593642426158,0.08079005351973478,6.540039393944776,2.3301798801884903,0.5088167823281677,0.46977025175908527,2.5882104401116175,0.010493239362750146,real,0.04374999999999998,0.04577937480950278
P1020871,354,3,0.7765247121969184,0.597707283008272,109,0.2140446963317306,1.9493636372165088,80.00030247605346,151.92741111945637,68.27049704389529,41.03243224823219,,67.98619985224778,2.0,3,0.19853986231777654,-0.0751710741604128,-0.27371093647818934,5.0,13.993754475322106,13.262777776813813,1.9621700799250879,8.468600751539412,1.4605507257809425,3.9209402258322257e-07,1.9621696878310653,3.9209402258322257e-07,1.4605503336869199,13.685482254106823,8.20040903210688,0.2031547653588269,0.17264473986347253,68.53832281127663,8.171504453745699e-08,real,0.0,0.19853982335084974
P1020872,228,3,0.7172189361440832,0.5475133448409796,54,0.13073661672712128,1.0727725788930285,703.5091058262246,48.91802774043498,0.6902984056586661,0.5474548439329016,0.07749420937484333,0.030099134043909098,0.0,3,-0.1948852420916949,0.04077310920825927,0.23565835129995416,9.0,5.609434649215727,4.410444216406816,0.1924844457760213,9.637303473717816,0.30322892188076933,0.05533358365207075,0.13715086212395056,0.10032665175764155,0.20290227012312778,3.0578443819550136,4.979750318465581,0.7179182633033756,0.18396547967677196,0.9439426671468936,0.014683091025812866,real,0.11249999999999998,-0.26119592078838705
P1020887,374,3,0.96822830096913,0.8056518728105999,118,0.22183135093161563,1.7283911890556691,920.4433311821314,38.340889514739644,14.475914500688475,9.975479459437608,0.3869049740814586,1.1236105981069826,0.0,3,0.41460028623560874,0.352299113976165,-0.06230117225944376,5.0,3.858661383134298,3.141696121373113,0.026608873192251803,6.578916703187884,0.02473404177878713,0.28396856969086537,-0.25735969649861357,0.6564947388582447,-0.6317606970794576,-2.440677179180333,-0.1342572059533209,0.715444446770583,0.6771961124501269,15.388081644440854,0.007797225104760338,real,0.175,0.45270339953542016
P1020912,413,3,0.7751755573887825,0.5961069989910872,122,0.2186760721247129,1.8494918147544466,1059.2595051161616,33.61890573513597,65.07169044772414,39.00602138858853,0.37828153114533386,2916.5134224317007,1.0,3,0.0317835167786269,-0.03775010119870026,-0.06953361797732716,7.0,9.165950156975502,5.566012556500854,0.7290542506202238,9.151515696093421,0.9293099941781162,0.3272177451332814,0.4018365054869424,0.2410705504657149,0.6882394437124013,7.04829588322321,7.306670738255214,0.3349449272129472,0.2714944142307455,65.46975998581148,0.010309665274632894,real,0.16874999999999998,-0.04838030601905685
P1020928,329,3,0.8090644923961288,0.6015657558818118,88,0.15055349814269084,1.308053847109365,703.2693947087226,48.932747566308485,0.9255546027403057,0.5722053892848517,0.031413481054205994,0.06258774118735351,0.0,3,-0.09178128817787778,-0.0612763465786037,0.030504941599274082,6.0,1.7431934879362043,1.4422206301054934,0.07440259649764158,2.2033822636252167,0.08015302437717287,0.031932180417489686,0.042470416080151896,0.061194278864296514,0.01895874551287635,-0.00034340084912209967,-0.4845884426063143,0.45845111961452495,0.12854984168707784,1.0771921832852007,0.00828750673645005,real,0.04999999999999999,-0.12962782344787538
P1040779,450,3,0.863865821556137,0.676774512667936,139,0.23823685943186146,2.1071544261818516,374.05888435759914,81.09267155574287,5.680878947172147,3.555126546495065,0.4653558207732412,0.8611990543505017,0.0,3,1.6486007530172044,0.41495079100947874,-1.2336499620077257,4.0,10.816938371616416,10.48960653533089,0.7630200128357374,7.070336619602184,0.45750957985231633,0.4556210561675824,0.307398956668155,0.3412650623490592,0.11624451750325715,5.416532838142967,3.4786348248812162,0.6669451328983316,0.2012364982965134,5.8757286220332,0.012351415530426565,real,0.02499999999999999,1.6275808668794716
P1040783,338,3,0.8768282181407441,0.7139654100367228,105,0.21902316020509144,1.6008452165351685,627.6986209543103,54.024864333775845,1.5709633950640836,1.0869451048425298,0.10574703940848998,0.055129652510148335,0.0,3,0.08103429504149462,-0.030938370952537486,-0.1119726659940321,8.0,7.13696144798735,7.3332450798953435,0.23667947746029494,7.347737010164181,0.6257927314490006,0.16429003097338768,0.07238944648690726,0.2093228440651136,0.416469887383887,1.8699299270838008,0.41656703089350966,0.5292546341443408,0.21804809205340914,1.9211433094223933,0.009464490665197407,real,0.03749999999999999,0.18273326490544228
P1040788,340,3,0.8044391244968143,0.6187781477795533,60,0.08382921135218192,0.8282837036837754,644.7589885936727,52.79128145196315,1.170013360437423,0.6919371371361108,0.20482871325939153,0.05042062318152765,0.0,3,0.3765245936559848,0.11076157934255815,-0.26576301431342664,9.0,2.658717016017243,2.658717016017243,0.24681727875771786,3.4545793930683626,1.2939374012722924,0.2065224522734046,0.04029482648431326,1.581011225028254,-0.2870738237559616,-0.9517986774830121,-3.2799561361168035,0.40446128636551454,0.378392720081541,1.8136094175870923,0.01683797725553777,real,-0.012499999999999999,0.3930146309906536
P1040795,437,3,0.8138582387733917,0.6440694951779922,170,0.2940980793486989,2.3339213174896787,1359.8759218068967,26.483370902970613,6.871134725265804,4.5120123921311235,0.3870872070294378,0.3157176423253984,1.0,2,-0.06114705822074107,-0.013071107475429056,0.04807595074531201,5.0,10.879934861236421,9.657887745936558,0.4111357160363225,9.946603971948543,0.41171655451663414,0.08873695548371296,0.3223987605526095,0.09395674720788749,0.31775980730874664,7.761488083099836,5.293363269346973,1.2974616460935169,0.3101529649301175,7.36408638576138,0.024380227551067776,real,0.02499999999999999,-0.06819266182017913
P1040798,338,3,0.71212649945746,0.5354508944056541,75,0.14797935151354594,1.2847039686010109,656.838524374316,51.94903389534108,0.511113896610226,0.2981099511776409,,0.06646270342454469,2.0,3,0.7828425895855244,0.2826225554082822,-0.5002200341772423,8.0,8.93394654573019,8.916995548173578,1.2857159858146212,12.046455070198652,2.004898588889291,1.369410010953882,-0.08369402513926083,1.3694103317155455,0.6354882571737455,6.126621008203844,8.509143057986272,0.374390558670807,0.24921886446815075,0.9325743906467607,0.042260693461925895,real,-0.043750000000000004,0.7490389734760511
P1040801,526,3,0.8367641842570088,0.6540509884544927,179,0.22552081307138308,1.7859950281993164,451.33750704322085,70.67357008837487,3.4144450504939527,2.749554321268112,0.3483334700260133,0.3029563408704914,0.0,2,-0.05430477783861931,-0.05299793910417416,0.0013068387344451482,6.0,2.4076572655604727,1.9616102966194395,0.22088026119680748,4.044762375805704,0.25653427646563953,0.18056470665655144,0.04031555454025604,0.9103674857768853,-0.6538332093112458,0.7027985117129765,-4.6194320935141535,0.5580226558297117,0.26119789995638615,3.7880442143972783,0.02107897651526418,real,0.012499999999999994,-0.13361504025429094
P1040811,162,3,0.7652979927649483,0.6076832380524305,41,0.15467488342844832,1.2625233925102388,682.0197168809971,50.27143653786523,0.2975312493463633,0.18065995222242318,0.12126092960816723,0.07887334868782257,0.0,2,-0.49257697493245967,-0.15451730285052512,0.33805967208193455,6.0,2.83722149281481,2.728555185507869,0.2573607931212001,3.216831070991955,0.2887959450664681,0.16946426286130922,0.08789653025989086,0.18973592346886692,0.09906002159760119,0.6743196637710578,1.3106832967500015,1.5401660833319881,0.18229928339947055,0.6998058134110579,0.08127104314249914,real,-0.05625,-0.5247608249789165
P1040812,479,3,0.8626852007492455,0.6737262395680078,151,0.16995044949707186,1.1225820840008254,731.8169156646057,47.236423737288405,1.1793138489959603,0.7006273516591127,0.1459246924333819,0.0686932295791064,0.0,3,0.07579729395233104,0.09410493960819688,0.018307645655865845,9.0,3.1168912320514464,3.034809496041274,0.11870154591556226,3.642416061240158,0.22876069876119143,0.033683275216931374,0.08501827069863088,0.052946257287802556,0.17581444147338887,1.593047129844288,1.9914272281350862,0.3458056732685756,0.3390258258992709,1.7597002074135997,0.00643844853367236,real,0.05624999999999998,0.07233749431294167
P1040813,433,3,0.8706044749597449,0.6937366863359714,134,0.20453184396003915,1.4333243869121444,687.2820008871748,49.933579361111654,1.318573372435381,1.0564938519981628,0.23078376385667607,0.028035513245738216,0.0,3,0.2468735804795118,0.05056340924240044,-0.19631017123711136,7.0,6.429609052367815,5.582654467538544,0.14873304617973027,5.894517685834735,0.19708351828822002,0.034964796190010805,0.11376824998971946,0.25586282703581587,-0.05877930874759585,4.713089854152189,-1.4156127908198206,0.5916109988311447,0.3866654919072566,2.1025608185130022,0.006665271849670911,real,0.08124999999999999,0.07140112813396793
P1040814,270,3,0.7559472403628246,0.5980594246285936,66,0.15212601497044836,1.2059426623448661,680.9402760272762,50.34126947409223,0.17381264675053387,0.12315558639299272,0.03311852714094875,0.06664048384251164,0.0,3,0.043707919546516205,0.12335637558028834,0.07964845603377213,6.0,2.1920627005956526,1.9178488043196806,0.07378519458412214,2.8172505220103887,0.1356767683506721,0.026281973193322372,0.047503221390799766,0.03645479788462014,0.09922197046605197,0.9754207256637999,1.4286539748586677,0.44415579945216754,0.17896141265592216,0.6717342995330746,0.00705841386726918,real,0.04999999999999999,-0.01935719221471377
P1040815,491,3,0.7015987329794289,0.5418918720441667,125,0.1862716874424366,1.7934821013962339,15999.936340785378,2.291534791251324,42.738015960118695,33.17018869578182,0.9580628855681113,2174.9586511328266,1.0,1,0.5005609424117519,0.17257236977558277,-0.3279885726361691,5.0,9.0138917876884,7.334211126254908,1.1581541190091023,8.873877643007031,1.1615862278457243,3.1197911195032075,-1.9616370004941053,1.6999037137606217,-0.5383174859148974,-2.6638023958270622,-1.3949610606624496,15.15463595192152,17.472323247990694,84.9179175426784,0.497589680632433,real,0.175,0.5002518852556999
P1040817,372,3,0.8965999746926259,0.7233955593272344,97,0.22467857335377237,1.6975660326983948,810.1426540669282,43.10726308182327,0.2980141152394964,0.2511207465291189,0.11881520421546447,0.07447514277789828,0.0,3,1.5360843982949506,0.3839131657725532,-1.1521712325223974,7.0,9.398169710007542,10.2975195140125,0.7831379101555269,9.14431106967546,1.5701802104248972,0.24951731395364884,0.5336205962018781,1.319587406200633,0.2505928042242642,6.83243108075364,4.8201753611683165,0.5271231618755446,0.3014799902418188,1.0107598650958065,0.02682520422342664,real,-0.1125,1.312936368517167
P1040818,361,3,0.8907318565678092,0.7195673250973996,139,0.31890649568767804,2.457397832770875,1088.9107831048095,32.753133289522715,72.19782588567253,41.73383220138515,0.37949323314647737,1.8942950845332118,1.0,2,0.1763143094366325,0.08838261690936056,-0.08793169252727195,5.0,9.046457257449646,9.180966991914147,0.38987209421469693,5.704109935704634,0.38987209421469693,0.18413388373405537,0.20573821048064156,0.2905046945558749,0.09936739965882202,3.5785451868072506,0.2829124026946168,1.1056756331995587,0.8919144942552673,74.13735567474424,0.04325122311992411,real,0.175,0.02066646294452501
P1040819,338,3,0.7388120170063677,0.576983995892171,106,0.24659368289120662,1.789974360636478,685.3674684921086,50.05600619765039,0.6554605052490103,0.431508809065715,0.020954099801936455,0.020114807035836856,0.0,3,0.008942877125923232,-0.020909533937172098,-0.02985241106309533,6.0,3.832841201479084,13.387321666125624,0.10281765975422452,8.13423456999955,0.2573803655956062,0.04782226301726045,0.054995396736964075,0.05503829822928452,0.20234206736632165,2.404473307156187,6.577337558930461,0.279130596138357,0.23853139759509903,1.0500693786258701,0.005199925495308825,real,0.04374999999999998,-0.019817189796739187
P1040822,190,3,0.9927389976193165,0.8421925763025047,53,0.1644606870627005,1.4082821947497561,868.4882994249922,40.45327685291287,1.3160956674225162,0.9164186327710535,0.2123255175755279,0.4500479855635339,0.0,2,0.22421938264364027,-0.10818588950177443,-0.3324052721454147,5.0,9.503993137381629,10.39321409952487,0.3000799449191067,10.406722864231146,0.3686220256651036,0.14344977805486625,0.15663016686424047,0.21791600473376027,0.15070602093134333,4.861955664668008,4.63773232913859,1.0313424500228954,0.616119774016526,2.34423240276384,0.019507441164828058,real,0.175,0.18666836663810482
P1040823,256,3,0.7291665859920997,0.5705236725449956,48,0.13269303803133548,0.9713757778490628,1475.4632512637688,24.473707858531,13.340752059217053,9.493861789215986,0.383414492623678,0.7036068596519633,1.0,2,0.781410688017478,0.28597080790892426,-0.4954398801085538,0.0,,,,,,0.08549391634776793,,0.09798385966005707,,,,1.963015857311294,0.4985372915112887,13.897619900916112,0.02526971611914585,real,0.012499999999999994,0.7746343539090291
P1040825,241,3,0.7607782755876995,0.5739135574099643,41,0.10287593248821099,0.8418109455117793,656.1759291437418,51.99458475223751,0.1747235050311957,0.11430921042412713,0.021059939399454893,0.010383784624070943,0.0,3,0.015381746217000503,0.14259049437932492,0.12720874816232441,6.0,4.844621381151629,2.805691002722095,0.2781160875657305,5.680944383911662,1.4336698094637135,0.21173043138151026,0.06638565618422021,0.5180883126153883,0.9155814968483251,1.344663953560346,0.6305014699519313,0.6241233185671174,0.22197232307388506,0.8208787848589458,0.01992266409056441,real,0.175,-0.004498733615964645
P1040826,189,3,0.716112880061669,0.5424587821100182,29,0.06598018738622113,0.6679267926219712,424.0861431304426,74.07375653412333,0.9989952661707378,0.618390861660797,0.27213197124994354,0.059548041347135684,0.0,3,-0.019566206433618616,-0.07685509418702607,-0.05728888775340746,5.0,2.4398450115688135,2.1080593228964633,1.4339892034213726,3.3520990611085475,1.1136882145117801,0.48406905605697004,0.9499201473644026,0.48406905605697004,0.6296191584548101,0.4563761474568184,1.3338410310586535,0.6270060747483119,0.3185326680777035,1.5342854582565153,0.058487166696867335,real,0.02499999999999999,-0.08989450213212391
P1040829,378,3,0.8594315838843858,0.6825874985186887,117,0.18701789297866386,1.501958362776373,716.7472491266316,48.11783822039517,0.35978804152108523,0.26454384489935345,0.08835327324230847,0.16144921637604032,0.0,3,0.14304246379752328,0.03284093631714036,-0.11020152748038292,8.0,3.410762381913749,2.4072606447639915,0.04889725466428585,3.2064440737494238,0.07419613681289494,0.05693779650650299,-0.008040541842217142,0.1525318028353313,-0.07833566602243636,1.8529104964649674,0.9882690859513681,0.4373608834722558,0.15978074535286046,0.7587736720222793,0.010380732339765131,real,0.062499999999999986,0.031185763663316157
P1040833,631,3,0.8734458629703125,0.7067585347992963,154,0.17943845436764722,1.6425343120174278,469.4544059374471,68.55999744211388,0.6440996214185617,0.5055674707424077,0.12984031911060512,0.16403027873746578,1.0,3,0.12123619556017973,0.052795192479134556,-0.06844100308104517,8.0,2.668445804594549,2.626678783619526,1.0274378914486415,2.9690563936758214,1.6637552691577793,0.20585684089577416,0.8215810505528673,0.9091418372711826,0.7546134318865967,1.0254539560838567,0.9209995898505285,0.4497306008925124,0.22579601909010066,0.8507279536738223,0.0591039827512493,real,0.07499999999999998,0.04918004940108989
P1040839,550,3,0.6160751931016258,0.4478686291908961,86,0.07606968860410186,0.7652341614605639,661.7976061650434,51.61046100487531,0.45716630740473363,0.2745149763675426,0.1682830392040179,0.006892407755579814,0.0,3,0.15786103143107655,0.14291553866332485,-0.0149454927677517,9.0,2.32458687921335,2.1748305300229074,0.1192282520201422,4.693787941890291,0.20175045442365303,0.08740553350557478,0.031822718514567416,0.12911205864414654,0.07263839577950648,0.15233088355914015,-2.4115807185330063,0.3525684620060754,0.27304684006667873,1.057541182595276,0.00964994314900202,real,0.05624999999999998,0.12402771190998074
P1040843,389,3,0.8107523002629042,0.6355088107851699,99,0.1756157371893462,1.2689191773974438,639.0070040526646,53.2013088257444,0.38971842098534637,0.2508087554604999,0.20662416168790876,0.11999547526221574,0.0,3,-0.15619175263192242,-0.06948183873012836,0.08670991390179406,8.0,5.256486162208153,4.9803406216247215,0.4700394644896124,5.799269584679564,1.0975067553861133,0.2825878046686232,0.1874516598209892,1.182961971466849,-0.08545521608073559,3.527792194158261,2.1304937111354465,0.4943341341784773,0.1659457978937014,0.605299438194678,0.03273829694742878,real,0.11874999999999997,-0.06613782946745728
P1040845,427,3,0.665720225224835,0.4720414502866205,88,0.11963124588062288,1.0055595861103335,687.9168512902485,49.89310681802923,0.026632166191546958,0.02061338763402238,0.015816605627691542,0.007663340274838853,0.0,3,0.31476737186807113,0.14040600706089645,-0.17436136480717468,9.0,1.8441891927069256,1.7955734556988618,0.09764713192098862,4.153933509450636,0.19050783121647852,0.29651614980449814,-0.19886901788350952,0.3252709457955274,-0.13476311457904888,-4.433680189462464,-3.075110748331025,0.175214196856781,0.06494478333166895,0.2278519556868371,0.004646045889142665,real,0.07499999999999998,0.3502592838378975
P1040850,395,3,0.7535136192676228,0.5779793931698016,47,0.07010498828770483,0.7204712322340798,687.5213739961074,49.91831179735208,0.8034388892816651,0.497581517610783,0.12087868740940627,0.015865555424808633,0.0,3,0.3546516910528489,0.0928624457929822,-0.2617892452598667,8.0,2.968155039282574,3.300610876857456,0.1334874314983603,4.008101105961288,0.9556906528072453,0.11065995498665693,0.02282747651170336,0.20575065473906706,0.7499399980681782,0.0701174136065772,-0.43212739639739617,0.3374786268128095,0.20518309334317938,1.1407487686583144,0.00847939412292729,real,0.04999999999999999,0.33297531609144504
P1040853,308,3,0.7721853951351404,0.5876347915529652,40,0.06524763468714431,0.6548200893509808,756.1132072423006,45.87781960192907,0.8378603864091332,0.5295405941037588,0.22623892485948627,0.12075647480279232,1.0,3,-0.1293898351604944,-0.03382073679406861,0.0955690983664258,8.0,3.107936266609662,2.5283410109681244,0.18462393985791836,3.171384715690781,0.193949728184589,0.38531541791241164,-0.20069147805449328,1.181947239527842,-0.9879975113432531,-2.1830356580773467,-6.4233121976792695,0.5758226156768927,0.19223578301494498,1.098897148815967,0.024728062726669935,real,0.062499999999999986,-0.18857253296439846
P1040854,621,3,0.9125571626956539,0.7279548177894523,290,0.3674008961390922,3.222298592884437,636.5770236113675,53.376308047823045,0.6745174641802549,0.4948620901820075,0.09666087863098045,0.06635882083184919,0.0,3,0.03982992256896167,0.13985823856896784,0.10002831600000617,2.0,13.467706688108315,,0.4380599084604597,6.733853344054178,0.21902995423022986,0.04898301375527003,0.3890768947051897,0.18106144854084683,0.037968505689383036,11.81058074564155,2.591070022185461,0.38489599085657356,0.2574543278971445,1.2258431470713935,0.005774091874041403,real,0.062499999999999986,-0.01886770849292263
P1040855,478,3,0.8472828437625325,0.6838615603009218,182,0.3415575072393704,2.134535582526359,752.9613372836731,46.049879514492346,0.4754429796117705,0.3263423605010959,0.30631915319666764,0.21504685328635695,0.0,3,-0.10727655762489208,-0.09315986790671382,0.014116689718178255,6.0,4.559718302529009,3.6691953184364867,0.12027439008073504,4.500201128005267,0.3495898109160689,0.1624682591791995,-0.042193869098464454,0.22254778764738736,0.12704202326868153,3.2146597592943174,3.287815634816673,0.4360783001070106,0.24926289333754842,1.0455910373466757,0.03394952532704387,real,-0.175,0.09821183742595241
P1040856,513,3,0.803243237063434,0.6239677147525712,166,0.23643588859747436,2.183028894837409,691.4100638748221,49.67150428365727,0.44913309413112756,0.3706165786723796,0.08974794206535616,0.0556422362234433,0.0,3,0.05498216538010492,0.06312296483699509,0.008140799456890169,3.0,6.6285822963989265,6.72262026360149,0.3292432892186259,3.363489271691653,0.1701867199229925,0.2406373322581823,0.0886059569604436,0.16858738526790829,0.001599334655084217,3.2336385584030145,1.0416024958666363,0.4268638903044062,0.21844834927338028,0.8926569447906096,0.015571735510428916,real,0.08749999999999998,0.07247878639539707
P1040860,464,3,0.9074820695362661,0.7108063462958483,176,0.2683684421031902,1.9724547820730967,710.6365906392396,48.48412177346616,0.39587222670442657,0.23373089279379647,0.354426022909767,0.2831733750029216,0.0,3,0.351152675634394,0.09644863497814071,-0.2547040406562533,7.0,9.927857919810739,9.228918011455761,0.634191048719976,13.211511369032827,1.687044589908318,0.43495047870656656,0.19924057001340945,1.4384008190600537,0.24864377084826428,5.5432216719614065,6.806734422603095,0.37057887399549994,0.1710639387050458,0.732441531364462,0.014609763700651694,real,0.012499999999999994,0.35503590692822695
P1040862,227,3,0.8539902317157787,0.697790213436824,94,0.28610800760575456,1.9771445517822608,725.9858326927191,47.573846673829074,0.9946685687088035,0.7867028871286887,,0.24480814010178847,2.0,3,0.23461576296418674,-0.02514441976165349,-0.2597601827258402,2.0,7.447299171002585,7.447299171002585,0.039262965367383273,3.723649585501359,0.019631482683691637,0.10118155047361821,-0.061918585106234936,0.10118155047361821,-0.08155006778992657,4.816359719844641,1.1160850903599373,0.5165428256819542,0.3801379930454844,1.7855580544512772,0.008814905046421136,real,0.08124999999999999,0.33479599113772407
P1040863,388,3,0.7422488252057188,0.570380516856638,111,0.18092080862242146,1.5616985201103493,764.7494847260219,45.412543083524206,0.6601472066489436,0.4145636713208912,,0.19245709071060235,2.0,3,0.6443332570426256,0.3240020068717412,-0.3203312501708844,8.0,3.7599952249274526,2.514721579467368,0.26502110333140605,8.94016923847636,1.483849454647336,0.09669979961507424,0.1683213037163318,0.1710281088890766,1.3128213457582594,2.556102019379508,6.464122477417715,0.5303539382910188,0.22719162609980076,1.0442691914005753,0.020259398290698668,real,-0.15625,0.6496080182516376
P1040870,336,3,0.9078665098377801,0.7359008494632573,142,0.29813724426825094,2.268717999817971,672.4424538271645,50.897418938820195,1.1210005565613557,0.6604154167701484,0.07865891409250214,0.09545141813935207,0.0,3,-0.10746488657881581,0.0001797998273439516,0.10764468640615976,8.0,4.9669809495348325,3.8810162648712767,0.23975396345865585,5.379035139434801,0.33628572322105255,0.07786948875332245,0.1618844747053334,0.36772257638074457,-0.031436853159692024,1.621629450738479,-0.3382573361655492,0.6536044083421744,0.47270914951522025,1.8918858805087344,0.00981140167088069,real,0.1375,-0.07270876993821129
P1020816,363,3,0.7882462336495527,0.628487245980143,109,0.21099613087855923,1.8550775904714851,669.571576682072,51.087907075387676,0.47969185819309246,0.27838163513749037,0.0638491944959752,0.08225208004814161,0.0,3,0.19680392649973466,0.06469073218349031,-0.13211319431624435,8.0,6.6411842165457955,5.607352805334285,0.2825686542625192,7.520622668124069,0.5339611490535936,0.0904321431554953,0.1921365111070239,0.13873498487048064,0.39522616418311296,5.265881596815335,5.235047821776577,0.24557897410981777,0.1637643505345803,0.7631650118968548,0.005035281059790797,real,-0.01875000000000001,0.16836293819239145
P1020817,350,3,0.8038028472122279,0.638352582295888,89,0.18704794078853887,1.5574981248690254,669.7515051207371,51.07592942132567,0.6267439380313391,0.37120250205991256,0.1001322353165059,0.05809318877618758,0.0,3,0.7362188392767186,-0.025115245224380134,-0.7613340845010987,9.0,3.443983943703069,3.2376531291694146,0.1743252790414549,8.815880788749732,0.4187935803246252,0.062394272948119056,0.11193100609333584,0.3805629311513661,0.038230649173259135,1.4542759717597018,0.09263254356926609,0.3919870523149928,0.18458864761226967,0.8527178510069674,0.011186381363113486,real,-0.02500000000000001,0.7263976217530852
P1020819,344,3,0.8261459575734458,0.6418044488041381,68,0.12245862263367183,1.0327927240444872,669.8130331119106,51.07183476730629,1.2271688290362448,0.7511119733901879,0.09936545207743491,0.03460131730464801,0.0,3,0.16137508374237375,0.016263741529142672,-0.14511134221323108,8.0,6.790610731882241,6.0002200409501105,0.7408505231551858,11.211395444758246,1.4767968203810895,0.045457642359257644,0.6953928807959282,0.3632572449015803,1.1135395754795092,3.535653028123424,2.971750958660884,0.31565755670972595,0.2984901221475616,1.6265623916700098,0.005182436420547902,real,0.08124999999999999,0.16564059471839743
P1020824,152,3,0.7230205878325827,0.5506797075452127,18,0.06543021230755047,0.7030742379593764,698.9971556932567,49.196491902241895,0.5161789715466796,0.3720610188496705,0.209337310769885,0.01644488783052651,0.0,3,0.014499421365003817,-0.02913812859359699,-0.04363754995860081,4.0,3.180696614658079,2.7952387772139877,0.03432223663244205,2.110694579229122,0.030030844703396564,0.07681728372910346,-0.04249504709666141,0.03876281019432781,-0.008731965490931248,2.1443290024857102,1.2853387182259093,0.689303656746463,0.18410443506994684,0.8005026308438389,0.012335096562124148,real,0.08749999999999998,-0.0990197364169545
P1020825,122,3,0.6894465425772017,0.5160567466156668,17,0.10754451366339947,1.2572856676260884,695.3659253501073,49.42276857075033,1.3748314513178883,0.9037156144366589,,0.05194786164193919,2.0,3,0.7441214584284619,0.16954429617159095,-0.5745771622568709,2.0,2.369494522341251,2.369494522341251,0.03255290168640279,1.1847472611706442,0.016276450843201395,0.06391743553517326,-0.03136453384877047,0.03195871776758663,-0.015682266924385235,0.7732075351152459,0.3866037675576416,0.46191403673590126,0.2695501378252127,1.7841289064959254,0.012823041041542301,real,0.07499999999999998,0.5662579132463543
P1020831,561,3,0.6816469412407342,0.5223083454906282,75,0.09626772941522432,0.9581433359709379,689.2670319431917,49.80723491310799,0.5860667128353754,0.41857299813355214,0.29676792894985554,0.5147359731749348,0.0,3,-0.18222065551366662,-0.1017064493614801,0.08051420615218652,7.0,1.4474633622637403,1.1282131671931825,0.07847244479097526,1.5397873392262538,0.09790251544706852,0.03960292711391489,0.03886951767706037,0.04064785112202163,0.05725466432504689,0.12113714404409892,0.18332647490440035,0.29106768682904804,0.23375342688913847,0.9746941793874363,0.004881024241113612,real,0.05624999999999998,-0.18657318090139763
P1020839,195,3,0.6434329645396554,0.45052337851758545,24,0.03465395953104915,0.4306547370846877,629.8837378354272,53.863895412769466,0.8837037840241351,0.5402444681997063,0.2088131644512236,0.9492625005632037,1.0,3,0.37330625312247356,-0.054356546710963016,-0.4276627998334366,2.0,0.5463661807065248,0.5463661807065248,0.010788333437145248,0.27318309035330435,0.005394166718572624,0.44333589217099245,-0.4325475587338472,0.24734185991017466,-0.24194769319160203,-11.059141652580966,-6.343763411666554,0.8762763987847999,0.1722616415161838,1.101544348333627,0.0194922571294777,real,0.03124999999999999,0.38657674114415363
P1020847,400,3,0.7894503270048064,0.6226638893695974,56,0.08658944194796586,0.7759325265831034,653.0028506365109,52.21375552669361,0.42423904963011694,0.3175115585879925,0.08926452456143959,0.14156105948067177,0.0,3,0.36030001395915334,0.19331007697533653,-0.1669899369838168,8.0,3.5756832520424755,2.4467038804070134,0.0429951602136156,7.294923985230984,0.2982215562023032,0.07055597771821365,-0.027560817504598045,0.0977384784986155,0.20048307770368767,1.3500004081299881,3.608616102258659,0.3697309512938429,0.12834214086182782,0.763007316315236,0.006967319052068797,real,0.062499999999999986,0.37140301994202773
P1020848,608,3,0.6724781829005032,0.4976602646656195,88,0.12707350155341862,1.0934021710151158,1330.798996957294,27.04098297170207,51.41720924166377,30.625868296732516,0.21028093663568462,2.1524455252655423,1.0,2,0.6302147914662887,0.21902082439622628,-0.4111939670700624,2.0,1.069873464750509,1.069873464750509,0.07196172273659673,0.5349367323752586,0.03598086136829837,0.18651671780466295,-0.11455499506806621,0.11369958413569625,-0.07771872276739789,-1.8733847292634458,-1.5358799204191036,4.150103714143662,5.261334402133481,57.67468848931107,0.08343221741486079,real,0.175,0.6688014919787625
P1020867,279,3,0.8023025294930634,0.6131482135797454,72,0.18492157678814747,1.3204541223728583,687.9580153519639,49.890484675170676,0.20316272277565872,0.16400351644769798,0.04144090961823204,0.04110926363181622,0.0,3,-0.09696889129296782,-0.05012579909164572,0.0468430922013221,7.0,3.728353455139371,3.728353455139371,0.08758280612410285,4.000184141094722,0.09569963608794252,0.027993456295774877,0.059589349828327975,0.05915922291986009,0.03654041316808243,2.435890049329602,2.5266597482143665,0.3782444151059272,0.11290711368475424,0.44821623299168317,0.008453544612105787,real,0.04999999999999999,-0.10337258876212962
P1030001,616,3,0.8472570379352216,0.6688560690437404,125,0.1592298912579128,1.175086518996011,693.5702039814971,49.535389576286924,0.8822881603104378,0.6138447178265393,0.0286628571739109,0.03395053078989411,0.0,3,0.007472262140272967,0.05714603285295472,0.04967377071268175,5.0,3.3038690943673776,2.999071256711387,0.13576831291422709,3.317140037344976,0.15411333353286016,0.037087914354479334,0.09868039855974775,0.040446101682333424,0.11366723185052674,2.154636564690543,1.7979722998676995,0.18687927282292244,0.10362193599195109,1.024768649284546,0.0041327899201899386,real,0.08124999999999999,0.02614045385848862
P1030004,399,3,0.8852373669014615,0.7071182648581205,157,0.36456407674373786,2.60371818812307,717.488822386692,48.07374090224317,2.305068170786271,1.380315022207935,0.07235143443489347,0.15043578054498866,0.0,3,-0.10082233073285307,0.006514832378812008,0.10733716311166508,9.0,7.0438174642850955,5.17546256112059,0.22460405546599027,8.533765765119337,0.38993692698584637,0.028574992299302604,0.19602906316668767,0.11282051500119428,0.2771164119846521,5.592628517531951,5.050760656843037,0.3769690125150303,0.2798139241696962,2.72283419933572,0.007450638834351307,real,0.175,-0.053639979587634556
P1080005,647,3,0.8674392472616805,0.6959681389864046,141,0.15962891888304753,1.2023398046728722,690.7196780909943,49.71515471040641,1.3155437240937573,0.7753677890307022,0.056100143854080346,0.1090407834553932,0.0,3,0.0025998838715107775,0.066913157708412,0.06431327383690122,8.0,3.723868565116107,3.859409657234231,0.10899827940702567,4.461638945632354,0.1868145409580544,0.03635157156777247,0.0726467078392532,0.06913748552707899,0.1176770554309754,2.4136430575401486,2.176101254795352,0.21144625034640757,0.15176883096414842,1.5742185319659399,0.004209703283409537,real,0.08749999999999998,0.09592511377969315
P1080008,759,3,0.8745263863296024,0.7168520054977251,180,0.20317119395295075,1.4300729489568123,675.1273482302519,50.720467290934195,0.5785911667598782,0.34750187297825474,0.018662805254349893,0.030738230940940282,0.0,3,0.5928722211740385,0.17616248079665708,-0.4167097403773814,8.0,5.645490313126102,5.464136535536005,0.292846220308987,7.398603860957998,0.4497108676233519,0.03433102634316487,0.2585151939658221,0.09293441245393153,0.35677645516942036,4.478834719151662,4.773078848993676,0.19688603612695693,0.09939347011649842,0.7380596708606304,0.004277406614154184,real,0.08749999999999998,0.5433216470841032
P1080011,391,3,0.861514158601597,0.6756328306898385,103,0.1723940672723343,1.306900123625452,686.9002676053074,49.95794495406821,0.6472214572614234,0.3878519796539016,0.02184159408851976,0.038182962315486256,0.0,3,-0.2225840033018972,-0.09792165475215153,0.12466234854974567,9.0,3.957027473069781,3.5079486506319317,0.043664670797010974,4.3101794124063595,0.09123882782289394,0.03231127414746826,0.011353396649542713,0.15231679228849693,-0.061077964465602985,2.4216189033596347,0.4333788353967618,0.39172492168753537,0.1485804249438545,0.8423282747315489,0.00571318903934426,real,0.0,-0.22258402132020338
P1080015,542,3,0.8065975940147976,0.6337249112840189,79,0.07509919806285552,0.7791441223363778,666.6795786037827,51.281145837074455,0.23774204797310006,0.21438785238771946,0.032634543758969944,0.027695811248179505,0.0,2,-0.22220952015821027,-0.07654064375601854,0.14566887640219173,9.0,4.179056270822979,4.179056270822979,0.1405432533398594,5.207844953869191,0.18050277954951888,0.06174800553337745,0.07879524780648195,0.08786106445024888,0.09264171509927,3.0302113522958662,4.246469945525727,0.22755101153254367,0.10213429841783807,0.4083721736589411,0.008659549571796075,real,0.062499999999999986,-0.3037441300285404
P1080018,583,3,0.8632357958627717,0.6836921025188614,134,0.16710128723890796,1.2906356157519279,674.0716684001563,50.7899060897949,0.596288436293662,0.48750515588450116,0.025085462069575865,0.022618296077954462,0.0,3,0.4662347838931531,0.11319205434014568,-0.3530427295530074,8.0,3.195321159318804,2.5414588695960103,0.17680701689913736,3.6136728288332236,0.15887734938889952,0.054924059433363315,0.12188295746577404,0.09567218800545474,0.06320516138344479,1.2444091724838495,1.6279090657783768,0.2735274994467995,0.16631408457478197,0.858779941902049,0.005699160872645297,real,0.018749999999999992,0.438424039213994
P1080020,628,3,0.860685083986206,0.6960177740548612,109,0.11445514782923451,1.0120640295676517,640.0035783138782,53.12984607744854,0.4033657217073596,0.2601067295964467,0.04002396736962427,0.05383047707751109,0.0,2,-0.05681372227922332,0.08709465205934874,0.14390837433857206,9.0,4.834916032472052,4.0195449243555235,0.1663181125125326,8.854747218865311,0.4536305159416041,0.051448611882206396,0.1148695006303262,0.14946715648084563,0.30416335946075845,2.87070963329655,4.653742729919332,0.2096563987897271,0.08593322965769064,0.5245514986748693,0.004652537445495459,real,0.07499999999999998,-0.00828991952030289
P1080021,345,3,0.7894132718381695,0.6206296904797232,74,0.12150226640555793,0.9716152695212149,669.8026632596242,51.07252483236665,0.5449065875024104,0.40868008628855595,0.043917418779379803,0.034811094411919916,0.0,3,0.31672793689066725,0.03543250873582626,-0.281295428154841,9.0,3.0672426023474566,3.6472330531707873,0.18995104621964698,4.328192169024383,0.31712837699199126,0.2480877249539306,-0.05813667873428363,0.32835186094332425,-0.011223483951332991,-3.1594672227691243,-2.8600661885378402,0.32716004242878166,0.22399144012685623,0.9606007604216138,0.00828932158171906,real,0.02499999999999999,0.31528489865937726
P1080023,814,3,0.8385967160559709,0.6458813811794127,132,0.10635006003980453,0.9116706631999902,711.3792395225557,48.43932662002106,0.5451906364720998,0.3927113826105473,0.03020396976477704,0.05069905955368474,0.0,3,0.2771986484805852,0.07058153617168694,-0.20661711230889823,5.0,6.08550173228305,5.411647925990611,0.22374098616729388,5.061856151652901,0.5429052971251638,0.05381717322520618,0.1699238129420877,0.06191088221902996,0.4809944149061338,5.445863039467209,4.246768971711695,0.41071321993726295,0.12704735819547539,0.7361240064296325,0.0087466959973611,real,0.04374999999999998,0.21928617340661005
P1080025,286,3,0.7429781299184928,0.5731797133474636,32,0.06868374928910329,0.7951972537999314,675.8079946112526,50.6757907748008,0.20849815245848902,0.14555282122037252,0.02578842624467386,0.05325857441153947,0.0,3,0.08291858476426361,0.013146754071589606,-0.06977183069267401,9.0,6.885473185277112,5.806641350265214,0.19640378562415606,7.957462571757863,0.2524026466042577,0.1266627254360162,0.06974106018813986,0.25305101823272613,-0.0006483716284684249,4.031462283024192,1.447010645059179,0.39901000943226467,0.15607369828095163,0.6073653220681066,0.007034820738006898,real,0.05624999999999998,-0.023869354994309866
P1080031,535,3,0.8033059606213938,0.6387282742988732,134,0.1515748917558742,1.359119762191603,653.8921071294625,52.15215972974154,0.34097184604588904,0.2267479881592017,0.022862348096695146,0.03794503755727396,0.0,3,0.13927364787608643,0.04419640735500374,-0.09507724052108268,9.0,8.1580098824158,3.5985116626996314,0.2619494804504172,11.83774373218836,0.48896152499878953,0.05756709465900611,0.2043823857914111,0.21393496573120396,0.27502655926758557,6.207132833214297,9.000474190353618,0.24288275614304183,0.1305547557025515,0.6223994845811005,0.004573190681460052,real,0.04374999999999998,0.12235957307350964
P1080032,275,3,0.814997038293143,0.6251496000419965,94,0.15487316523973219,1.139381760306,677.5907972233379,50.559118248096674,2.8261116017088455,2.0534399524395357,0.2823287644170097,0.12425028808095209,0.0,3,-0.07928083408566233,0.006283550455059905,0.08556438454072224,7.0,6.7470624958882395,4.1500603867215515,0.2542865554722047,4.909508642706407,0.31674485514269435,0.05414805355093355,0.20013850192127114,0.5727187979859387,-0.2559739428432444,4.930360051648641,-2.223476863630151,0.9355800071064359,0.5171737116291861,3.1700531105215495,0.011103701956258955,real,0.04374999999999998,-0.02166007375988155
P1080033,338,3,0.7239421641909859,0.5469757987977291,75,0.12873365934315267,1.075499110958016,605.6688741662017,55.69870508860994,0.33415370313274195,0.2008225331753716,0.010451299903085071,0.10867689325009403,1.0,2,0.1255240693022095,-0.035688708957349435,-0.16121277825955893,9.0,3.3655951312111707,3.3847613884501673,0.30196945663332064,5.07417160848176,0.5179386253908995,0.1392881172570748,0.16268133937624585,0.22330757867373485,0.29463104671716467,2.2522721760136144,3.8917359180057227,1.4178173479888374,0.4972167787436764,1.9345303131270764,0.08047481446166284,real,-0.01875000000000001,0.1356693951764385
P1080036,423,3,0.8367247808817535,0.6522143370308014,94,0.1371181756204222,1.2147778446008717,679.5091331569957,50.43413536888923,1.2930966000388935,0.782629599513829,0.07522376172424794,0.047918578346694565,0.0,3,0.1853521997909191,0.003537169626019576,-0.18181503016489953,9.0,3.031471827104249,2.979938255901636,0.07565832388734517,4.182861091467565,0.13122705037613258,0.07913272875600796,-0.003474404868662795,0.1287563495965922,0.002470700779540369,0.8481978336483111,1.4993738834118782,0.4309586610498829,0.38572737265988566,1.886188381007114,0.008859737551220633,real,0.062499999999999986,0.1245389600726241
P1080045,337,3,0.7105643300943695,0.5329374992423788,78,0.11419144674804223,1.035738029468492,686.7823679734847,49.96547484932143,0.7491701954288317,0.5396548608422305,0.02856558912262389,0.023672016105010848,0.0,3,0.5203962550482097,0.07806548537122038,-0.44233076967698937,5.0,15.913652363524033,16.04094554604132,0.15085793580200146,9.688167909625903,0.2953448461956807,0.05898880988990207,0.09186912591209939,0.11243030615073257,0.18291454004494812,13.474094663150591,3.899433007702334,0.4096556153171951,0.1648986650795027,1.105816303836272,0.0067089568306043755,real,0.06874999999999998,0.4518809011451703
P1080047,276,3,0.8426859286939931,0.6381986111887412,89,0.17004439073745195,1.3720795265283114,718.7053232862158,48.00156666339981,2.349977166204681,1.4440671089863142,0.23217535636122233,0.04863271785364522,0.0,2,-0.323243089184004,-0.1223360521764505,0.20090703700755352,7.0,10.555787431921532,7.196899257584626,0.27989469205804784,9.53291135885585,0.3476515423294271,0.137665081803366,0.14222961025468184,0.27875057414817306,0.06890096818125402,7.9242187309270165,3.891343182060351,1.0223280401751722,0.9684421383949368,3.868983128731158,0.009751572927355288,real,0.062499999999999986,-0.36894957728637434
P1080049,650,3,0.791389288816988,0.6139996490953556,135,0.15093607081298807,1.3675305052829194,707.7225591715015,48.660644959639484,1.5744686527522873,1.029832053658693,0.05332146351988409,0.10039705679455756,0.0,3,0.410569183541005,0.14123197150860523,-0.2693372120323998,9.0,6.471566259282769,5.102124133430129,0.1475066542865613,7.766876429652407,0.2079530923571915,0.0961988984364619,0.05130775585009939,0.15499549763205556,0.05295759472513595,3.6505305087095774,2.4312154445118814,0.41333995359071796,0.24783765242423844,1.8947728775044104,0.005635675210167361,real,0.08124999999999999,0.4832372082634958
P1080053,386,3,0.8196953149054874,0.6370377687959492,70,0.11642018474788252,1.0364921044094353,735.0700276876926,47.050132313351284,0.6182616489186756,0.3672797162730403,0.02423479834150857,0.04797278096508697,0.0,3,0.5072821835599692,0.057492119199588076,-0.44979006436038116,8.0,7.443280929705745,6.390334287258094,0.21690615632962817,10.11372977322773,0.3555460732008813,0.09452854449880155,0.12237761183082663,0.09905119382168381,0.25649487937919746,5.085159931398803,5.683072051609132,0.5575250260818948,0.22610797551392728,0.8139060822664738,0.01012385174949877,real,0.09374999999999997,0.09299422894393894
P1080055,407,3,0.8367421832716476,0.652196311503193,101,0.12732632271748046,1.008192940463559,673.7042151244577,50.81411750100998,1.2895107559914578,0.750483960400988,0.08203747649637211,0.17007792487936638,0.0,3,0.23676322083301693,0.06997570098690586,-0.16678751984611107,9.0,5.8637862320227425,5.469041618283729,0.15581371556454826,7.91060058355823,0.2193672757151095,0.02163773837979388,0.13417597718475438,0.053767060747840656,0.16560021496726884,4.37373260818242,6.142750166830535,0.46289145867373077,0.3457973461795106,1.9009130031086043,0.005958559519603947,real,0.07499999999999998,0.20864483815294654
P1080056,355,3,0.9481798561621082,0.7630600714243484,161,0.3428231432580673,2.811873426949268,2395.7398669848076,15.215980414292787,6.1352570353448215,4.015298060321335,0.44022898376242453,2.148253855921452,0.0,1,0.16966808671682176,0.0178955110832536,-0.15177257563356816,3.0,12.936167507329829,9.276146873432321,1.4900069799028417,9.15025839503013,0.8038584239220938,0.20821317682722462,1.281793803075617,0.10410658841361231,0.6997518355084815,10.458996083431062,7.911672683080723,1.752752788696758,1.294439401787196,8.611347439362994,0.030623839376806867,real,-0.175,0.6672324126481338
P1080057,421,3,0.7901992525005643,0.6264561529077649,115,0.23464407777609447,1.5771571593191345,693.8080765156682,49.52044346574121,0.577738877332493,0.37291540835709897,0.029471979215670945,0.039722126979740174,0.0,3,0.036567380252687354,0.0873008067576021,0.05073342650491475,6.0,3.616274937364389,3.616274937364389,0.1890265812085934,2.785621399900449,0.1385729172496335,0.03228731662639639,0.156739264582197,0.04999911111956745,0.08857380613006605,2.346406998005169,1.5252590038348575,0.6683731179201394,0.18032835935413988,0.7692716160874518,0.010301570412184694,real,0.16874999999999998,0.17107084088606683
P1080062,403,3,0.8432123465747643,0.6614955354007367,96,0.13552579191134384,1.005269187386671,625.8859538113578,54.15907295698489,0.08555344874791615,0.05174691108767846,0.11627391410604868,0.028216187728316355,0.0,3,0.4533564914299084,0.10946735503612937,-0.34388913639377905,7.0,3.219703782737581,2.5740459218283083,0.20556160288619818,3.78826084966252,1.0330932371070967,1.5014983182047446,-1.2959367153185464,1.8317119583526646,-0.798618721245568,-1.2181266016657575,-4.257695108819264,0.4725772803973434,0.1503427377750994,0.5602950083074517,0.034701965778295374,real,0.0,0.453356497820248
P1080063,507,3,0.8467930338951988,0.675953134594425,170,0.25987512907478644,2.0378447172905947,614.8097527624856,54.99271151268772,0.6983451072565572,0.4642085808624853,0.20528530849215212,0.15509271650629203,0.0,3,0.5454761766927225,0.23918811545449414,-0.3062880612382284,6.0,5.698502023894072,5.698502023894072,0.1970474134683231,7.709094081043458,0.4624739975016081,0.04521857328446677,0.15182884018385634,0.2086487706705551,0.253825226831053,3.5017641975611107,2.429226180192482,0.6058748639531278,0.17405863786463732,0.923242104461337,0.013954543229237296,real,0.04374999999999998,0.43522381269241706
P1080074,387,3,0.8696608286583094,0.6939242882707727,92,0.17741368674926491,1.41618699820495,667.0500132688705,51.25631789852612,1.6304101704706682,1.0103524326401565,0.053307621371462874,0.07010977049964837,0.0,3,-0.03657738644121378,0.11422391119934683,0.1508012976405606,6.0,7.553495875702029,7.114470201131635,0.3340514546973248,11.781046923874502,0.5744581577714385,0.05636335952862126,0.2776880951687035,0.07609951186129527,0.4983586459101432,6.065937325458093,10.043411562885005,0.6828396927305423,0.5370070441688841,2.7058078296864974,0.012204674613533088,real,0.012499999999999994,-0.052392931207856264
P1080077,351,3,0.8468892953481568,0.674398332017129,137,0.31972056383711867,2.4526026614530414,692.7055819885197,49.58978715113836,0.571254916437212,0.4072878497742992,0.0313636768531694,0.01164875013338219,0.0,3,1.195253850368565,0.21851028372504655,-0.9767435666435185,5.0,9.931778751639921,9.7723120213798,0.2081296727744144,8.43507100684286,0.15564165085875414,0.02369427573349059,0.18443539704092382,0.06094449570293925,0.0946971551558149,8.567408093909304,6.926638327827517,0.6592936857920882,0.3074207017621375,1.224474905883104,0.015832474522800562,real,0.08124999999999999,1.1148393832645174
P1080078,570,3,0.7681402637939065,0.6091160437923137,194,0.27726233768641584,2.503121135452424,772.8078005721317,44.986397180711435,0.36015166799334963,0.22608314933921417,0.17882221108130475,0.11849458781138048,0.0,3,0.19473527388736556,0.12169906601158642,-0.07303620787577914,8.0,3.5374788841875695,3.832276136319277,0.49396034625691465,4.452617073716734,0.7619274599843942,0.11171644625742205,0.3822438999994926,0.1210375966349595,0.6408898633494347,1.85648758524694,1.8031728986706272,0.5512955665519517,0.18332314936373334,0.7006654946286055,0.027852351046593938,real,0.07499999999999998,0.3926445172358257
P1080079,659,3,0.8512126246977029,0.6730597396035408,138,0.1631296933042954,1.2687335417350813,702.7292870777169,48.965944183831226,0.379111296234214,0.25227516302432595,0.12222790524334397,0.23076535541011287,0.0,3,0.3484975662912573,0.10672004774085919,-0.24177751855039809,9.0,2.0060676704366047,2.072877179522144,0.07182778166306969,3.500578521234002,0.2435446733054989,0.020213970160072314,0.051613811502997375,0.023156272629420993,0.2203884006760779,1.2626659918013008,2.6720212054249095,0.38779271063158843,0.09376921047251727,0.5511486952667268,0.007251883312030748,real,0.13124999999999998,0.26202613314087575
P1080084,414,3,0.8635463664559907,0.6902287616188194,81,0.13814758624724754,1.2617711158474423,950.3978610246305,37.21687132741039,86.45948434251623,49.93654371555884,0.39098756888985114,18.30243482131702,1.0,2,-0.1060337505911444,-0.02824787443457244,0.07778587615657195,8.0,10.387228839059546,10.758654169467578,0.480247437636955,10.537220906499934,0.45501577734495546,0.4240961170075157,0.05615132062943928,0.5050202737642104,-0.05000449641925497,3.0176960976029434,0.4574418891688534,2.079895697715085,1.5396139151653139,86.66583766322191,0.059647470065421676,real,0.12499999999999997,-0.1506968577102472
P1080091,541,3,0.787661253319737,0.597424911691488,132,0.18157385823155842,1.430340693087616,678.1843336544844,50.52038654256445,0.845541597828543,0.5014193439513617,0.14297290148561564,0.19544256911290328,0.0,3,0.8221414843811135,0.2804935747170372,-0.5416479096640763,6.0,6.739049895746996,6.201139186989676,0.20787233990528442,8.29157281406218,0.2547597531306165,0.024697092295949297,0.18317524760933512,0.0402919242696953,0.2144678288609212,5.766621941757502,6.907326721211888,0.5407705635304294,0.21163129581672996,1.1461652137572016,0.009746639872792125,real,0.11249999999999998,0.7336254077558858
P1080092,498,3,0.8014620445755882,0.6273864399822248,154,0.20777288363505797,1.5994436720121241,709.6606343954109,48.54310807671922,0.5217059187077666,0.30969962658844497,0.019015495439175488,0.24541857825979652,1.0,3,0.16652751127721688,0.10429471623156839,-0.06223279504564849,9.0,4.751147106244213,6.990934170615845,0.3190497187258896,6.629356161550973,0.6442193671814462,0.10593546324174152,0.21311425548414809,0.12352814216164276,0.5206912250198035,2.896684024753667,4.390692153223389,0.33256642219384214,0.1170701876569411,0.6830719712611518,0.010854332020700207,real,0.08124999999999999,0.14425416924590606
P1080093,529,3,0.7751539314176322,0.612234061148243,176,0.26936342154465215,1.8109060901296736,664.6887254157575,51.41496536796723,1.0207894397166228,0.622131086482348,0.046823009560048444,0.04957329894881252,0.0,3,0.785830075459551,0.1819863353035388,-0.6038437401560122,9.0,7.18980749346985,5.6525220094935325,0.266114400206114,8.904382926319714,0.4697459537525597,0.029408368171523147,0.23670603203459084,0.036992431637561385,0.4327535221149983,6.308578239559598,7.8630763007902615,0.37305953252173485,0.1777243585146729,1.2342807555125614,0.005644872826543169,real,0.06874999999999998,0.7788055834668701
P1080096,365,3,0.891032865166485,0.7090655542639488,130,0.28933534731982324,2.067718134873226,696.7516740374239,49.3361871248181,0.6161662797236147,0.417240862750612,0.04896099990106779,0.01708445966312307,0.0,3,0.11006108656909541,0.09375325909271703,-0.016307827476378378,9.0,4.687455978178018,4.318306809617721,0.32338382921667375,6.138780786490205,0.44257201862980544,0.04523999943067114,0.2781438297860026,0.1763541820477572,0.26621783658204823,2.999833258027863,2.33469253468165,0.521119856286348,0.24181730013067318,0.9812060737044191,0.008160267626039717,real,0.15,0.07527007543316055
P1080100,354,3,0.8402926991287991,0.6615625384881251,93,0.19882046591281338,1.5110030300325388,667.145716992505,51.249907114726135,0.6124552615545866,0.36438362709964534,0.0226581730652557,0.037828042294144625,0.0,3,0.36409334537217575,0.024598893930652288,-0.33949445144152346,8.0,5.168535420085864,4.317144416521503,0.18095369231758252,7.280752685467668,0.2929001052781497,0.07704435047633984,0.10390934184124268,0.31611051410943825,-0.023210408831288554,2.644981129675133,-0.3613160048831139,0.3895188845444027,0.23292442264738705,1.04584394676148,0.0064700317742005554,real,0.018749999999999992,0.4123634225783699
P1080104,506,3,0.8868301978867742,0.7219699763424842,224,0.36872872609389995,2.725008510825422,679.3453560598479,50.444783176908274,0.3946001935120904,0.31914511963549935,0.015191969585667948,0.00966592868082324,0.0,3,0.3450607467593091,0.14876561765328733,-0.19629512910602176,7.0,2.811604802116925,3.024147920903786,0.20473932835832542,3.3904122991919325,0.24718990588504752,0.017379616865443648,0.18735971149288178,0.02808967279072272,0.2191002330943248,1.7415929631542388,2.0862968322830526,0.35256570487824396,0.1787542408318449,0.7839984235461506,0.00672719063067091,real,0.018749999999999992,0.3491894906331392
P1080106,248,3,0.8581263057249904,0.6901849911791833,67,0.2035432867494767,1.4402818935781723,673.6531404874295,50.81748450295699,0.26043938467164196,0.17783198365600084,0.012177395171972562,0.015680078020544237,0.0,3,0.003108211431985808,-0.059430284477866246,-0.06253849590985205,5.0,7.991784302102888,7.991784302102888,0.7662811898324859,7.898299239747001,0.8700100011375622,0.08170713462440204,0.6845740552080839,0.06074767574934725,0.809262325388215,6.260933570610793,6.236218719341212,0.6551090326854823,0.2661263950449194,0.8859772343774438,0.013441204495782975,real,0.02499999999999999,0.020290134112180613
P1080111,518,3,0.9115758567537513,0.7397511358283645,155,0.24826001780557405,1.7194574464181345,725.5927422383004,47.596756777614836,2.8527948126075273,1.710571638660547,0.11948787682797288,0.2843075670226623,0.0,3,0.2519872284284682,0.04584095772689312,-0.2061462707015751,6.0,5.453739144684418,5.453739144684418,0.18085217585656466,5.104922432467912,0.20651351803505946,0.05824992682904906,0.1226022490275156,0.06785520595454075,0.1386583120805187,4.007978787282547,3.1525595475816415,0.40738456177979593,0.2571797299965471,3.1897486216343043,0.004400055398825831,real,0.09999999999999998,0.12864751169631683
P1080113,662,3,0.8848752764608578,0.7036449907780691,185,0.23274166112902295,1.6054489512454162,677.1061261676141,50.59078702836952,0.6726155369377551,0.501041082183711,0.024679219135061856,0.01818799093934854,0.0,3,0.6713277192559547,0.1433694568814493,-0.5279582623745054,7.0,3.5086287303182737,3.2538000572012455,0.15926329447585896,7.368392486491744,0.27503485790768556,0.02834842228681156,0.1309148721890474,0.02954144071562448,0.24549341719206108,2.527392163179754,6.539135133403701,0.2682019714743187,0.18372893216289063,0.9512372664614801,0.002705961708713724,real,0.175,0.43882419395817374
P1080116,346,3,0.8508460338988457,0.6874199860448853,95,0.2106623021914646,1.3565286862356756,682.6321178632611,50.23189858594335,1.6012544563155586,0.9710237726292799,0.12132981220168162,0.19578936825893717,0.0,3,-0.022545071904130465,-0.03939780540532478,-0.016852733501194317,8.0,7.932448992581627,10.111818748363655,0.4630703727773908,11.294522720863036,0.6357169626828356,0.33933319619701674,0.12373717658037409,0.43995388575530203,0.19576307692753359,4.653050298791022,0.5652794594383597,0.6405685737677523,0.25062122229558265,1.9853176536477157,0.010900835350509017,real,0.07499999999999998,0.025273446315453363
P1080119,541,3,0.871235613648681,0.7116516744915989,177,0.2793532170728237,1.8394557047564317,694.8387655925495,49.45578028680489,0.5466687775925436,0.40187476755163565,0.030576304101182443,0.062202395423033116,0.0,3,0.4738609750465995,0.18445809867511864,-0.2894028763714809,8.0,7.528717248340055,7.85978069648951,0.3451564929431594,7.272657755644908,1.1380872735059286,0.016001784025228893,0.3291547089179305,0.08018138376138628,1.0579058897445424,6.302226346016359,5.105352453170983,0.30384961544860856,0.13640033207034166,0.8472067036685863,0.006343399379202498,real,0.10624999999999998,0.5965445108021352
100038573.jpg,724,3,0.8519140064281996,0.7089192061922706,153,0.15091763585014067,1.6997091391312225,722.6738731860152,47.767526484009025,87.60370773851301,50.587462748958615,0.07362823876059565,51.96495430302075,1.0,3,0.07224988464153104,0.15679993201549347,0.08455004737396243,7.0,7.10908604006331,6.423446119624088,0.2684917747379698,10.270685256397327,0.4886346919818072,0.11122919803254527,0.15726257670542454,0.0991725850292915,0.3894621069525157,4.927011252254678,8.289511860140667,0.7317049044883327,0.1693822916526161,87.98644544520855,0.010359483805795038,real-commons,0.1375,0.10016298825557746
101102990.jpg,494,3,0.7318123240034318,0.5673577177216927,73,0.0899682071451357,0.9508977091322648,1433.0082936834926,25.175985193637363,69.795579049086,41.13080445788828,0.4847585653808976,96.56233596506621,1.0,3,0.33303201975977725,0.10819589420335085,-0.2248361255564264,1.0,,,,,,0.1821050031217526,,0.14931172964619766,,,,0.9778638358238976,1.912580341042516,73.7715000815274,0.06706412034305205,real-commons,0.03749999999999999,0.30329097416002715
101287934.jpg,311,3,0.926463557638976,0.7556473981403139,156,0.48135891143091014,3.677724339971931,411.60764795907954,75.72580288756984,16.21299845709825,9.44945547890738,0.22702043705152547,0.3893960502034943,1.0,2,0.187137626386492,0.03872288861029227,-0.14841473777619973,3.0,2.4743055008637875,2.4743055008637875,0.24683592205240945,1.7082913101019515,0.14358782096043,0.0857289465958555,0.16110697545655395,0.3298669628397515,-0.18627914187932149,-1.6740029846596758,-3.2048176557212287,1.4266944995929207,0.28737283911580175,16.671696979356966,0.03646525534503055,real-commons,0.006249999999999999,0.1133523684647888
103025077.jpg,837,3,0.6270006872448198,0.41035244511138197,127,0.05198637382490532,0.5413644730118374,9740.431301562616,3.7632948537923894,73.31675882659498,43.00567234418555,0.5760409468780173,21959.238155386647,1.0,1,-0.034782092423024547,0.009407324331451639,0.044189416754476185,0.0,,,,,,0.6532270667871014,,0.3266135333935507,,,,6.65367461211675,4.843496853168342,85.39183375573464,0.15826996173053404,real-commons,-0.175,-0.03686922907099377
10402374.jpg,291,3,0.9839539517505838,0.8225450117061515,123,0.32583055080119505,2.145546206824688,669.2455874940334,51.10962119882714,2.328230689108807,1.6742182038468194,0.8557243304529859,0.048920555010461414,0.0,3,-0.012978386317129331,-0.014158911818424214,-0.0011805255012948823,7.0,5.832155245861945,6.393864478710476,0.3294033730676853,7.150108022208865,0.4021805242124339,0.07032842007192786,0.25907495299575745,0.23533174707787596,0.16684877713455792,3.068128106752413,4.5638234922867635,0.9665859462392113,0.28526818105828494,2.7892363903132247,0.013258501288123132,real-commons,0.16249999999999998,-0.035822725779136366
105241817.jpg,269,3,0.9698134754306686,0.8140469525509695,114,0.35098218998056296,2.954185472762309,439.4404296302567,72.12412559607723,2.157570419443772,1.3258139155289836,0.07447322047436604,0.06806635139578515,0.0,3,0.37460357560319457,0.0046939281162402535,-0.3699096474869543,8.0,1.8765487515767667,1.4485419331006508,0.1351388745052735,3.4321857436796903,0.21624540162898587,0.0341393504323535,0.10099952407292001,0.08465170506164732,0.13159369656733855,0.7773952967335542,1.9724147822021487,0.5328995717807022,0.26276708436314217,2.5194243584670417,0.008783494613912826,real-commons,0.006249999999999999,0.2477190862953601
105241819.jpg,350,3,0.9160095502343332,0.7482358167760436,114,0.22425691079711965,1.9489099590194308,389.04458366279573,78.87649617156309,0.23515074679623638,0.15167139839688779,0.005631766448575857,0.0042845350654649875,0.0,2,0.5678607233624479,0.022019200574445397,-0.5458415227880025,8.0,2.453360349025722,1.7730225749150805,0.03137713566122935,8.089393019489702,0.3074141356101463,0.08449049547770082,-0.05311335981647147,0.2091443690581518,0.09826976655199449,-0.9315775209760639,2.849973083485403,0.33779788239203584,0.229329754968201,0.7407604326182912,0.004268094107448048,real-commons,0.02499999999999999,0.5361299605381045
105241820.jpg,303,3,0.9076939548903248,0.7234176605200251,139,0.400486578227193,3.1130815795710998,443.38361217840105,71.63767512630228,1.72721629835641,1.0214451055602918,0.08811826230368942,0.09031834305907545,0.0,2,0.4634789326026628,0.07511577403582248,-0.38836315856684034,8.0,4.907898364600548,4.696876000252496,0.23749574932030537,5.361686605939692,0.4024830887141686,0.08403142216387183,0.15346432715643354,0.2699499529672069,0.13253313574696168,3.228714879372236,-2.3135626658547883,1.156529214629223,0.2663584550833847,1.8980559792262566,0.006670646642075672,real-commons,0.07499999999999998,0.5850816231997898
105291070.jpg,932,3,0.3580515114821661,0.21002101602068912,23,0.010835427626593138,0.1802331046978749,15126.195124362268,2.423863345660695,85.38903364900003,49.325627631750685,,1514.345853282666,2.0,1,-0.07956831303430156,-0.055850974909672946,0.023717338124628617,6.0,6.932465427562063,7.132749912324805,3.3541661794327746,5.491378934228814,2.6097407692192958,4.459992669806732,-1.105826490373957,2.649154662395836,-0.03941389317654043,3.5663561592140804,-0.8609046514131427,12.946558106957808,7.322174113737363,87.64989463079472,0.22898815386392435,real-commons,-0.175,-0.08053064484444783
105380830.jpg,475,3,0.9869406471136676,0.8199937324607611,261,0.4620069085652353,3.672948184919745,4394.268800676121,8.330096805603594,50.0126840337624,33.78106097032029,0.92391706389936,266.28875643066107,1.0,1,0.16878143986999272,0.13335556465517007,-0.035425875214822655,6.0,11.563287180928112,9.370267053915319,0.9593474036940508,7.8769728160917145,0.9422314574325692,0.5921822711298832,0.3671651325641676,1.027847312123804,-0.0856158546912349,3.913000933093678,-0.4166764285156068,5.012673734172611,5.671118667066762,57.62791233398757,0.21548799088211182,real-commons,0.175,0.1336797562655414
106558465.jpg,498,3,0.8086020190127825,0.614961144500137,118,0.1386391527319583,1.3984627382490182,14785.068819702732,2.479770311852631,80.41705356970512,46.455681044059126,,61.065646184626495,2.0,0,-0.06327825323658687,0.014491805903532162,0.07777005914011903,6.0,8.930419554074657,3.516818921875828,3.4803467356256306,9.147886042164929,2.2496923595319465,1.5603504517415363,1.9199962838840943,2.6491546346357557,-0.3994622751038093,-0.6637072329357121,-0.0402200752511952,16.129992116393748,11.651655347098767,86.47522345742111,0.11556609826286146,real-commons,-0.175,-0.06363747043142098
10660689.jpg,358,3,0.822491422661965,0.6662079310438924,107,0.18628258201906056,1.697751778380897,3493.0813070364607,10.468474347231826,28.300361517664612,16.36532076704218,1.242606028495271,675.6551561831747,0.0,1,1.260692273978865,0.22845575815895725,-1.0322365158199078,1.0,,,,,,1.3782267935047794,,0.956062389308165,,,,3.7881354495492436,0.5138748582632957,29.12003948352247,0.19797000770801382,real-commons,0.175,1.2506778520807424
10686514.jpg,561,3,0.8438243719748121,0.677695508566688,326,0.4876498956299978,4.495933176729197,146.5180054260405,130.79687182948354,83.93388269733417,48.46950882096775,0.5065444081275364,12.16235307137906,1.0,3,-0.013715611012449336,0.09848912435858959,0.11220473537103892,5.0,10.246096135991875,7.626696838188043,0.2723521043177519,7.362764088176571,0.30062784568488343,0.30528129295046913,-0.03292918863271721,0.4261198313230623,-0.12549198563817887,2.0969940944226018,-2.4650237126998844,0.2458383163432979,0.14857986271683438,84.04639333906225,0.009754617811562408,real-commons,0.0,-0.013715637546939385
107067853.jpg,239,3,0.8942610654334275,0.7439115554471303,105,0.3996368061502339,3.5576739316295356,517.970596079775,63.41518687901672,59.71133119600532,34.56423832982139,0.33646238995899047,1.4291677967831042,1.0,2,1.3341988035869123,0.36937291981176024,-0.9648258837751522,6.0,8.860900406515787,6.79582510042777,0.28435845074418964,11.755806693207479,0.3660028278399885,0.2255277267605571,0.05883072398363254,0.45837371344684685,-0.09237088560685836,4.016688740158016,2.1821259488530025,1.5358389714805338,1.3960643508269723,61.271295583727635,0.024948773531939986,real-commons,0.062499999999999986,1.4565873990058908
107361509.jpg,311,3,0.5167865911285808,0.308673831491134,35,0.04836283725508398,0.46863302936111084,15376.232254787656,2.3844597094066136,27.86426937885024,21.74353193847704,0.577761792954277,20.560701287668405,1.0,0,-0.07416485132022044,-0.10897927809863117,-0.034814426778410734,9.0,5.407330214076781,7.686479386108964,2.6491546526836536,6.891394255999294,2.6491546591805997,2.8610286873478126,-0.211874034664159,2.4093341089127347,0.23982055026786497,1.0392046064211717,2.2994635415230436,32.531648058488145,10.626363516084062,42.73450129032472,2.3659754527699503e-16,real-commons,0.175,-0.07359843969755109
107361510.jpg,456,3,0.5777647785639787,0.40114344302598326,48,0.07427472292349727,0.7182281856590348,1715.905843861984,21.127529775744225,10.373879632991972,7.342836270833028,,0.5284744942442643,2.0,2,-0.09865578418482668,0.13629044696813475,0.23494623115296143,8.0,5.136010742153108,3.666895387749803,0.16908310034323737,8.549219542906458,0.7072632018313523,0.12562199484713243,0.043461105496104935,0.7764916404806672,-0.06922843864931494,0.7367372858971892,-1.640847852334545,1.1559779619971897,0.3205836082772667,10.8074086530803,0.02357595275313093,real-commons,-0.0875,-0.09010850515132018
107528007.jpg,345,3,0.9266456532255327,0.7678620999301827,169,0.36651512441327105,2.956940993438874,1214.0342448572292,29.53278629742743,47.363781773481996,27.490268749327786,,2.3037164809890545,3.0,2,1.2173955462891128,0.3277090693951191,-0.8896864768939938,8.0,11.841439601170766,10.251612091547406,0.6675099449779092,12.918884780135004,0.8088224728319644,0.20002524433369873,0.46748470064421044,0.8919853684370049,-0.08316289560504053,8.408951250431295,9.779998726524427,1.250931601091667,1.3560837605379512,49.33072457326418,0.03534587010674931,real-commons,-0.175,1.218139887865748
108115953.jpg,290,2,0.64650185521616,0.4487391245803129,13,0.022399315562046756,0.4282923883026526,2019.045251940865,18.011884083601956,1.2803170079678239e-08,1.2803170079678239e-08,,,0.0,2,-0.4715632542112921,-0.24533778974032172,0.22622546447097036,9.0,5.831456611400461,4.870000908741399,2.5579446145619915,7.2017612379349325,2.6491546482005313,7.46654541750047e-07,2.5579438679074498,1.6789476433004804,0.9702070049000509,5.381835390682117,2.591556432534966,0.6468603717295003,0.025423445624951614,0.0647343147348316,1.1639784927481884,real-commons,-0.10625000000000001,-0.47976369972892274
111599140.jpg,255,3,0.8119038720577918,0.6619372728965404,62,0.13598110794382803,1.267548714394291,1271.1966775677447,28.259133625925926,80.59668134785326,46.71286097522199,,4.561666580569705,2.0,1,0.49028424857971586,0.09311360040261407,-0.3971706481771018,5.0,13.465946179114724,12.753274135782114,1.179231558525804,14.225981705060141,1.6630237856076313,0.7591150715835968,0.42011648694220716,0.7326394116416841,0.9303843739659472,5.194104896445163,6.705561551366013,5.35287220766708,3.682841611860006,87.79035866514806,0.6948698020734184,real-commons,0.175,0.6683789247466199
112636258.jpg,637,3,0.7456251477809763,0.5567753414258323,126,0.1394034764907405,1.1484493961431868,4884.112845221186,7.497157603586883,3.0671212883960663,2.069361083011647,0.20353903314173297,0.6394078765451233,1.0,0,0.10227403953892744,-0.036753808820501055,-0.1390278483594285,7.0,12.441997766578135,12.205106701336394,1.6484300712002566,9.78098195248836,1.4101271603681358,0.9242687640870306,0.724161307113226,2.1815184900483593,-0.7713913296802235,6.882539454122448,4.190078253244833,1.8631216768731549,0.9247152962071827,4.333272842134047,0.26456582166623516,real-commons,-0.175,0.0836669773343619
113368842.jpg,377,3,0.7763010955267458,0.6011917082479753,72,0.1050050912212428,0.9188969284766004,6728.82246126626,5.445483575454332,29.318726380245792,18.760558063245888,,5.630725176960509,2.0,1,0.11697645516926924,0.010155643405137638,-0.1068208117641316,8.0,6.191138833498659,6.280922859779747,0.3662825930091911,8.611434314726534,0.46604411708359184,0.2747521943742619,0.09153039863492918,0.34335580068342786,0.12268831640016398,-3.0432764426887733,-1.073624814372856,4.203718087862,2.7196338662074604,34.17793236337791,0.09757769254305892,real-commons,-0.175,0.11234004840276346
114063282.jpg,576,3,0.7715572150574715,0.6086459999799351,88,0.09462655110538001,1.1261865891452916,542.1314781327231,61.10353878982574,87.44886000800747,50.4955375912234,0.06213003868168338,2.295423233204401,1.0,3,-0.01263205547649704,0.04547501556009803,0.05810707103659507,8.0,4.143741799049305,2.0236625255546614,0.1434454827606353,8.936941425136935,0.32968842739122683,0.055950305490969576,0.08749517726966571,0.10916417402998091,0.22052425336124593,2.550079839894685,6.762219950666084,0.45634118753934144,0.24666685521500706,87.78713243437616,0.007226732227629704,real-commons,-0.01875000000000001,-0.022780404873312343
114951785.jpg,280,3,0.8710355820638693,0.7071058660216044,88,0.2665318013832545,2.154071994600467,374.906455134802,80.96457979050953,0.5451991271607994,0.4386078732403283,0.22746974941911713,0.06638641022909683,0.0,3,0.5371160717559289,0.17876152787086785,-0.35835454388506105,8.0,7.259314273103065,8.569034424983364,0.3354070049020845,6.236478146256732,0.30805343555047093,0.15320355255964113,0.1822034523424434,0.18938366556436703,0.1186697699861039,3.4336177632359925,2.0693473367951043,0.7504757375298653,0.2136874524389388,0.9447454999799225,0.019116202183105464,real-commons,0.018749999999999992,0.7696818339323576
115919549.jpg,458,3,0.8696536202188736,0.696133956451594,175,0.3237617948092578,2.89132517778208,798.8055201771558,43.66189384440833,32.06437869526301,30.046531311783422,0.9503913845037796,4226129.608548831,1.0,3,0.04694475498870121,0.017879480097555245,-0.029065274891145965,5.0,4.202529876059422,4.044634377049906,0.19142750166286948,4.4459655268180045,0.22079241672702654,0.06293041811773081,0.12849708354513867,0.06293041811773081,0.15786199860929573,2.7924228903606543,3.057053061144007,0.5822816759600499,0.6033560771703286,32.77589075810978,0.011327409264936859,real-commons,0.03124999999999999,0.04796243203478667
115919554.jpg,123,3,0.9576464474657529,0.761989340484076,48,0.3422959526302145,2.5363185242358046,76.88188554072835,152.98080897164766,46.19990090155668,36.49965650883252,,73.37762711822,2.0,3,-0.06434441924019452,-0.16279858204918107,-0.09845416280898656,0.0,,,,,,,,,,,,0.25660676361832313,0.33528454863725565,46.58279298305121,0.2041096538629894,real-commons,0.0,-0.06434444934345218
115919559.jpg,372,3,0.9120833909160094,0.7416707535935366,139,0.31531497222611715,2.8188483204700097,885.054308062378,39.7559002046787,23.472324077655557,18.772815859075063,0.6160256108251753,2.2133901834207506,0.0,2,0.16540704089814395,0.072966356994978,-0.09244068390316595,9.0,4.440742930776453,4.202598521867585,0.08871431320771483,5.029344137405929,0.10254573532370204,0.06169459659769361,0.027019716610021227,0.14715093928011092,-0.04460520395640888,0.613517455257762,-0.1249266750297151,1.033984596372317,0.3544333085622413,24.339307155378975,0.013005286098327486,real-commons,0.10624999999999998,0.21942267831449547
117403767.jpg,282,3,0.8430191984121818,0.6673100151502908,82,0.2092808500931036,1.9115779207249437,877.4211229250064,40.07434600960967,86.73702581070768,50.09305765200581,0.5079350688453553,13.480090155879745,1.0,2,0.5645806645958663,0.017734244659407872,-0.5468464199364584,5.0,7.639789301187393,7.6510282114127355,0.6461932337016041,7.609189457237848,0.7565686414871209,0.6077666272415856,0.0384266064600185,0.6935048360168588,0.06306380547026214,-0.5470753043655447,0.02211145646699819,2.151842842298304,1.3029418479143526,87.0942467998365,0.1739145036891651,real-commons,-0.06875,0.5443688164701334
119858370.jpg,309,3,0.8488901851101696,0.6875999962199162,148,0.3678961384585718,2.9846629535644693,1325.855914299999,27.138076767831304,50.42233886749504,29.73648569045349,,0.5929560879732881,2.0,2,0.0690182455867222,0.043306660424856536,-0.02571158516186567,5.0,17.858110517488814,14.722151993114545,0.8884129162048349,13.229070710601018,0.9052906180233085,0.4368653771152493,0.45154753908958556,0.7084348047798827,0.19685581324342571,11.546114534680413,3.4060210217611537,1.2973176429334896,1.4628441323367856,52.670349312790435,0.030104235408050607,real-commons,-0.175,-0.005001452455527189
121501894.jpg,372,3,0.9228188880601295,0.7254292690730927,122,0.2626272164857262,1.986792961424265,518.1654604585601,63.39591598742458,3.260293216058841,2.657502736055511,0.09564638179660259,0.0578215623472144,0.0,3,0.5249338494850108,0.16285396032346322,-0.36207988916154754,8.0,10.217834490339339,10.479782615690686,0.2732808943322165,10.582717557139825,0.3864158346536617,0.04125581020045255,0.23202508413176393,0.05154650327359178,0.3348693313800699,8.959074382517612,9.001087016296124,0.3989989744644321,0.26505439629379907,3.618829860515379,0.004878534387999596,real-commons,-0.006249999999999999,0.5519354375814585
121685664.jpg,445,3,0.8506061085458376,0.696102937285627,114,0.17240489478595858,1.4145533596834354,646.7824251105509,52.648433402335215,6.257965125586452,4.005811347644987,0.4412736802466893,0.4796109100345337,0.0,2,0.011469843330937035,-0.041456895357119716,-0.05292673868805675,7.0,7.24721645872042,6.565310741277148,0.9620112984565825,8.939610893692166,0.9780421764515115,0.0401340860212529,0.9218772124353296,0.0401340860212529,0.9379080904302586,6.162022385179199,7.970477537814464,1.3742081049475223,0.31470514886135115,6.875328078264197,0.030604123546548827,real-commons,0.07499999999999998,0.04705061381657183
122233284.jpg,165,3,0.7326942862091145,0.5623384515581735,28,0.0829706454912195,0.8100762623564212,445.1073423459741,71.42680870678926,0.279899930073654,0.18118092634503472,0.19769374713975113,0.586253425430239,1.0,3,-0.4894631248786263,-0.0996221077374253,0.389841017141201,6.0,2.234946940662026,2.234946940662026,0.36154740422062304,4.416439964008219,0.42278464611683786,0.16373732507938055,0.1978100791412425,0.9074906396129911,-0.4847059934961533,0.882780473935189,-1.7225765455202833,0.41942922422216156,0.11002250265116094,0.43920646774868854,0.06120313424712991,real-commons,-0.05625,-0.5243045345396143
122915193.jpg,483,3,0.8093324806081277,0.6573954082823432,89,0.1280850995292181,1.3310299663858207,703.3706658111603,48.92652784609277,86.13886585517763,49.74573309354773,0.06565995803199615,3.844073896063335,1.0,3,0.20609674960296287,-0.016254427826238427,-0.2223511774292013,9.0,5.281123116253159,3.0816682822695345,0.17928191803019145,5.973209898927862,0.21179785223121517,0.19267822566852555,-0.013396307638334104,0.2050995541753382,0.006698298055876961,1.0539878831280394,0.9692272092731562,0.35175442126532686,0.32220432891863154,86.4148628474744,0.012064102789447848,real-commons,-0.006249999999999999,0.36863110442915237
124585902.jpg,375,3,0.8130132982495342,0.6411320630932359,105,0.24005896287091397,2.211571820173018,694.6645071424522,49.46670176257326,69.50591768061308,40.334468721797805,0.11703307502693339,0.6974542838567218,1.0,3,0.9187355611720744,0.06250890627229855,-0.8562266548997759,9.0,7.665436984001669,7.473819270309097,0.37126008904664287,7.870203076272487,0.6024179616712271,0.29220430449006907,0.0790557845565738,0.4085177668693536,0.19390019480187348,2.2231918689528936,-2.9187036069872114,0.557988704863143,0.6123485563249945,70.12736803324786,0.015326545601920483,real-commons,-0.06875,0.7973559239688293
126185163.jpg,374,3,0.7653456286751277,0.6112563407284164,99,0.19707262401751274,1.6661999011828779,680.2797339191833,50.3840918499181,86.95725896201604,50.21669537915094,0.08593769144267228,6.469554288089023,1.0,3,0.5344724675091186,0.20559206887223636,-0.32888039863688223,7.0,9.806357060752342,11.947676939890773,0.3780939403748462,10.352972681274887,0.4026716339640313,0.051110287625473205,0.326983652749373,0.07437238476307995,0.3282992492009513,7.588979190889433,7.778346379949111,0.8148845745418886,0.16931267239695896,87.45699750291432,0.012430424298871433,real-commons,-0.03125000000000001,0.5361683582747045
126237511.jpg,268,3,0.7807187096829744,0.5850934732346781,25,0.04190550691081103,0.6506891188772831,7478.4453631203805,4.900342482454084,51.099035643310955,30.90324831175353,,9.501847262671022,2.0,0,-0.18799333223848014,-0.12307058133093496,0.06492275090754518,0.0,,,,,,0.43382922756231057,,0.2778784108897425,,,,4.333122987623133,3.711813957592952,55.73257918108215,0.07514623466554542,real-commons,0.175,-0.19002469736022498
126352218.jpg,309,3,0.7460790153655891,0.5943268365122326,63,0.12004159824038006,1.2719043556048273,531.8455543830181,62.06883063274338,86.56685389750226,49.99352663079891,0.10461467723319577,3.9958026110597293,1.0,2,-0.18181342391513744,-0.10518519712231411,0.07662822679282333,9.0,1.6390267158330953,1.3485662787428105,0.08381474747006523,5.016418950426438,0.2102075299999977,0.11318778291740061,-0.029373035447335383,0.15736255806624255,0.05284497193375515,-1.5952497093907327,1.0307588045086566,1.702249978167011,0.26405015079357463,87.0492626256828,0.011707724869671586,real-commons,-0.006249999999999999,-0.1875013559189398
126424394.jpg,200,3,0.9357214280002388,0.7633454939648491,77,0.3269279275846613,3.0338558550581833,409.3461542112789,76.03193153951574,86.75111228581247,50.1048646691369,0.3728170742216421,132.85692088099614,1.0,3,0.93362983558889,0.11977267056635099,-0.813857165022539,6.0,8.153493823094276,6.586080351382691,0.463169331542991,7.807300973381042,0.5142730440260883,0.46643824598770367,-0.0032689144447126672,0.5143181774437524,-4.5133417664100506e-05,-1.5588558872967049,-3.2032500347438537,0.8972258399062282,0.45227106952420004,87.43005282323205,0.14823868837174764,real-commons,0.03124999999999999,0.5899019417810236
127256020.jpg,116,3,0.7236347294459592,0.5745180794228667,15,0.04861762926663438,0.6711328542769182,621.8385296381359,54.46097666522004,16.546476300952776,9.664400594844333,0.16575198940852914,0.1909935559686183,1.0,1,-0.9215174325160784,-0.058223556683083766,0.8632938758329947,1.0,,,,,,2.1420810427055583,,1.0710405213527792,,,,1.070409266733578,0.31372870733008273,17.151860088981397,0.03991135721804295,real-commons,-0.1,-0.9715082798967181
127256057.jpg,131,3,0.5893595232532428,0.4469557296508361,30,0.07258606467947676,0.8132544579077349,1810.57619973967,20.045822198956607,15.644121643389596,14.359992608841324,0.7842937411152617,1.6748036266719317,0.0,1,-0.11494481858952255,0.011339776096551901,0.12628459468607445,1.0,,,,,,0.04765171383706246,,0.02382585691853123,,,,2.7193129131401523,0.9369366788963603,16.690091845867922,0.04870540489333188,real-commons,-0.175,-0.14268447561565067
128369841.jpg,228,3,1.004757221447701,0.8380344551892522,124,0.4919746420986629,3.494236930684579,1811.3851542538455,20.037051250163948,20.67181836559797,12.031393835728247,,6.613238504425346,3.0,1,0.4370079957542773,0.16250119551975628,-0.274506800234521,4.0,10.033366241441913,1.8117272493141818,0.5618283881498414,5.424130886948821,0.5618283881498414,0.750277445319524,-0.18844905716968263,1.3613702933733376,-0.7995419052234962,5.190246983621736,-2.755817589378098,3.2786937988275007,2.406643819480877,26.3803606395627,0.1143183095490889,real-commons,-0.175,0.26568615496809167
128753247.jpg,389,3,0.8526514703247152,0.6794354103524647,131,0.2659455356799375,1.9128097232357721,511.41696486784264,64.06946168755617,2.4544130716169406,1.9407196809196159,0.11880186159965868,0.06454201927715428,0.0,3,0.3036173783515723,0.022396974389081725,-0.2812204039624906,8.0,7.157151940610829,6.707008711287457,0.2392685372046559,8.875147735317693,0.34851084601920057,0.05181102437406615,0.18745751283058976,0.25352688966897574,0.09498395635022483,5.87079652975066,2.1181807107219788,0.2481427907543566,0.13121132667212576,2.6689297136970267,0.00442846045682913,real-commons,-0.0625,0.28654756190431585
128858921.jpg,391,3,0.5744243961578628,0.3638560235165893,28,0.026181697499492416,0.309094666154789,782.6436019559436,44.47642448642095,6.116264371013443,4.119639573814317,0.2219320263474531,0.32981899804686543,0.0,2,1.832494465562779,0.3040633872151347,-1.5284310783476442,6.0,3.0318595511971855,0.7069443156313052,0.07600239200241976,3.467632147277348,0.08751486015133647,0.01618842547778865,0.05981396652463111,0.016235213338030796,0.07127964681330567,2.2847352339549136,2.680879164847189,2.228973913441356,0.46957017577907867,6.60321729839027,0.027223398593242912,real-commons,-0.037500000000000006,1.8189384830846924
128858931.jpg,605,3,0.9470636528493764,0.7852378182085799,174,0.2209248628672542,1.5350027645700286,573.614060755042,58.31135765539746,2.8163204513198963,2.1918351133450553,0.07456456328803109,0.05621909498683413,0.0,3,0.07233411702203574,-0.021739943457534716,-0.09407406047957045,9.0,7.570205890002725,9.10706163807236,0.25294973798141074,11.300877079855681,0.44956671613008803,0.11262462890953628,0.14032510907187445,0.13311576235404177,0.31645095377604626,4.414611017454865,5.751898156675397,0.2907608657508856,0.1590937873702062,3.1056825013807225,0.005630999520381149,real-commons,0.11874999999999997,0.10888617269850309
129248360.jpg,394,3,0.6603156855314444,0.4970836508384813,84,0.14894018723602762,1.3513545001945706,4629.999096774059,7.907361848134273,44.90651122032144,26.608689621389033,0.6459741635783599,10.684252676384483,1.0,0,0.6325531053286113,0.19969913090724578,-0.43285397442136553,2.0,3.9210767506557125,3.9210767506557125,0.43602103125844316,1.960538375327892,0.21801051562922158,0.46368297009886206,-0.027661938840418898,0.46368297009886206,-0.24567245446964048,-4.616601582685641,-6.326648935172803,4.034901531204608,3.1748696514707353,51.11462836561979,0.053829110051605455,real-commons,-0.175,0.6314576488074605
129248361.jpg,304,3,0.7322999939390066,0.5787570082119929,74,0.14651800802029877,1.412859125884955,1056.120122571203,33.713180105194226,75.81441182061062,43.79044328052654,0.10120469929535017,0.7816212579263994,1.0,2,1.0196210820202456,0.10358962914279746,-0.9160314528774482,8.0,6.266873646334426,6.877760074206922,0.2085369394089196,6.676813036495957,0.648593017869449,0.12351197122822732,0.08502496818069227,0.3733451390975855,0.2752478787718635,-0.5188847632889093,0.8007023563610476,1.0996410395428864,1.0687774551099383,77.46323319838991,0.03500824896804495,real-commons,-0.175,0.8874938275938723
130410221.jpg,318,3,0.8439787328119625,0.687499432656639,86,0.19837441796021865,1.7803992184829593,605.2891399251102,55.72839473850893,81.17265043237877,46.89141680534004,,343.3546883368641,2.0,3,0.4371234042807546,0.17992237090726815,-0.25720103337348643,5.0,4.887898550890673,4.681146424560135,0.10677660589840521,3.763670635141064,0.24717669907317452,0.13732861578868683,-0.030552009890281617,0.30308363840655117,-0.05590693933337665,0.3975222259992286,-3.2121785145655086,0.44254831942766404,0.50357013134239,81.73527414804798,0.007534579933271749,real-commons,0.0,0.4371234059355922
131567787.jpg,704,3,0.7539436156009416,0.5782545224626425,137,0.12563514547294088,1.0068318675412429,477.7659804469119,67.62708401387724,1.3050040429506993,1.147696436850552,0.032577281459398415,0.028722513597511115,0.0,2,0.03939687845830764,-0.04305898092706628,-0.08245585938537392,9.0,2.2146652069663957,1.7568281934604952,0.043952347446308604,3.284328505928012,0.08533596895923123,0.029713617279117255,0.014238730167191349,0.03790645816585503,0.047429510793376206,1.3396140883816057,2.1698395461031232,2.0814096850050254,0.6004104640414435,2.0284694860745764,0.02545157789440794,real-commons,0.0,0.03939688018605336
131567794.jpg,646,3,0.6890222755107711,0.5118753797394524,89,0.09550779888048035,0.9072832675293543,1693.3793355043556,21.402133451389236,69.04490339495379,40.72410108794312,0.4657558843917789,150.1586952432637,1.0,2,0.03934695198688731,0.03794141942495577,-0.001405532561931544,8.0,12.84320153520989,9.475974290901819,0.40801953213618347,12.286960128975403,0.6347606371970036,0.18347662953599997,0.2245429026001835,0.1663996047191505,0.4683610324778531,4.841120109828113,5.596642329597818,2.736687262862629,1.8122388623170234,75.38315809219583,0.05529666994842216,real-commons,-0.175,0.015226487005310041
131568139.jpg,324,3,0.7998726828298298,0.6135664638516011,49,0.08383600516834155,0.780319305131518,502.03505746236885,65.02733632716908,0.8991549011486626,0.671695794052116,0.018229159941893003,0.01567815930431997,0.0,2,0.24182066258705381,0.013965883826308811,-0.227854778760745,7.0,2.604868327747281,2.8166858415292637,0.06880697852890005,2.5696616706785265,0.11565834337323455,0.031378144916123674,0.03742883361277638,0.03375699699295742,0.08190134638027713,1.5796415471854517,1.1430476746812785,2.20171556090133,0.7201547901602733,2.7721029551985543,0.027747701807807154,real-commons,-0.012500000000000011,0.22654010767147326
131718006.jpg,246,3,0.7308546940656329,0.540842696086734,30,0.06041684857527082,0.6250365466476827,491.4078629558918,66.14356379655403,0.41772294373201646,0.2479839580662378,0.15141602527400277,0.09536825518151197,0.0,2,0.12717858606321497,0.17487250422993916,0.04769391816672419,6.0,3.1183900182126325,3.3893728906754017,0.18418182000104188,3.216393158812199,0.19886955327458455,0.12006846940464078,0.06411335059640111,0.13698305841760172,0.06188649485698283,1.0050051243659452,0.8655649025340098,0.7893457538405875,0.19733393501567786,0.7833995702336692,0.022069224234855758,real-commons,0.0,0.12717863102966054
133295087.jpg,477,3,0.6712031035616527,0.48604731218129515,85,0.1068432105684156,1.1026258703887093,4972.8429821461,7.363757566076058,1.1063119535307777,0.6478794569281958,,1.9976246663803596,2.0,0,0.021010234644960324,-0.037021032112645846,-0.05803126675760617,9.0,3.416141961921207,3.157745836553837,3.1038830566361244,5.682965606072015,2.517981553345154,2.9098228165759954,0.194060240060129,2.013700434605393,0.5042811187397609,-1.0377579154720888,-0.9999405311548495,1.5244863741940053,0.6762921081908322,2.416625273870088,0.3232734133343866,real-commons,0.175,0.017059117736649476
133797480.jpg,753,3,0.8442413644700308,0.6813737602771701,359,0.3556726369409432,3.203380695677998,15999.936340785378,2.291534791251324,35.526391465191786,30.496517664247595,,4807.790610524582,2.0,1,0.5849295823178736,0.337319259821638,-0.2476103224962356,1.0,,,,,,0.14494177972695166,,0.14494177972695166,,,,6.0836226869686305,3.5790984694598653,42.737851125168966,0.04424621125955723,real-commons,0.175,0.58474515976702
133797611.jpg,262,3,0.940325333361637,0.8103386773465547,194,0.698238185406753,6.118967407806219,1798.6774916867466,20.175715486895513,52.17309049430602,34.51887280074741,0.9572614883265824,106.80167401268683,1.0,1,0.2540979321798231,0.14513447444962413,-0.108963457730199,1.0,,,,,,0.3614811027649063,,0.18074055138245315,,,,2.7011012625382533,2.8400612786096637,59.543695361921245,0.11411629644669745,real-commons,-0.175,0.3587271198726203
133797630.jpg,503,3,0.9337452967234905,0.7673728495909017,150,0.27751059519725224,1.9737533735439476,80.00047450761625,151.92735313900425,86.92018141559427,50.208383792996344,,76.82888772768551,2.0,3,0.1346765535186698,0.11935871797435627,-0.01531783554431354,1.0,,,,,,1.0268969440111362,,0.7041067086508042,,,,0.3327965882881332,3.7017810349252382,87.24593402783547,2.2182496339005406,real-commons,0.0,0.13467655550177415
133797690.jpg,463,3,0.8272472762664005,0.6644513481572489,212,0.41564745086419475,3.1236942605097107,545.5645527597649,60.7873702139802,34.38092453577575,20.140632633373922,,8.01188527860976,2.0,2,0.6852199144518837,0.298929941224814,-0.3862899732270697,3.0,11.782596598461364,15.171755899794968,1.8309907850440652,9.359000122268043,1.3290614909892176,0.926682741512872,0.9043080435311932,1.4336154493425646,-0.10455395835334702,7.770834003260972,4.306308128889438,1.0652504676544947,1.0394370324721558,35.75892973339387,0.0312823980117242,real-commons,0.04374999999999998,0.7502236278183594
133798356.jpg,327,3,0.8374508798965221,0.6572809365849676,143,0.2767399278909193,2.366162157398105,1330.7252863482095,27.04242581381734,9.82878281740156,6.772386822846083,0.5270892187143322,0.4097444658748015,0.0,1,0.45506712234079316,0.18107077766458746,-0.2739963446762057,5.0,6.557732737581279,5.326829914472622,0.37254656064148506,8.405311642655397,1.3367352387865488,0.3394096194407936,0.03313694120069144,1.5877651850881658,-0.251029946301617,1.5905830374532757,-1.1413484002793552,2.408090801769777,1.2946095688066521,11.643661116426777,0.049892405965143716,real-commons,0.16874999999999998,0.3998074200270608
133798361.jpg,664,3,0.963123735730626,0.7993297320404836,260,0.29593455370129995,2.4936209437610413,634.9274708406873,53.495712471762815,82.23666342392065,47.575091149705436,0.14487655287216,8.85495751820924,1.0,3,0.268120901306667,0.033197233485562805,-0.2349236678211042,5.0,8.046974968409256,4.3913713777864345,0.25848132623710773,6.174266280594017,0.30753568847961255,0.07451034174784965,0.18397098448925808,0.1956798456909148,0.11185584278869776,5.681722012507182,0.845670581662433,0.5083526271279469,0.5185171140877279,82.88618102619829,0.009640930190064014,real-commons,-0.037500000000000006,0.08442155357641767
133798370.jpg,509,3,0.993284422408993,0.8501371115489449,169,0.21463864127190807,2.2203031119805985,5898.912522981303,6.210194230671044,79.71864424138951,56.03968774110009,,143.4076771007158,3.0,1,0.08588143709522189,0.029694837611885738,-0.05618659948333615,2.0,10.999340879923421,10.999340879923421,0.1645971701445177,5.499670439961721,0.08229858507225885,,,,,,,4.755506727423463,6.14525130832226,84.6559540408061,0.1417094857009603,real-commons,-0.175,0.14197451684976214
133798379.jpg,473,3,0.8950795152823355,0.7216799273661513,276,0.5180750429594766,3.3908025689100993,484.89247825741376,66.84484248251877,15.97954626101469,12.484005843935508,0.4473869647477808,0.40978651090512713,0.0,3,-0.16299762127342754,0.15456443638355133,0.31756205765697887,1.0,,,,,,0.24079357610769936,,0.2921481347140582,,,,0.5848539088687154,0.25420320961070697,16.307406550700172,0.0111245682626619,real-commons,0.175,1.4588149095042233
133798455.jpg,733,3,1.051988242729175,0.8961443246417521,388,0.4703110643819499,3.2485911268335292,1159.9401359479211,30.845838713511892,86.62626143749343,60.82041058620362,,2.2361529185946565,3.0,3,0.5248429655180012,0.1627341191011028,-0.36210884641689844,3.0,6.802624509728877,6.802624509728877,0.7553620398177125,6.098935129294946,0.5393017526758124,0.14593747896266862,0.6094245608550439,0.3413428423400031,0.19795891033580926,5.446399600943879,0.882715474811901,0.8283149660682383,0.1434249654611715,86.92652552831096,0.021256784229028457,real-commons,-0.175,0.7436927389303731
133798459.jpg,612,3,0.8970917230077996,0.7028085756931425,288,0.32096011259589086,2.7855527773023634,965.9198110076783,36.65908026769525,86.65142892344741,50.029676533556376,0.008179450216638245,1.740017523286106,1.0,3,0.41121590172628586,0.20027385958766308,-0.21094204213862278,3.0,3.5847994452029823,2.9609402484669762,0.36271098049699635,1.9106518689875427,0.1939532902912604,0.10352398490614423,0.2591869955908521,0.07244690073059035,0.12150638956067006,0.8950116972614022,-0.3159986463075082,0.7483503039687952,0.3387764111995004,87.00293060436502,0.008966184681358612,real-commons,-0.175,0.4631548214005372
133798500.jpg,463,3,0.9543887609892981,0.7865862962863213,149,0.2942796740519965,2.1565682898655187,352.26519018303384,84.5044254875234,86.31064851269464,49.85305192760189,,35.72573287645405,2.0,3,0.20300846624210045,0.10184853092671642,-0.10115993531538403,4.0,24.325602835924965,23.989802536212434,1.6073853820122461,14.15281928733711,1.0356463356102754,0.9924501551427696,0.6149352268694765,0.8462253244982696,0.18942101111200582,10.943094419386684,5.950290125644807,0.5511382913214904,0.5908456855884895,86.89110655993869,0.4832724376385132,real-commons,0.03124999999999999,0.23509214233245712
133798579.jpg,374,3,1.1137944726304878,0.919632511076398,301,0.7035147784671285,5.996889482133395,123.67777359883469,137.7376595031089,29.446059108716206,21.541605697644076,,0.16815426157147523,2.0,3,0.42778020489710544,0.09965533046395059,-0.32812487443315486,2.0,3.9782057347386606,3.9782057347386606,0.3788550177062193,1.9891028673693338,0.18942750885310966,0.27577160192838335,0.10308341577783597,0.48695990864061,-0.29753239978750035,-8.113949959600387,-12.216610133868762,0.40960894848387797,0.20512009790869115,29.952655463142538,0.00990263467087774,real-commons,0.006249999999999999,0.23896003749596983
133798600.jpg,555,3,0.8582131618772452,0.7047129540659403,278,0.37804279681332437,3.147292599939946,513.9043342632687,63.81972153497576,6.002651366017744,3.70359849109928,0.49564707625889726,3.3732968840042266,1.0,3,0.5604081164661391,0.13772738951254226,-0.4226807269535968,4.0,7.10866297282427,6.889131421859719,0.30049570107969625,6.139998988459635,0.30049570107969625,0.2861705048635521,0.014325196216144143,0.2861705048635521,0.014325196216144143,-1.6028703870561483,-1.2318480592685983,0.7696671791391241,0.21281142843512196,6.237851767524576,0.015831891128494466,real-commons,-0.012500000000000011,0.7582811837908799
133798615.jpg,514,3,0.8651780011322094,0.6883732608151824,226,0.3369537502014298,2.6834994208254654,629.1109595431425,53.92072140954805,3.3445821129000564,2.219581381908758,0.2196891925246601,1.2544019935225923,1.0,3,0.13893586901555477,0.0855277059927656,-0.05340816302278917,4.0,14.107345077679295,14.107345077679295,0.2871658342547452,11.249537003202263,0.2871658342547452,0.3599593382089381,-0.07279350395419293,0.3672906641855631,-0.08012482993081793,6.400948517486234,5.648398215186309,0.9409557165777874,0.24461684744861126,3.877861979415212,0.0157127725102941,real-commons,0.006249999999999999,0.13658926300126306
133798616.jpg,295,3,0.9891525406362875,0.8292656937131853,149,0.419358121033937,3.2928398333665156,1889.4644994663656,19.22482169553011,42.48982510345419,31.276404245701002,0.445926280049504,7336.132121633127,1.0,1,0.5415965732188669,0.2501394489200591,-0.29145712429880777,0.0,,,,,,0.1466324424557106,,0.4317422401565256,,,,6.243441603076018,4.967646156267623,54.29432171149926,0.06775317288691375,real-commons,0.175,0.46639754179088033
133798648.jpg,289,3,0.8251071416713,0.6778509343343796,112,0.21769905334481934,2.19806063309331,449.8448352870922,70.85277596612046,87.32262150673317,50.42719406274266,0.059945408383579306,8.254049397257193,1.0,3,0.20150611156070697,0.039841082307430775,-0.1616650292532762,3.0,12.333934218460268,12.947250183642016,0.20841735442191478,6.883691572296268,0.14908862623433317,0.2653217833301098,-0.056904428908195026,0.2653217833301098,-0.11623315709577664,3.406370074137101,-0.8076186239889775,0.44260514379715127,0.2766983905149427,87.74740794083269,0.010303435075474906,real-commons,0.05624999999999998,-0.004894777032179887
133798697.jpg,478,3,1.0249961793679003,0.8558020564384482,177,0.32674564770272324,2.2291043966038684,951.3167729512346,37.183394059628625,85.09519696514799,49.170532963176164,0.0952760755646511,335.5040695521821,1.0,2,0.49346980561922693,0.09441734426814075,-0.3990524613510862,4.0,6.7912288249204975,6.327053296654198,0.15054913556421656,5.347926381510998,0.11669917732663704,0.05208908243602384,0.09846005312819273,0.25042155923976184,-0.1337223819131248,2.8802063245816703,-2.004168529684489,2.125493613553679,0.18844118347640232,85.50012034628786,0.0139947621408889,real-commons,0.175,0.6875838517765811
133798698.jpg,453,3,0.9085679485815954,0.7169099888263173,253,0.4885361911589997,3.5526865245714125,1053.970431311075,33.77803111797547,51.383414329402356,33.61177355586184,0.43658145684490324,338.5599646451782,1.0,3,0.19619126725671632,0.10000617862076666,-0.09618508863594966,2.0,20.284458089124737,20.284458089124737,0.45873072248567404,10.14222904456239,0.22936536124283702,0.07595515856777357,0.38277556391790046,0.04304570153512044,0.18631965970771658,18.361427162823553,9.082475156840783,0.8527460480565253,0.7682186891782316,52.667633971348536,0.012036105940351004,real-commons,0.175,0.1589592329913625
133798706.jpg,958,3,0.8535830043005832,0.6572307995309348,425,0.34566136578107237,2.4839840473316808,434.88815079539165,72.69285906652325,7.553728459756513,6.331393067505901,0.17034492542536914,0.11490928453420268,0.0,3,0.1783683658340003,0.10257972303955132,-0.07578864279444897,7.0,6.781261824436888,6.659714943864244,0.2255847222627283,6.330569594594879,0.27885762548497084,0.2808844638761827,-0.05529974161345441,0.31407932398648875,-0.035221698501517906,0.708832501266067,0.1428351425162413,0.15195475228025793,0.08259258873069289,7.69590350251427,0.0021482346070278635,real-commons,0.02499999999999999,0.3423313414717585
133798741.jpg,926,3,0.8853466432517582,0.6672325056596788,410,0.3472132161614322,2.492614159856494,468.3704731110619,68.6833287574177,7.256631534384198,4.898624783682679,0.14213665480248844,0.12418615375274478,0.0,3,0.5499083239836922,0.18716844171204072,-0.36273988227165144,8.0,7.197530975923081,6.260480791951753,0.2733713775540725,8.41318109740018,0.28011912973411235,0.11451639692539839,0.1588549806286741,0.20599851621788323,0.07412061351622912,1.4464220905424092,1.5178331047381937,0.42810026681254326,0.18840860116007493,7.534098682445526,0.0054007113611576965,real-commons,0.04374999999999998,0.6300301243266591
133798742.jpg,288,3,0.9933906850184818,0.8668609036977449,176,0.5499775610456752,4.593322728536355,385.9446622565583,79.32659121744415,83.60096671002633,48.33532154138708,0.0967595864854993,7.944168324410177,1.0,3,0.34290292854577953,0.11227166157372703,-0.2306312669720525,4.0,15.37959659092052,15.37959659092052,0.3789546434895197,9.134796015214176,0.3789546434895197,0.6058499572842448,-0.22689531379472516,0.3029249786421224,0.07602966484739726,4.026323808853247,3.4581596241805377,0.9508826225222581,0.6001119088324165,84.35631704143593,0.00941473308795798,real-commons,0.02499999999999999,0.29846957062403423
133798758.jpg,412,3,0.8329512105115418,0.6754450336941783,255,0.58524753182266,4.691989030205126,201.9282021336539,115.49404807336447,42.30897771988413,28.186111792054763,0.4311817010359823,0.8631217493079069,1.0,3,0.09643705016757964,0.11915312526880195,0.02271607510122231,2.0,9.78379510638971,9.78379510638971,0.48292779526875496,4.891897553194864,0.24146389763437748,0.0682174328497771,0.41471036241897785,0.05717631575454529,0.18428758187983219,7.235752342213701,2.4538715819876233,0.19519640428446688,0.13850510162141746,42.58462539300095,0.0027679787954157926,real-commons,0.03124999999999999,0.30486249316209746
133798768.jpg,459,3,0.982952596079415,0.7773758720334872,342,0.6790351977099606,5.437047735416555,358.59172243956647,83.49015445110804,67.63126748977584,39.13556366004042,0.08591765553533107,0.9896141660810404,1.0,3,0.2830254098614373,0.04390382426183992,-0.2391215855995974,1.0,,,,,,0.5249746757526514,,0.2624873378763257,,,,0.31785822315612844,0.36376291160685864,68.14825454239882,0.003031788692677503,real-commons,-0.06875,0.7082107697374038
133798774.jpg,535,3,0.9699883331329829,0.8172488732563468,385,0.676798523719373,5.5406079994339565,537.9786699960674,61.48998210155376,4.0836729489898715,2.530661029186898,0.1323899900541408,0.1998769050893887,0.0,3,0.4226318397640767,0.23390519907125018,-0.18872664069282652,1.0,,,,,,0.5163693494207111,,0.5163693494207111,,,,0.91145567262094,0.793610514606984,5.171282073896326,0.008742085802727076,real-commons,-0.012499999999999999,0.5742460674548894
133798775.jpg,566,3,0.938313464509394,0.7748636409600067,395,0.6591356869950946,5.378192025675112,524.3356213188683,62.79111020767462,15.37955720614255,9.75161496162815,,0.7084245189236636,2.0,3,0.5157162810709968,0.2506189719165439,-0.26509730915445284,0.0,,,,,,0.143619285362655,,0.143619285362655,,,,0.7892618699626237,0.614449730727296,16.481851299708765,0.006636062261927705,real-commons,0.02499999999999999,0.256971495183251
133798799.jpg,495,3,0.9792338599811684,0.8253854140328354,213,0.39317642880796977,3.062006755247986,612.4623393470389,55.17243450144542,86.4341170404584,49.91421011961934,0.14299420671193516,2.402713455697092,1.0,3,0.3583643292386165,0.08635012611939086,-0.27201420311922564,6.0,5.702753909107897,5.702753909107897,0.2680688871397381,6.946666228278021,0.2766559089609357,0.11643592511695333,0.15163296202278476,0.21048867818615102,0.0661672307747847,4.079151380125076,3.0508349543407483,0.706806801967739,0.2702700887207984,86.82351637467816,0.017808299942752508,real-commons,-0.06875,0.2545466342106498
133798810.jpg,208,3,0.8670899126256599,0.6624040583678686,66,0.1468684045862881,1.2802956894891093,614.2648277501131,55.03433585856661,31.93322362129623,22.724490630921647,,2.0445244045321247,2.0,2,0.000680247333868178,0.08332357745302266,0.08264333011915448,7.0,5.955493744507825,4.084402796457641,0.38426466432836826,7.156464202396374,0.4179074131767213,0.17160191315482543,0.21266275117354283,0.2953957412919257,0.12251167188479561,-0.08939055521010886,0.2269982319271815,0.3758501424487605,0.47086262253272915,32.600597440101915,0.01067021913581537,real-commons,-0.037500000000000006,-0.021129389746997074
133798825.jpg,337,3,1.000026153319486,0.817146086692735,210,0.5556259055092356,4.527338559356068,1353.6290437562193,26.601255003237448,44.95970444443952,28.49431497301547,0.35413832515914695,5.197868793291929,1.0,0,0.19362959914630207,0.05643675891105471,-0.13719284023524736,4.0,10.914569853477504,11.641460741148794,0.43253432798893643,9.827136007189505,0.43253432798893643,0.16557999848068938,0.26695432950824705,0.1362188633589203,0.2963154646300161,4.234566384610005,5.254271109835613,1.3097609761244218,2.0455431015345664,48.63341469717917,0.03612563068282265,real-commons,0.11874999999999997,0.17254115787722846
133798837.jpg,281,3,1.0562410126426687,0.9093931571531975,208,0.685565899651936,5.857605330281386,649.3495762144953,52.468230999735496,56.95894673132637,40.37202448226242,,0.618342855903756,3.0,2,-0.2478335181234652,-0.08933951405395346,0.15849400406951175,1.0,,,,,,0.4387465744098824,,0.4322994754428917,,,,1.5832311738832077,0.698168809805501,58.31108188495918,0.05635846151526486,real-commons,0.1375,-0.2666076507974612
133798842.jpg,363,3,0.916639985710897,0.7090116120193991,163,0.2449358347160831,1.9936701245168726,753.6672744407155,46.01123657841372,13.139567448398992,10.563405608861272,0.39845616093745784,0.5104478965906012,0.0,3,0.43522549359000196,0.24593428507003479,-0.18929120851996717,5.0,14.847632615552435,14.847632615552435,0.6660221202249708,11.039547829027171,0.5108491797204313,0.48451020766921715,0.1815119125557536,0.5787891781172823,-0.06793999839685094,-0.46691987765901466,0.6085550562853417,0.880891143314948,0.3971070970330052,13.686100144769972,0.01615397171596592,real-commons,-0.1375,0.1397764684824101
133927081.jpg,286,3,0.8392328360613255,0.6549670752955569,75,0.19024760013018316,1.497611570298559,427.14328439278944,73.67839577937907,1.4095318326302078,1.0208822592380031,0.0335278724302383,0.037132160735039596,0.0,3,-0.05143417588095289,-0.09834801060092868,-0.04691383471997579,8.0,5.513170747160546,1.9586415281773524,0.05545888727033699,3.8048769614223548,0.07015492911157173,0.038576897763347606,0.01688198950698938,0.06185122041496749,0.00830370869660424,3.5780635772093965,1.6155688126518495,0.2139945799332925,0.163485519044034,1.6534420919422501,0.0020745355453749017,real-commons,0.012499999999999994,-0.08473926925356068
133927083.jpg,284,3,0.8680149122004862,0.7004453343863627,92,0.22163182599676676,1.987061944974871,501.2384155267663,65.10984778780183,2.5231567216592765,1.9182381695115502,0.07107697547016696,0.058530930423346644,0.0,3,0.16353089440890078,0.005552648328858489,-0.1579782460800423,5.0,8.43479825570656,8.280032365872842,0.22667736196737698,5.737702768721647,0.2487341380843353,0.044376333540484314,0.18230102842689266,0.3551678795408906,-0.10643374145655526,5.849076744729074,-1.0876278303924956,0.4729030865947735,0.2371545129127789,2.902011848282141,0.01166108584285331,real-commons,-0.02500000000000001,0.24329702702721567
133927149.jpg,480,3,0.9366548336245698,0.7598055930447389,139,0.2260566508430858,1.9316277689940486,1132.2119004496192,31.56404388369952,1.643511710192115,1.0293161135762174,0.09374940398017907,0.3241248952162965,0.0,3,1.0009174912668533,0.20633059017769206,-0.7945869010891613,6.0,7.333020827907025,9.322177406881057,0.4093166782209048,9.607325478625933,0.48999067180813594,0.24758850509207342,0.16172817312883137,0.3332407496186427,0.15674992218949324,0.3869729198189775,1.1459517701666595,0.9032732296095098,0.43262451779158756,2.5203053656927357,0.016487548753712927,real-commons,0.05624999999999998,0.8224794206105734
133927150.jpg,674,3,0.7509157874720758,0.6020665881880093,87,0.10773727800042295,1.2438016620158021,184.37564610669295,120.10115349291385,87.64659216214142,50.61190409116793,,1310.872080936006,2.0,3,1.0463361291831867,0.10729920933778292,-0.9390369198454038,7.0,8.609594447226293,7.85731776780456,0.5790125850661187,9.80595306125157,1.5118681253885797,0.4450602545401887,0.13395233052593003,0.5085850108717795,1.0032831145168002,5.066218898643615,5.614453650608456,0.43853514264549054,0.24411362037266512,88.12190456527738,0.2628384014587062,real-commons,0.0,1.0463361359128285
133927151.jpg,501,3,0.8703849234647116,0.6942434021217587,147,0.26402210406292376,2.087969839491976,2132.510672214989,17.068016170041332,0.5954138698506313,0.362408424466006,0.06561718405847573,0.34090109889267434,0.0,1,-0.11302529558227692,-0.03150852346072486,0.08151677212155206,7.0,9.501312350404378,8.183417834637606,0.33113320989569583,9.41760277406812,0.48190416261127833,0.19799243620438656,0.13314077369130928,0.20919651006744688,0.27270765254383145,0.7455842336972545,-0.4771990681477405,1.226407493542725,0.3664653537017658,1.330178808979719,0.02399601165050525,real-commons,-0.175,-0.12407349056944461
134289001.jpg,841,3,0.8462816034714331,0.6875456423670873,390,0.3845493158189338,3.553393785326155,659.7838653767928,51.7474489172459,86.96193413932423,50.208632218046894,0.020373827294028195,9.308976193499033,1.0,3,0.007661115531061302,-0.022646993671415983,-0.030308109202477285,3.0,2.565715495394985,2.2608764298006534,0.2811978775747681,2.0927718739243564,0.14244295807140928,0.15814175357543991,0.12305612399932819,0.16006173328440854,-0.01761877521299926,-2.3474971857488094,-8.506880162495566,0.4877881822091617,0.17308564365878532,87.28227361994846,0.008457457792061482,real-commons,-0.01875000000000001,0.008205653939803659
134289003.jpg,401,3,0.8193431252637822,0.6593787597474146,116,0.2123053612832549,1.8919005583442423,383.6136365514119,79.66787923839195,86.78853309241634,50.11532512795145,0.47008907352467183,28.65106955480054,1.0,3,0.6405530106211675,0.20659695504070863,-0.4339560555804589,3.0,6.165155339224308,6.165155339224308,0.28488104637509704,4.163879573790454,0.1672928066406123,0.4207178434272114,-0.13583679705211438,0.5753690478451778,-0.40807624120456554,-7.753056176052571,-21.541482875553278,0.7766313062216393,0.19205772462997997,87.21411787820823,0.06918361465441984,real-commons,-0.012500000000000011,0.5831043405729281
134289013.jpg,703,3,0.8722284728602915,0.7075189379894274,441,0.5710053400675665,5.155497684550726,486.88390774512027,66.62910486716909,72.44966100403518,41.830209079997864,0.004802568186712818,0.6938659866321261,1.0,3,0.0014395754555449614,0.022869238734687047,0.021429663279142086,2.0,3.245667939948471,3.245667939948471,0.20741493080548956,1.6228339699742473,0.10370746540274478,0.08163517738032411,0.12577975342516545,0.20139803641205134,-0.09769057100930656,-3.6520662308303065,-4.3658715476835805,0.3877644524867302,0.3244218809005448,72.65768000582003,0.0049780870518020765,real-commons,0.0125,0.002810769714568173
134289297.jpg,630,3,0.7714488556745351,0.593300189774728,164,0.1800746919701507,1.5331527622643235,488.8090348951371,66.42171830719076,0.5405548132266063,0.32533385010536064,0.07670703367822161,0.09193064666501359,0.0,3,0.15550067380403665,0.10523173513861284,-0.05026893866542381,8.0,1.8100833632964526,1.6517769021652065,0.02593897902161002,2.2907057146793552,0.11287683617931332,0.01022287196458338,0.01571610705702664,0.018288169749915983,0.09458866642939734,1.2040941155000215,1.5696843447519062,0.42471913235419606,0.2483427767607178,0.9930440132683597,0.0018932526666720559,real-commons,0.03749999999999999,0.08440896308172041
134289304.jpg,866,3,0.8170421430830275,0.6691726029783331,396,0.37470789002743454,3.854161715311388,80.00036654447757,151.92738952622994,87.03377442610406,85.67355039528954,,5.647301266670472,3.0,3,0.3252609920287811,0.13897276855129925,-0.18628822347748186,1.0,,,,,,,,,,,,0.3088972160536384,0.3971892508176899,87.30527153250911,0.8783054105316036,real-commons,0.0,0.32526100400785996
134289312.jpg,475,3,0.813744914990367,0.6563334517501874,142,0.19293806440376443,1.7281773045575273,489.4269670830385,66.35539298986798,0.5899431796036794,0.47680351104077007,0.05727191634426657,0.010675446485348279,0.0,3,-0.12115446105707606,0.0770746772595512,0.19822913831662725,9.0,6.263167209292654,5.879058399317052,0.08429490908947734,6.4023437243811525,0.24233849215699488,0.05232308433079247,0.031971824758684875,0.10271620981878993,0.13962228233820495,4.21603796594642,3.4493907404846307,0.2961914696878101,0.17929832019946162,0.990823643632984,0.0023904427644695324,real-commons,0.0125,-0.13102534821613332
134289315.jpg,687,3,0.8401128512343163,0.6778751847965434,178,0.19955983945882572,1.8106496549189655,545.322368449706,60.80957711265853,23.447401450450215,13.72968377169884,0.8835974096979622,10.065891180232791,0.0,3,0.14429415518133049,0.11640180114538301,-0.027892354035947475,1.0,,,,,,0.20654042342015622,,0.2169536574316666,,,,0.5200741724990413,0.21256026384954704,23.78209430408568,0.012080101535047698,real-commons,0.0,0.14429414672917962
134289321.jpg,508,3,0.878732695706682,0.701584472396143,145,0.2086136589530317,1.8604353306624861,486.36288684271375,66.68542957884374,0.38262514241786505,0.23070823764727688,0.13905961114300677,0.2041765851243435,0.0,3,0.22255556695713852,0.11388101967231712,-0.1086745472848214,6.0,2.7699548622619297,2.955005319294179,0.05563342078777378,4.918307007170348,0.12208654944874153,0.010968509720838071,0.04466491106693571,0.02829602360913741,0.09379052583960412,1.64819288444879,3.62383900448617,0.5326400682871677,0.27037327823457274,1.04976103096416,0.0035498988815512345,real-commons,-0.02500000000000001,0.24507450848182666
134289370.jpg,345,3,0.7512866998889665,0.5857322528918749,71,0.13242471362972832,1.0595604200068958,480.34769696152904,67.34184354749067,0.2671039058759561,0.15469672808909832,0.0443529829029978,0.05584044429605327,0.0,3,0.09730625572222595,0.06916748801543182,-0.028138767706794132,6.0,6.178219516676063,6.178219516676063,0.25115336930815335,5.9436272783009905,0.4777925424326668,0.06883091413773013,0.18232245517042323,0.21504672721069173,0.26274581522197504,4.358727855015108,1.220911501198045,0.3053927985423416,0.1571160840749862,0.5636311712769938,0.003849032992354489,real-commons,-0.006249999999999999,0.09176702131994907
134289377.jpg,447,3,0.8376404021735326,0.6487863951336393,146,0.23237134017635708,1.5391625531969229,484.939715471888,66.83971083306619,0.5938391028642371,0.3695342749601429,0.04835450582021922,0.022452775582392098,0.0,3,-0.07034203321535415,0.10081122566468037,0.17115325888003452,9.0,3.9407765382156694,2.7151052283703723,0.06650042996882988,3.9315335868089107,0.22629229310963472,0.018070375953851858,0.04843005401497802,0.04931093125134556,0.17698136185828917,2.9301341260155764,2.175707131716326,0.22368728351141617,0.16191174890690804,0.8241068357604682,0.003913715634485408,real-commons,0.0125,-0.07763868512779692
134289381.jpg,572,3,0.8228032393196874,0.6410258686348698,249,0.32582893992204176,2.959945914080134,509.3800228535706,64.27528148822617,1.9018094989339858,1.1416404279624446,0.09675747970302359,0.13338234395963267,0.0,2,0.5498123381861849,0.20580150427700727,-0.34401083390917764,6.0,6.900150817561676,8.996590771658553,0.19326524317404203,6.148709040013715,0.19304362637182182,0.17518435557844114,0.018080887595600892,0.2502198309545296,-0.05717620458270778,2.23153258614646,1.084249096340713,1.1311085689706015,0.7931983048086685,3.035840431011985,0.005093894309551646,real-commons,-0.043750000000000004,0.6081927122435571
134351811.jpg,441,3,0.8110298021147401,0.6298223692815368,101,0.16216980448013962,1.2927853009223098,363.07349229770807,82.78359940669122,2.7479781789809294,2.380675737496388,0.076832397510741,0.045488466846074674,0.0,3,0.22843932807032208,0.11802951073596457,-0.11040981733435751,6.0,5.4478256365735405,5.805822193454068,0.24355451000293282,5.832931452058636,0.28879136204183187,0.06558249691861517,0.17797201308431765,0.11977627587040418,0.1690150861714277,2.0340369968564227,1.8811917816652088,0.23909337417005086,0.14175528382690644,2.9376402124784677,0.004173570995270778,real-commons,-0.012500000000000011,0.3941534756566074
134351812.jpg,453,3,0.8897421822834397,0.7366411893450456,167,0.2819969819564754,2.6460833822409078,1717.3699800035245,21.10992251817333,30.75491467838384,27.97318813076631,1.1492767538964008,15.269988315722188,0.0,1,0.5876078094599496,0.21062704583928482,-0.3769807636206648,1.0,,,,,,0.3168305978204784,,0.3781074823000967,,,,2.137845938227391,0.05581003547111036,30.791681475614165,0.03956991445559163,real-commons,0.175,0.6006358887838869
134351813.jpg,353,3,0.944148145323692,0.7788975492953812,144,0.32974512267937367,2.5803120815859555,279.3091287627087,97.76842005407413,1.0733418285270488,0.8802186667887791,0.03868400089863031,0.025248124116762364,0.0,3,0.9267227944668848,0.29745562649726454,-0.6292671679696202,5.0,11.49371648880464,11.49371648880464,0.41590789767068426,9.228303142012589,0.48462802189032805,0.0646887993504075,0.35121909832027676,0.16836028760518307,0.316267734285145,10.603942487067348,5.8926983423757076,0.5940452325566757,0.19510024394379621,1.3621333991042568,0.00872265377018546,real-commons,-0.012499999999999999,0.8811512732335409
134356706.jpg,432,3,0.8111166697264812,0.6027754293611609,92,0.19231511906187504,1.7322049011636147,1766.0105870007046,20.541043634698497,1.203454030371958,0.7822865235230552,0.09942956289287319,0.37002030454672635,0.0,2,0.7858817705267968,0.15790402765565792,-0.6279777428711388,1.0,,,,,,0.25065989608525197,,0.1859693117719261,,,,1.0660681541152168,0.5253628260754976,2.1508071104583584,0.02382728859663408,real-commons,0.175,0.9295591667892672
134408326.jpg,613,3,0.811708344592322,0.6314992071445111,155,0.1511212778015858,1.4977229742342373,485.256514614089,66.80531311687055,0.22164821783714217,0.12857778095388855,0.020961961976963463,0.02518037706070691,0.0,3,0.17872393830971944,0.08432343088410521,-0.09440050742561423,8.0,3.5723708065955293,2.5828567467870114,0.11458801247731065,5.286130971048699,0.14252481161164043,0.06279998663467312,0.05178802584263753,0.09395852242470903,0.0485662891869314,1.3230327037996696,3.0150873948995924,0.13793199853750454,0.0742175061775069,0.3707220166763108,0.003095165515261931,real-commons,-0.03125000000000001,0.18483255103950058
135702891.jpg,382,3,0.8707957554044483,0.6787399249896486,78,0.14420722289259993,1.3155225809225284,537.6391250432263,61.521773865672756,0.26265213192532144,0.16120962940571773,0.0075188654983956126,0.008835503572158248,0.0,2,0.9253914215123479,0.15737933808941962,-0.7680120834229283,9.0,2.615802222446208,2.6706231274173096,0.09456917373547391,9.525181857385757,0.35079620453733806,0.047665033103242216,0.046904140632231694,0.07083681061144897,0.2799593939258891,0.8770079663980253,5.9175509779830735,0.35941624896381685,0.15971469962146678,0.6533010384836813,0.005008344514570967,real-commons,-0.01875000000000001,0.9324384286702528
136776699.jpg,401,3,0.9389486877179611,0.7815584378940583,110,0.23108939008522614,1.986604854091744,512.3881450514028,63.97174437358542,85.32139815028357,49.32521303774878,,4.480085954763521,3.0,3,-0.0703010914754485,-0.11405390885897315,-0.043752817383524656,4.0,11.752691122730845,12.295726248008364,0.7183845272035514,11.551960053846855,0.7183845272035514,0.28785910475212706,0.43052542245142433,0.5400583068565714,0.17832622034697998,6.5176882242847975,3.287235803687752,0.7346936598395336,0.840401488176008,87.10293904490814,0.4302314018106267,real-commons,-0.006249999999999999,-0.084084461359488
138239479.jpg,339,3,0.7332994356535187,0.5616178899499206,94,0.10539114532779283,1.03060132192081,7553.319963060217,4.851824658940376,9.751324598271438,6.355634103162199,0.5593084488947729,2.774670769390051,1.0,0,0.18454296157169625,0.009853268058762854,-0.1746896935129334,7.0,7.7323472089675205,7.707308851461724,2.9727936574689213,8.529122005021456,1.9732618404027926,2.2125621490909944,0.760231508377927,1.9330982279012492,0.04016361250154343,-3.8420257428454194,-2.998678416436004,5.84328451147018,4.0027321519082655,14.350658053503938,0.3000265745734015,real-commons,0.175,0.18544316696949514
139658745.jpg,484,3,0.8908871044100473,0.7209992128871944,246,0.40760791270644425,3.493814652649869,87.58988804766878,149.38407725049035,50.42543903373538,29.509781029267742,0.3930187403292569,1.4545316366932584,1.0,3,0.05840940602956313,0.26047973120638324,0.2020703251768201,2.0,2.4999121716433494,2.4999121716433494,0.1297214968781848,1.2499560858216876,0.0648607484390924,0.024393375416754903,0.10532812146142989,0.024393375416754903,0.040467373022337494,1.9271186769626292,0.7429871127633395,0.3930747250497772,0.4574952263825238,51.297272727976434,0.00872195623837396,real-commons,0.006249999999999999,0.4913908426141701
139760688.jpg,450,3,0.8303646976380175,0.6391423008743387,205,0.36969541399144257,3.231987352257786,1485.994153737302,24.3054410389383,44.942496494959904,25.9478521046752,,3.1446233843144626,2.0,2,0.5041250684297643,0.19912852769859046,-0.3049965407311739,6.0,7.633550997174305,10.539677861209332,0.9698337819017606,8.908564573640215,1.4030053972958627,0.8155318149821391,0.1543019669196215,1.2143045562116206,0.18870084108424212,0.8730596438352496,1.8480853848033405,1.2889632449116621,1.4771070196016027,47.07425553920795,0.03445540720989673,real-commons,-0.175,0.5019979030223477
140073054.jpg,443,3,0.8213040321866762,0.6337877335877159,101,0.15998147510480812,1.4950715355459399,732.6202895957045,47.190288841547314,2.193186772475755,1.6143727829846715,0.339801756893611,0.05570434640613054,0.0,3,-0.08967446048719274,0.01222525113167261,0.10189971161886535,8.0,5.8423491062045265,5.9283316445400684,0.37428794305348223,8.977011486861462,0.4917474170325211,0.40812488171013905,-0.03383693865665682,0.48303191015672065,0.008715506875800472,1.092406045637902,2.030693686850115,0.32660083961223735,0.1721253271661409,2.4079518851108443,0.03559946351326502,real-commons,-0.02500000000000001,-0.09971535931203279
140080569.jpg,446,3,0.8056496036794916,0.6533055064432999,124,0.19992910518675872,1.5609504188890528,306.9053287555292,92.39321720958594,0.3678725401554459,0.23005835790908755,0.9354506918459097,0.9217319700787203,0.0,3,-0.3215550269208115,-0.07593438012385745,0.24562064679695406,6.0,6.445592624606231,4.474167438273146,1.71054388252902,6.308616018051695,1.7248242355399621,1.4663425722571848,0.24420131027183523,1.6584286187301451,0.06639561680981698,2.7789464916389104,-1.4010062647637405,0.4494805201770071,0.15448936693715576,0.626861284734138,0.39472020046042006,real-commons,0.0,-0.32155499938891874
140130433.jpg,486,3,0.7165938131695134,0.5388252246087192,111,0.18794117679861344,1.4875577881612947,473.01742767115445,68.15731937825431,6.429846801607937,4.8070316983371395,0.4744152425260689,0.41888077888820197,0.0,3,0.47859193791626187,0.2389476699098475,-0.23964426800641436,7.0,2.9375858716505006,1.8178550375991973,0.4134645228635172,7.561403966243651,0.5138254118028209,0.017299145227373636,0.39616537763614357,0.01790932792271427,0.49591608388010666,1.7295263097902993,6.584998673014487,0.21877947289370936,0.12021165412254163,6.5936595268162685,0.003986137037900948,real-commons,0.062499999999999986,0.44748300247089556
141067890.jpg,362,3,0.928299571674295,0.7629688060346037,133,0.2918433436940734,2.1332441091553376,478.28183506990894,67.56991980218969,2.9375715428479907,2.4624216346559287,0.276427214741387,0.3040072088840578,1.0,2,-0.011227469880387475,0.06865747326394189,0.07988494314432937,8.0,5.602100223038454,5.0405461443190775,1.0624119295109247,8.549274248034136,1.6306370900160396,1.038390032476824,0.024021897034100625,1.0383902237152154,0.5922468663008242,0.6510399742020834,4.634077958385401,1.1823123788311964,0.6816861619846047,3.7403863841385276,0.0671193241001398,real-commons,-0.043750000000000004,0.017900957502118287
141067896.jpg,479,3,0.8326089025395115,0.6610961521268984,99,0.14358392563840985,1.3274199706502299,474.24911126606776,68.01908531542297,4.536745476196799,3.049044018172606,0.3058808018550025,0.1784253002446131,0.0,3,-0.14669458677070646,0.10435309944558746,0.2510476862162939,6.0,2.7503091402622513,2.6932861483261448,0.14833726643690603,4.122164719512847,0.17984985084531724,0.06945904406299785,0.07887822237390818,0.08429311565822273,0.09555673518709451,1.222977596409803,2.597661042146,0.8107720981623353,0.5433228097692698,5.191395767929328,0.022945398156614293,real-commons,-0.01875000000000001,-0.15180837756535082
141067897.jpg,536,3,0.8588761785556367,0.6796156969975964,155,0.2230552744422914,1.5749870830469077,451.12430230780626,70.69911855235516,4.661770243046973,3.7266108465163006,0.3520818723171428,0.06426764998767193,0.0,3,-0.03276231813940844,0.013373695999743362,0.046136014139151804,6.0,2.425696671865502,2.948584419052411,0.40599527377084943,4.0893171621439866,0.49825396142786493,0.36050582878351145,0.04548944498733798,0.48196201708028896,0.01629194434757597,0.05316861338573098,0.6410160913613718,0.970441840841432,0.43694577376837346,5.557100634201012,0.05133489789164234,real-commons,-0.03125000000000001,0.0339848852076694
141067899.jpg,422,3,0.7606001157743494,0.5919601116761826,57,0.08031380143576204,0.8415151664186122,540.5732892425435,61.24802218718438,4.020293159590594,2.6409334651314293,0.11675368959607015,0.1581198556186474,0.0,3,-0.2942485954986426,-0.1266768573224042,0.16757173817623838,9.0,2.9197383613584114,2.630044798507604,0.13015430512059334,5.287710497885766,0.2874773366522838,0.07757842179793739,0.05257588332265595,0.24833458859627955,0.03914274805600426,1.4776618418467335,-0.6424395671467575,0.4912455340482363,0.32711861427265887,4.34414798853874,0.005240343105313129,real-commons,0.0,-0.2942485938337318
141067903.jpg,487,3,0.8304068742160502,0.641485896138746,115,0.18136292749121538,1.287620887800593,599.5681227525067,56.17924185426762,4.123790380301571,2.8361573521732852,0.15909913540447346,0.12637877203063413,0.0,2,-0.033104264282539875,0.05654613832920341,0.08965040261174329,9.0,8.044309668713488,9.139528373672658,0.44422630215231296,11.546524707535093,0.9196857623306065,0.06421420776730802,0.38001209438500494,0.3080582868803159,0.6116274754502906,5.846801675905998,6.966741425108019,1.1861806473388272,0.90415170575584,5.472290119342312,0.01505916948117826,real-commons,-0.02500000000000001,-0.03935840432588655
141123623.jpg,452,3,0.9609607608518549,0.802799286752867,215,0.3691488317575944,3.1201049075268896,7610.4792412279285,4.815427582895004,19.022477425595582,14.680919563553296,0.6688903907069513,13.862907286199617,1.0,0,0.20372148444138316,0.10756888461947411,-0.09615259982190905,3.0,7.289825796435964,9.470448253428403,0.14882685514088578,5.826051026124159,0.0836515176842636,0.21085959491321304,-0.06203273977232726,0.19255406197878333,-0.10890254429451973,-9.968749526035811,-5.875039573017788,10.22660601186438,7.006222310508198,34.459796364547245,0.15118490428689033,real-commons,-0.175,0.20203632759504442
141125806.jpg,447,3,0.9776354747611503,0.8022075954885786,217,0.3830959736051064,3.118574855537807,628.3280191129733,53.97840789533679,0.7654122683183289,0.5003067600902915,0.06708593663676805,0.06931468295275744,0.0,3,0.13475939719865548,0.2226516974464673,0.0878923002478118,6.0,9.001445091753453,7.977062505089624,0.5794780326225428,10.187534029654909,0.7756322410628202,0.06969085765736782,0.509787174965175,0.1568803596132149,0.6187518814496054,7.530565013986646,8.54323884475299,0.4724380345621715,0.18284085885502155,1.1241292941788392,0.014030758589545455,real-commons,0.062499999999999986,0.07065302617140257
141990277.jpg,458,3,0.519712694013114,0.32246101873260746,49,0.0537797383464779,0.6010233651211039,15624.333853558552,2.34660711588077,7.0955723702592906,4.808932459126309,,16.840916770959787,2.0,0,0.12160414319489465,0.17841033859086897,0.05680619539597431,8.0,9.128919480353215,7.179980698886273,1.3352208993654964,10.524902360409328,2.34569308683712,1.9569435677274427,-0.6217226683619463,2.6491534151913396,-0.30346032835421966,7.944031182204391,4.729507767572257,5.6905002330676675,4.790638440997512,17.431703003457322,0.07226916439996696,real-commons,0.175,0.12138805684539
142113018.jpg,509,3,0.9164894993398902,0.7416047269507886,191,0.27009519749903554,1.843303060327399,1101.1214832408998,32.409081856581906,0.33558931228439803,0.2139259660394781,0.11017166392896569,0.049956386080545756,0.0,2,0.142102357843639,0.06741057543516427,-0.07469178240847474,8.0,5.586365349378811,4.443977030172393,0.5795845259589201,7.082164033010151,1.3523164364472384,0.6059142267305453,-0.02632970077162522,0.6955036662020535,0.6568127702451849,1.1565704584709664,3.0380370811427344,1.771176578523078,0.4524353939998934,1.4979256842082591,0.19195941499025823,real-commons,0.175,0.12913786193913557
142113033.jpg,405,3,0.9247114652965818,0.7521232392324232,164,0.3079286169782371,2.2202971848882918,659.7138594586872,51.75222336031982,5.364890139264162,3.3815735766205246,,0.18275424345151853,2.0,2,0.5037833637519815,0.11690156883058123,-0.3868817949214003,5.0,3.38652808842767,2.81105616011418,1.2496476516523756,6.406712809185402,1.3850618788594682,0.1377185852916396,1.111929066360736,0.7483495431007743,0.6367123357586939,2.337188487462326,5.056616225013248,1.332016478154967,0.9856087236159645,6.149402619825929,0.1286673937783162,real-commons,0.02499999999999999,0.5144522795580655
142127097.jpg,557,3,0.7501749705689037,0.5969092538112882,102,0.11948512881206047,1.2373193036352375,463.151991178991,69.282578112466,1.9783246993196144,1.2214429385996965,,0.468241048293223,2.0,3,-0.05717154653498002,-0.07427810888896014,-0.017106562353980115,6.0,8.083274056613503,8.039497768571877,0.2576796396847465,11.578412472385265,0.46170190128836675,0.09784487679392173,0.15983476289082477,0.1541897946225661,0.30751210666580064,3.7895508691254403,6.774266349798737,0.6240527331009579,0.07407969872479271,2.077909898111069,0.009669564640297406,real-commons,-0.012499999999999999,-0.07801567188323721
142127098.jpg,336,3,0.8928882109898758,0.7358401729323076,143,0.3297239287733592,2.977339203199138,500.0954404947181,65.2285563405539,4.579308620641996,3.0424069818921655,0.3119840942023572,0.06296812517643197,0.0,3,0.27191574101986493,0.08806810704420842,-0.1838476339756565,8.0,5.8211892040770294,4.179311870547059,0.15930732234934464,8.707850294395787,0.2965202816667909,0.036775084146167814,0.12253223820317682,0.05470820950985278,0.24181207215693812,4.367178002194297,6.026893051364656,0.36966542829287197,0.3295909602721539,5.183686702454458,0.007458952075104869,real-commons,-0.043750000000000004,0.5133290319931653
142127100.jpg,332,3,0.9299715163482353,0.7604884157853581,140,0.3203757835756402,2.986769781673188,486.2825130535882,66.69412584781763,4.423933389655559,2.800637120503831,,0.1282718589555556,2.0,3,1.2265359136772975,0.23292488235659492,-0.9936110313207027,7.0,6.618212333874022,5.656098636961143,0.30740755991638125,7.578024896382498,0.4329794832333671,0.21290947802939142,0.09449808188698983,0.36421456661906904,0.06876491661429807,2.9213047408706156,3.5941327941091523,0.49972463558076313,0.39020065052138775,4.979248479101543,0.01318263477367422,real-commons,-0.02500000000000001,0.5019325412306087
142127101.jpg,317,3,0.9403912843298357,0.7966653539682557,105,0.2145767725894261,1.9786930845258752,1185.352093348451,30.215089632539293,79.7288133076916,46.067862773115515,,10.876739262765058,2.0,0,0.31013166243447,0.1915777459886031,-0.11855391644586688,3.0,4.741688948367044,4.544725668576916,0.4003605678939186,3.6572921414776256,0.31946662480414734,0.06364564452685517,0.33671492336706343,0.10579567050303051,0.21367095430111682,-1.440752289328727,-5.418067010968054,2.058611183886387,2.595161443669668,84.30951148244073,0.10429710081340854,real-commons,0.175,0.37587156480680084
142127106.jpg,478,3,0.8784684527003556,0.7167579652529927,156,0.24278475435180003,2.220401470745756,850.2397644947083,41.249104268201364,1.09536957565156,0.8726441865946043,0.14010115529147546,0.17778410099476563,0.0,2,1.410830270346253,0.18259284013710997,-1.228237430209143,8.0,5.4315802851051584,5.231779030261122,0.24250231960728552,8.162550018079058,0.5520518943194945,0.2767336824979951,-0.034231362890709605,1.401227653429029,-0.8491757591095346,1.159819012103065,-0.38511238612264975,1.1417135048654043,0.3829458688030553,1.96070471112832,0.03403394248150936,real-commons,-0.1,0.363837333530568
142127112.jpg,569,3,0.8237500294999284,0.6579762401389523,152,0.17478021763076673,1.5307122405086537,929.5169300480661,37.99356934515882,0.2621025278932194,0.1571120310172033,0.024013915853947528,0.04863133687269365,0.0,3,-0.014204982599621552,-0.028258561328197818,-0.014053578728576266,7.0,5.92628354073709,6.530013590285887,0.229142906464892,6.3370402578600284,0.23861794413615733,0.3306011307668282,-0.10145822430193618,0.39982058065208426,-0.16120263651592692,-0.7165236059717319,-1.6014003061000626,0.4803544196038106,0.1711281796168174,0.6239924688033758,0.011566867582405662,real-commons,-0.13125,-0.14724279290619036
142127114.jpg,336,3,0.8706011524768109,0.673907358337255,60,0.11391758383661507,1.0635847805748706,929.7996274902421,37.98284554489283,0.9167497538732334,0.6203742879949546,0.5409740882663413,6.6447692821634305,1.0,2,0.9883607337047342,0.179232878385305,-0.8091278553194292,6.0,4.524808855211081,2.829017797566011,0.11688536756818291,4.920964214561512,0.30313256127737276,0.4935588480215509,-0.376673480453368,0.47510383331928496,-0.1719712720419122,-0.11601457216003741,-0.4580557284776292,1.1649082796200954,0.17848207352090306,1.385304405326332,0.023277538592611818,real-commons,-0.0875,0.9873923835712672
142127115.jpg,343,3,0.8867132826020059,0.7184313701613247,150,0.36197220100063204,2.3773466969432677,546.6054451909899,60.692093200106264,2.8995313433048437,1.7682788944429317,0.08156993385401366,0.09539336400364079,0.0,3,-0.15592513912007455,0.025442393896941806,0.18136753301701636,9.0,7.53018835084502,6.813065035155752,0.23824394875547972,8.47409777617665,0.36740419907015864,0.039816491030300494,0.19842745772517922,0.06611322837516154,0.3012909706949971,5.804950176302,6.770213659358955,0.5346219851878855,0.22814955956080268,3.4404086291178855,0.008338309376695819,real-commons,0.09999999999999998,-0.09874870010026693
142127124.jpg,448,3,0.8031632888497615,0.6341763412338125,88,0.12563444768392035,1.116003977760697,1009.8030097142622,35.1661391795742,1.0975168499752783,0.8915049044032465,0.21309004846152688,0.6145414271325507,0.0,2,-0.09917636246455619,-0.053595474952057964,0.045580887512498225,5.0,6.735846520636125,4.238211784366298,0.8178537828687871,7.581580583675122,0.9223414356562696,0.458147981285427,0.3597058015833601,0.7615745841448271,0.16076685151144243,0.34122625855696676,-1.7700958991248141,5.598951770145288,0.14997859953877088,1.1946962901642082,0.023591180472728596,real-commons,-0.1375,-0.1262285937126928
142127126.jpg,598,3,0.8253219370687964,0.6578432238309537,106,0.11156356110304938,1.00040504445496,869.3656685401246,40.41575499991192,1.4195642344210455,0.8452970805987201,0.16905129434668315,0.4702214640296263,0.0,3,0.19784209933505448,-0.020915502526615004,-0.21875760186166948,6.0,4.079957402937773,3.84660188180833,0.2842434266736822,4.794588328765594,0.35170579955546666,0.369521909009082,-0.08527848233539981,0.7986265986002858,-0.4469207990448192,0.5862753283468978,-0.9351570597444772,0.28388180782475514,0.18413575213136682,1.7293374865723627,0.005280713109196808,real-commons,-0.06875,-0.015308517056385584
142127127.jpg,289,3,0.9332088286406471,0.7661277030467056,104,0.2631388697624091,2.333420548493362,1505.372717563943,24.001686118426445,57.69452495723513,35.058302629408225,0.44672728543097495,8.026379979462378,1.0,1,0.22550370090244432,-0.008021660599219826,-0.23352536150166414,2.0,11.111824801820571,11.111824801820571,0.2950346288805852,5.555912400910294,0.1475173144402926,0.2325258467111082,0.06250878216947697,0.1162629233555541,0.031254391084738486,5.223117260482565,2.6115586302412788,2.1428457777194736,4.552911596817139,62.006361341010845,0.08309645285713935,real-commons,-0.175,0.2260682004997292
142127135.jpg,318,3,0.8339526056929174,0.6645614663144171,88,0.20114912334504778,1.6922542494522608,441.5709298238193,71.86058921397708,0.5209459183917886,0.37423502289193933,0.1059689247218182,0.13981573773563208,0.0,3,-0.29894593907880074,-0.15281599355583375,0.146129945522967,4.0,3.2282385035074572,2.4819210311093696,0.4878526505347702,3.1944520732663566,0.4878526505347702,0.11675869778826442,0.3710939527465058,0.2360398961123531,0.25181275442241713,-7.567379550968932,-3.385798532641796,0.46418048720841304,0.11921795913251669,0.7357439079743238,0.008238816962630641,real-commons,0.012499999999999994,-0.32170111077693775
142127137.jpg,600,3,0.7181326531470916,0.5590336063018966,114,0.11265309948368697,1.1429079263233235,456.1892472282014,70.09649869976003,1.1569538301355777,0.6951029469429788,0.11558064653845969,0.08316533984197014,0.0,3,0.14790310723966282,0.0458147647201963,-0.10208834251946652,6.0,7.800512161934513,8.381273398990052,0.19304591898381585,8.99730381267142,0.2681865004783188,0.15310018235627876,0.03994573662753709,0.20291078197778933,0.06527571850052949,3.9546947379183157,4.060279224298777,0.16638610182168423,0.11573661796817195,1.2862004369449138,0.003670449128516745,real-commons,-0.012499999999999999,0.13577586161117472
142127141.jpg,586,3,0.7398076407285885,0.5752890082120914,98,0.10737024953274747,1.1993002287907402,452.4339443388488,70.54243663833529,0.789159938845799,0.47286987506963346,0.10061349345880674,0.5884335151118951,1.0,3,0.3018856728606226,0.036734213324371656,-0.26515145953625097,7.0,6.600000431304368,5.67053300584745,0.2814851139804677,8.42338978183316,0.4021215450311786,0.051112465976705934,0.23037264800376178,0.05275998796688919,0.3493615570642894,5.211092378577215,6.658586913644048,0.34108184125136487,0.10434864128105827,1.0489045575484717,0.007640429466022162,real-commons,0.006249999999999999,0.3019676922859207
142127144.jpg,541,3,0.8158239907145547,0.643438627938102,102,0.12621155625137243,1.2105300176994698,565.5472132953998,59.00441761502292,0.9363584586923821,0.6567356142662085,0.11094520391374771,0.07483920985390542,0.0,3,0.32629278661558136,-0.035348421758482074,-0.36164120837406344,7.0,7.601243821033472,5.553393162472459,0.5091244682243747,7.906361632531195,0.773262610110732,0.21529124417697298,0.29383322404740175,0.38283703065466357,0.3904255794560685,3.3670876468963717,2.5824007201377706,0.18403092366202098,0.05915485660828251,1.0100332822284264,0.005839255247831529,real-commons,-0.01875000000000001,0.30800221184405596
142127145.jpg,355,3,0.7986582848627397,0.6247271366243758,89,0.1686493660163976,1.3550896780219635,466.00575596666937,68.95374432712026,1.4944589088345026,0.8794728879496932,0.4750768741258322,6.303947874743877,1.0,3,0.11869393798437244,0.04344247196615225,-0.07525146601822019,6.0,1.7478871142000674,1.6987194921006,0.0626490564906872,1.7830793525552788,0.1838852564237623,0.0774879246221416,-0.014838868131454408,0.20001422479464148,-0.016128968370879182,0.6216143073783276,-2.865212088554781,0.29315614870949736,0.1957117027779945,1.7666841207128041,0.006136411191973188,real-commons,0.0,0.11869399063037223
142127147.jpg,370,3,0.8459579545761196,0.6575729530586574,96,0.18360061786817222,1.4297604386480296,475.90393793523225,67.83413611618668,1.442485891735302,0.8778987632606445,0.15609916036461566,0.45663997470496825,1.0,3,-0.24142156360753286,-0.04604354771952446,0.1953780158880084,8.0,3.4068985789267754,3.63244783555507,0.2164225999573759,4.824307348885792,0.2793363768423771,0.04819364970812989,0.168228950249246,0.08809627564983469,0.19124010119254242,2.0372848011492093,2.5617306018780126,0.4854526633503376,0.19257076939851342,1.627909055977804,0.012598571677936926,real-commons,0.006249999999999999,-0.237859305580163
142127148.jpg,513,3,0.710903789492521,0.5514606724799631,72,0.08684699788894991,0.9237973099170937,996.7003838433442,35.59942834845628,87.61854017943907,50.59551818746794,0.45675043892448147,16.352411883891904,1.0,3,0.08496964912905058,-0.03696760412670419,-0.12193725325575477,7.0,7.627679246491626,4.850140923344136,0.9043349555977311,8.62770224295261,1.353168558170624,0.31350999294912407,0.5908249626486071,0.7466719843972172,0.6064965737734069,3.179970751709166,1.7831830237659174,0.5709014051888637,0.1376726483288373,87.90444429968106,0.03706617765188246,real-commons,-0.01875000000000001,0.08822425046279103
142127151.jpg,364,3,0.9623141930876902,0.8002260733992066,141,0.28307515215426726,2.0079533219639973,623.207949357075,54.35848209592228,5.860965768636618,4.314260747062447,0.4255874169468961,1.4899309894266906,0.0,2,0.3731441345877218,0.10641022883467022,-0.26673390575305156,9.0,4.543468010534776,4.264638014086023,0.4337679110060413,4.111713074388798,0.6159400015952903,0.1666171587139007,0.2671507522921406,0.21367250458352816,0.4022674970117621,-0.2855214215158286,-1.782106150147185,1.121690251547636,0.4130310544620506,6.527640234719363,0.02000550358934506,real-commons,0.0,0.3731441596161942
142127154.jpg,350,3,0.8784176138985854,0.69369437081224,119,0.23693544589886095,1.686477668248862,545.3882150255466,60.803537910749185,1.046825830235349,0.8519923290269111,0.06688365532222264,0.10978555131905202,0.0,3,0.05762163992017122,0.04225341299871288,-0.015368226921458339,9.0,5.052196996267577,4.477755224352323,0.19631342465992851,5.070756539820866,0.5886106332217533,0.0654918681817005,0.13082155647822802,0.13171162634223021,0.4568990068795231,3.293104799825705,2.5835214515467633,0.7230750842648791,0.13310049968169338,1.5382842225911495,0.012735773973047534,real-commons,0.0,0.057621626292260864
142127155.jpg,474,3,0.9313778782604286,0.7664951356687913,158,0.2517813607821825,1.7666023801696704,916.5456225398541,38.491969730273276,2.8007864531151228,2.1920628389217214,0.09888073452893979,0.1096507959279761,0.0,3,0.05227293862917737,-0.02979083475357136,-0.08206377338274873,9.0,6.233954080554655,4.297474981234729,0.14107494929140696,5.785281392162618,0.23249672161166846,0.07154336403088468,0.06953158526052228,0.14160942387242326,0.0908872977392452,3.4188031818787086,2.0940885513796155,0.5862285580752009,0.409048515500087,3.4248820863427016,0.00896837111336527,real-commons,-0.10625000000000001,0.09579525539108191
142127157.jpg,546,3,0.8501551065904162,0.6890295238200799,127,0.16397120212166633,1.2823815992303498,1035.5816034755767,34.34283182013178,1.259060635080047,0.8078913188597721,0.09149327728771442,0.2261495546885026,0.0,3,0.29586598415916754,0.04386893756550592,-0.2519970465936616,5.0,4.345089019235797,3.9125007557377143,0.10301763882064918,5.2968610609458135,0.1363810478631562,0.20828598934601894,-0.10526835052536976,0.48177964213192137,-0.3453985942687652,-0.5036923020292043,-4.683528815322893,0.9345743612908191,0.21023607751567844,1.4694278477329952,0.017935088927567525,real-commons,-0.14375,0.27601790410708793
142127166.jpg,576,3,0.8986852821098148,0.7273795152882185,150,0.19086013790909567,1.4196324567023006,1015.7678342437216,34.972254952137305,1.088689353568725,0.6371012518973009,0.09488888653055806,0.26931217072723584,0.0,3,0.042617491441667266,0.040588350853665967,-0.002029140588001299,7.0,7.448938619693235,6.338953161361063,0.6200731686737653,9.54402339967575,0.7157615466199689,0.06610013985241903,0.5539730288213462,0.0947301443105455,0.6210314023094234,5.63907210345789,6.713659228657368,0.8566677917473646,0.1403369210853045,1.2838345424777835,0.017914510807342944,real-commons,-0.1125,0.07358109628727205
142127172.jpg,352,3,0.9512470815202504,0.7791379567744825,151,0.3385598787824907,2.0929894700916822,520.2482063512709,63.19059890564194,3.8465736456109454,2.889512858187432,0.11357364219891052,0.1003262711415441,0.0,3,0.4485659163990172,0.12078609975230625,-0.32777981664671096,7.0,4.533631263690526,3.369572536982456,0.16369348544232576,4.130025342606151,0.3330548455033755,0.02347284967745944,0.14022063576486632,0.037817234523314536,0.29523761098006096,3.2190593960815086,2.4686946445695837,0.5096212876894015,0.2928149895790789,4.28944280931609,0.0075629645724493945,real-commons,0.018749999999999992,0.41171150841271165
142772811.jpg,231,3,1.0524151300206743,0.8684293863830933,84,0.2360065970870863,1.8280119009833804,711.5996173617815,48.426048814382476,85.2118095159199,49.23570413676032,,57.286640284207344,2.0,2,0.008903354773957206,-0.11510826758065806,-0.12401162235461527,2.0,18.338226905876198,,1.62823916670101,9.169113452938099,0.814119583350505,1.1572596818191174,0.4709794848818927,0.998644119661888,-0.184524536311383,-2.8336098619471315,-2.000776906427678,1.9379083304935196,2.16332462540838,85.42402683113919,0.37217122092192473,real-commons,-0.006249999999999999,0.0780659519421143
144073369.jpg,456,3,0.7700470797302342,0.5886006700544926,149,0.20650350600820233,1.7060346668692936,427.9892403113594,73.56963274789712,0.6370733904895047,0.5291980404659867,0.020134532421612936,0.01787749612127853,0.0,3,-0.11330738455009814,-0.04313618520441409,0.07017119934568405,8.0,1.7706850061109076,1.6673840100428137,0.05870800594396197,1.8557780167745486,0.059376113995494695,0.024351438303656714,0.03435656764030526,0.04383090100872877,0.015545212986765922,0.819993059240316,1.1034136206378418,0.3895800196141905,0.110902551559076,0.7690358686597484,0.005869391852013704,real-commons,0.0,-0.11330736646963513
144073372.jpg,430,3,0.863940495890126,0.7033011786602219,139,0.23975997148127998,2.2455687787462653,703.4620668016798,48.92091558781596,81.23541895689198,46.9201565064247,0.20720521528986466,27.6217991325058,1.0,2,-0.2668463077022295,-0.18176953810407404,0.08507676959815547,7.0,4.372639005547738,4.545112368704706,0.1396965717248193,5.209119111342606,0.19279175514942892,0.3931325809374089,-0.2534360092125896,0.294602113196087,-0.10181035804665806,-6.016390694702489,-3.293162671997468,1.7058151985392107,1.1017371588974043,82.54235472664449,0.034915824113765585,real-commons,0.012499999999999994,-0.27996691812907015
144073375.jpg,426,3,0.9154685787986369,0.7435454816731472,140,0.25052182409623835,2.315318816215254,601.2865718487305,56.043116071510376,78.8014614358517,45.616998577182066,0.04425294079149786,25.771219250229606,1.0,3,-0.2058431343640037,-0.14821787810014642,0.05762525626385728,9.0,7.491748847537801,6.7379034665623125,0.20283466570990383,8.897447890463953,0.2520373350389833,0.2726016913153826,-0.06976702560547876,0.3644140601862338,-0.1123767251472505,0.05990282137698344,-0.45054241266409,0.6354332746474111,0.7843414464991993,80.3824153582874,0.0334489021096248,real-commons,0.0,-0.20584310859375643
144073379.jpg,388,3,0.8437884962692049,0.6728310511462696,201,0.42077392720519524,3.3111220512428075,344.04609682814345,85.85228150639925,1.7745028739755497,1.2380691707200908,0.15749459113327038,0.10170802110038521,0.0,3,0.5517189697838449,0.08003649153406212,-0.4716824782497828,7.0,5.732679676204787,3.7938384734629165,0.18447663429072225,6.213539138070356,0.2408847379152399,0.27713987441110755,-0.09266324012038529,0.3460291508912321,-0.1051444129759922,-1.3291262363742904,-0.8983759835061367,0.5286771435742913,0.1361564555375134,2.027784218737502,0.014161664702142845,real-commons,-0.012500000000000011,0.55849924967072
144073382.jpg,377,3,0.851679048117323,0.6793086095060259,139,0.30113280115755836,2.1128056019053787,441.7493814585246,71.83859091106791,0.7125049651698703,0.5173967728463089,0.017387850912918584,0.015140093090962791,0.0,3,0.20686375397205847,0.04708937624976628,-0.1597743777222922,7.0,2.573471403013269,2.5325018249710043,0.06138743614502484,2.3895784707193117,0.18441708718670125,0.025219560595541424,0.03616787554948342,0.11608088488872337,0.06833620229797788,1.6858140351582809,-1.5585847141059532,0.4837406171140665,0.09752069535399942,0.5943630008508102,0.006365339567582301,real-commons,0.006249999999999999,0.2516056397010149
144073388.jpg,342,3,0.7171139479208744,0.5739418241674006,101,0.1925998482463964,1.744992765429596,433.3566832560067,72.88593292390115,0.4032537050034506,0.2805305484511639,0.007933747135741744,0.009410337730526077,0.0,3,0.24447262984784213,-0.02182737256009637,-0.2663000024079385,6.0,2.169111212390203,1.7611473483761642,0.030747963127891964,1.9768397439152734,0.07244543229328348,0.05621958064152732,-0.02547161751363536,0.07869112776410381,-0.006245695470820323,0.04681480095384005,-0.49022586210449903,0.40955502104026037,0.18601800108693758,0.7183827386833187,0.007038147628391759,real-commons,0.0,0.24447267944347573
144073395.jpg,354,3,0.7228027617869915,0.569637907418886,102,0.18863799912046514,1.699231119700897,433.51008107960405,72.8665540788645,0.16033214772137683,0.10665208430765453,0.0031670395224347903,0.003802032612497623,0.0,3,0.07535833290013783,0.01764002500908124,-0.057718307891056586,7.0,2.1788057851014626,2.1454532258727754,0.05566832101775798,8.175658012555298,0.3097749310826625,0.01601025922808752,0.03965806178967046,0.0435855948970203,0.2661893361856422,1.1439070804547753,7.0800529166916135,0.3438752542943986,0.13719638606546822,0.5389947887354388,0.005111425109535259,real-commons,0.0,0.07535833363256084
144073397.jpg,321,3,0.7609067480749446,0.5964414509640982,86,0.1759903076824102,1.668825358479524,432.0384813605734,73.0528287748451,0.16672723101700626,0.12056369967877936,0.003150647163603153,0.0033687935278403002,0.0,3,0.08527334688084487,-0.019777500683618054,-0.10505084756446292,7.0,1.3971028474221048,1.3971028474221048,0.03830061915356531,1.8459278480066164,0.05794238081113612,0.029785425835737733,0.008515193317827574,0.09598378998725332,-0.0380414091761172,0.036666297337789144,-0.8920246981406612,0.5976010757221859,0.13902191758624738,0.5099959652730323,0.007542746097464365,real-commons,-0.006249999999999999,0.09321613278149044
144073708.jpg,446,3,0.8801155536195377,0.6969528933727994,215,0.34192449102123845,3.1288596863535574,753.0638789716455,46.04426258200081,39.68695205142204,27.929602183671854,0.959470354853353,11.062330921328815,0.0,3,0.3171649070359106,0.06460381685924843,-0.2525610901766622,5.0,3.0320579591238546,2.018213529251531,0.0937177925604642,4.906302480553184,0.17899266845701334,0.3757215529964153,-0.2820037604359511,0.2881420537260442,-0.10914938526903084,-7.642167100835962,-1.036377093952355,0.3501449406520155,0.5147836699884969,40.27399585074032,0.008642434177597066,real-commons,0.175,0.301395667395421
144073745.jpg,428,3,0.8540616603567279,0.6842985646094913,163,0.25926334253386,2.3337830122703354,450.7192465983153,70.74770092333611,1.3693817298470208,0.9000990200265704,0.027177783550442914,0.031447498148761986,0.0,3,-0.04123044162866407,0.0779636879471357,0.11919412957579978,8.0,5.621469878200862,4.869477600128789,0.16019707920276582,7.5333025460282474,0.21649345192622782,0.07476748921558807,0.08542958998717776,0.19747306413635135,0.01902038778987647,3.483886710851871,1.8010595234783873,0.5691920244971156,0.24353178160179118,1.7174774407548525,0.008230266124373994,real-commons,0.04374999999999998,-0.08684964160418485
144074254.jpg,428,3,0.811790654927269,0.6296802726896374,158,0.27199065267135214,2.544436840366208,412.3043867972117,75.63191019463032,1.963744753805443,1.4060370430712836,0.03693656720863669,0.03604658926226511,0.0,3,-0.2119986832443258,0.11106186174290611,0.3230605449872319,9.0,6.244400690767286,5.55913047022227,0.1661220909821255,10.905141584793691,0.2812299250883652,0.08009110169143119,0.0860309892906943,0.17595155613098123,0.10527836895738396,4.058679846916135,6.129580685033707,0.5055407661963401,0.19595929182772415,2.2347668238345646,0.007391048515006879,real-commons,0.006249999999999999,-0.18000639413119912
144074378.jpg,476,3,0.8539725571784613,0.6826811888142984,204,0.31480304367862927,2.741498966179292,359.94620886787754,83.27558146517771,72.19973249690561,41.97327854186117,0.26676035842730034,1.0071785661856314,1.0,2,0.5073372487989501,0.23827609217671364,-0.2690611566222365,6.0,7.018502965015817,9.471376392883052,0.2537962387919048,13.640787512543799,0.45498759507514697,0.13375468658280631,0.12004155220909851,0.2879044112307221,0.1670831838444249,4.548741279335877,5.071767534070837,0.7129625819210008,0.4379594212487176,72.77213140311218,0.007591235433988875,real-commons,0.02499999999999999,0.49299049193390976
144074831.jpg,454,3,0.7590708944125855,0.6144841293499352,205,0.3311655392824776,2.8531680306823453,368.25855425805224,81.9783241186312,65.53531829310832,38.21108810157988,0.44526382817763815,0.6965165469956006,1.0,2,0.11943155968421315,0.11149555320435145,-0.007936006479861701,9.0,12.43442177991969,9.30599531933474,0.4226507555599892,13.782434380132997,0.4897490039678196,0.037069318641118176,0.38558143691887103,0.08830945865602624,0.4014395453117934,11.615386200465405,10.662122022964011,0.7391648624974008,0.3576378916393227,66.18162604920266,0.012533289491360653,real-commons,0.04374999999999998,0.08494153249671177
144075120.jpg,582,3,0.8861896405187035,0.726623765572952,306,0.3460246196617195,3.1760870752937427,501.4353369094333,65.08943449995398,15.537032223562477,9.949317675019502,0.1096442483861131,6.698674880499861,1.0,2,0.1650858000096338,-0.03623064539717502,-0.20131644540680882,4.0,6.426154581235405,,0.7219594649181391,6.239593836789021,0.7219594649181391,0.14685802022051897,0.5751014446976201,0.11396105808168455,0.6079984068364546,2.690159188404826,2.351772865617709,0.24688863261990687,0.2762333804460522,15.994516682513574,0.00676318454527982,real-commons,0.03124999999999999,0.08795508299396393
144075360.jpg,465,3,0.8725919870023949,0.6933480484841927,227,0.3513357560744371,3.19699662059864,779.032710893365,44.662364387944805,43.22193598530893,28.975492224523766,0.9781059351461209,16.068436200350074,0.0,2,0.5743073306758312,0.16354710988529264,-0.41076022079053853,3.0,13.041514843539991,13.041514843539991,0.9584265753930712,12.53173712515096,0.6697648477499616,0.36262107114038944,0.5958055042526818,0.5621116300976658,0.10765321765229574,7.071165275435937,3.9807203914558933,0.5511739265268323,0.6744907152377928,44.26156588230127,0.017471358007215273,real-commons,0.15625,0.5909399072162499
144075366.jpg,449,3,0.8383511595967749,0.649063370542407,224,0.352012347138733,3.2386611775090746,644.3599395561911,52.81953800155773,40.36520237956325,28.79591908363396,0.9670599283250295,12.619712209399705,0.0,3,0.5547984944258517,0.1482862291391236,-0.4065122652867281,6.0,4.671833893679056,4.671833893679056,0.19456272301082134,6.825720095119237,0.19984253447602196,0.26682526088624847,-0.07226253787542714,0.3237188944432017,-0.12387635996717972,-1.3046495014365282,-0.5337459879024813,0.4689858522502132,0.5061911849514847,41.15865693027388,0.01160685902467632,real-commons,0.14375,0.43977252437235714
144075889.jpg,439,3,0.8510625972927149,0.6697793151276289,239,0.36462061652456174,3.2759718187995057,663.9708370079845,51.46337960442585,52.6579294516206,31.43813107292015,0.038990704359514884,26.724932947791658,1.0,2,0.5702652442770787,0.104566866096795,-0.4656983781802837,7.0,7.922996684235714,8.904793859875157,0.36576401737823705,11.895520440412795,0.5760195694681083,0.28953992413231777,0.07622409324591928,0.48941232427743264,0.08660724519067564,2.5540111630113556,5.21184888654469,0.9234054872094245,0.7050577928470465,53.750588214302034,0.01856346932108576,real-commons,0.11874999999999997,0.7189739206209574
144076339.jpg,540,3,0.7898190837968713,0.6171302421454006,200,0.2178907615388853,2.113111524056032,306.7564835970971,92.42098714500621,28.84304777791501,22.49810985312885,,3.291038656381428,2.0,3,0.34913846961117023,0.15887547009991787,-0.19026299951125236,8.0,8.614274317247052,7.952431637687083,0.3489187949863446,9.652457606794929,0.3855562291560162,0.11024560315864473,0.23867319182769986,0.19192413541479247,0.1936320937412237,6.248296830140785,5.373012823903866,0.19459468022674556,0.19410947988137273,29.070713604103915,0.0038794422450908503,real-commons,0.006249999999999999,0.3251126298193442
144076551.jpg,427,3,0.9189268972989032,0.7437077449267107,197,0.33849743445315505,2.908294059533434,361.14070614350555,83.0871004347618,65.13093358669255,37.98761936258477,0.2255962115949395,0.7004577548501311,1.0,3,-0.2103812778868578,-0.051688714537180935,0.15869256334967685,7.0,5.033417157721035,5.396154063932798,0.21440668662179974,5.914210182678895,0.21609379526358374,0.013667641308919176,0.20073904531288056,0.11421214681198144,0.1018816484516023,4.0643230295681505,2.609969312621938,0.28929743854979095,0.2350709176652758,65.51656511182514,0.004592531694760476,real-commons,0.006249999999999999,-0.18628891031939332
144076553.jpg,430,3,0.8970362447289666,0.7152853819470208,202,0.3427373774994152,2.920679173331934,359.8791751310927,83.28617950942596,65.07177322709931,37.94510827125901,0.2188851611168347,0.6886921696981343,1.0,3,-0.09676981841858479,-0.03364762734005389,0.0631221910785309,7.0,3.4956903234039873,2.6546055802954776,0.0893925626999188,3.737222671388684,0.1488624968529142,0.02045245986550448,0.06894010283441432,0.04530950876602802,0.10355298808688618,2.4555376329312835,1.5104519070484144,0.261523848573779,0.20318237236737985,65.30334362054998,0.006134409500820621,real-commons,0.0125,-0.08032164506244133
144076561.jpg,374,3,0.8051312405541148,0.6383867480135625,214,0.44950191469896994,3.745936629022732,1121.2981128283468,31.85574615516128,6.297118508498869,4.959708704215998,0.14534204516157237,0.3219197438676751,0.0,2,-0.12055144723770073,-0.08042660869039664,0.04012483854730409,6.0,9.75537706232015,6.632046883548976,0.3609610046546221,7.724517744300474,0.37561856879883804,0.06084508498661778,0.3001159196680043,0.08123820407045734,0.2943803647283807,8.204639731535398,3.766232981978899,2.734591345621319,1.400311506822252,7.464480625419876,0.04198577658402344,real-commons,0.062499999999999986,-0.1271601087353652
144076565.jpg,214,3,0.827521943914531,0.6742753924567114,37,0.10156246588889048,1.0790927221674689,585.1560045933282,57.345209103090816,0.5853870335726015,0.42173437774213596,0.20145239211057722,0.2842911346858304,0.0,3,1.1447200692786992,0.17845957209500007,-0.966260497183699,7.0,2.3194581647715538,2.0427804321389083,0.05681946295233331,2.440310651518897,0.07666853870008916,0.11655135462996924,-0.05973189167763593,0.22764794764688423,-0.15097940894679507,-1.1954956657116678,-3.88203741300393,0.8443397896252752,0.39547319988879437,1.5766072726211653,0.01367451415555838,real-commons,0.02499999999999999,1.277440848929042
144076582.jpg,313,3,0.649376840590508,0.5081747065934002,89,0.13445447935150304,1.463588644455002,4004.2195755607922,9.13824352447714,32.82653501254423,24.893031823461644,1.222859729410056,135.34382714223707,0.0,0,0.13401815957177132,0.016285676611677458,-0.11773248296009386,1.0,,,,,,2.006594858410341,,1.0032974292051704,,,,2.012593259165099,1.9573252108150143,35.284797035216776,0.043444172789100254,real-commons,-0.037500000000000006,0.11776203951338382
144076584.jpg,283,3,0.8256810134003107,0.6479744869384076,114,0.2830537769497066,2.428386778471928,446.4365730676432,71.26493573465545,0.68567711832317,0.5851084595867929,0.031066437445688565,0.02969121358164121,0.0,2,0.9897276502360712,0.06727197902016435,-0.9224556712159069,8.0,4.940074956707861,3.3192298954582946,0.3167271167856103,8.32787645303917,0.4099811071742816,0.07621681796491409,0.2405102988206962,0.16250842144522748,0.24747268572905412,2.7639238954974648,4.8704176547399065,1.0847632577478954,0.34039260675987293,1.5585760421451482,0.015919208904799274,real-commons,0.03749999999999999,0.8860809931997851
144076616.jpg,331,3,0.9538015097604234,0.8074185257336474,179,0.4066977063317757,3.6713914008354465,2210.8160103701834,16.4719226131231,13.911291163182398,13.013306383205055,0.5284458280597647,2.3149480125712767,0.0,0,0.11017161389636809,0.09171205038106678,-0.018459563515301314,1.0,,,,,,0.13691203195091228,,0.11161362430349131,,,,2.9976600698160376,1.6144450822362315,17.118383497885862,0.06039665838178355,real-commons,0.175,0.08851655056544216
144076620.jpg,381,3,0.7777557397284357,0.6117468581317259,133,0.2678597399884999,2.0599511281641774,449.51162031457983,70.89288869924104,1.24302506715145,0.8066377802481542,0.02570455941968922,0.029958613052564403,0.0,2,0.08139170538610796,0.05800065441519675,-0.02339105097091121,6.0,6.527040659528997,6.432675569753588,0.23255235828326537,10.543206291341189,0.3463356849953416,0.0345718857487487,0.19798047253451667,0.047189188600169185,0.29914649639517243,5.380973721795244,9.510786315902823,1.4065932395835918,0.2543748131282987,1.2442208990715482,0.010629998157823667,real-commons,0.006249999999999999,0.08718000370089429
144076628.jpg,447,3,0.7610532023185331,0.6091791696026819,250,0.37270317036983225,3.57970753988271,3858.6044556585207,9.481556982992092,86.4942387377453,49.938914770073595,0.04847824793811012,323.2414311498245,1.0,1,-0.07632325804837636,0.15087199842558152,0.22719525647395789,1.0,,,,,,0.41175534446275464,,0.2583233490095904,,,,6.38360013415849,5.699144673741891,86.88039233382364,0.5929612198388334,real-commons,-0.175,-0.08743265339104445
147110769.jpg,243,3,0.9521945935490388,0.8212783589130299,89,0.25081794875436836,2.268762204807347,876.3189907373862,40.12073000549806,87.5232870345064,50.53592776784652,0.08782754838494511,9.65386996522871,1.0,3,0.3879923568967124,0.011870960715688272,-0.37612139618102414,2.0,1.449313906020035,1.449313906020035,0.22830900280489796,0.7246569530100307,0.11415450140244898,0.17189778624123564,0.056411216563662325,0.27805858527001615,-0.16390408386756716,0.18442604152224074,-5.387830832169601,0.7309590049245352,0.36508801430436966,88.01698733535315,0.06325340051705733,real-commons,-0.08124999999999999,0.4601721021674803
147574082.jpg,365,3,0.8663318820022953,0.7037076827448571,128,0.2803617984302233,2.1397974635457295,1828.1347577827707,19.857138657315275,11.026928072030415,7.724991966362783,0.4357591848609452,0.6632474697925543,0.0,1,0.8505594699226046,0.2485035818153195,-0.602055888107285,6.0,5.383177111989402,5.383177111989402,0.5747698422834571,3.896865381861226,0.5329800373975462,0.348465700445062,0.2263041418383951,0.3467735610206546,0.18620647637689158,-0.25995282707542167,-1.2908254614982617,3.655808395325109,0.651289632501336,12.865205951136495,0.030194955672876403,real-commons,0.175,0.7386407804062252
147574083.jpg,386,3,0.8070561460826448,0.6491558698628451,190,0.3986348976299511,3.087434656217342,1028.9113166144878,34.5522589458431,3.4118456543590696,2.5396128417105563,0.18744227802814797,0.23384630079249083,0.0,3,0.039080075442235906,0.005657170515395493,-0.03342290492684041,6.0,5.903417709634803,5.62883490383166,0.23595751942019128,4.6348206363112805,0.2706442205305639,0.040189608497465557,0.19576791092272572,0.05650571827737583,0.2141385022531881,3.417483439451127,2.3382147222931273,0.6049786804385204,0.33111580420373893,4.118043562374686,0.010016665152659787,real-commons,0.09374999999999997,0.024365733663067823
147574099.jpg,394,3,0.8164372650027389,0.639555729520999,97,0.17569892138672685,1.3603195139321382,926.7591310159894,38.09848998223544,3.142231475072734,2.300173805026025,0.12028043004703888,0.33566961996698097,0.0,3,0.48641613061376854,0.13008891149528845,-0.3563272191184801,9.0,9.14227480546647,9.144626841865193,0.20936750642754864,12.138312899213734,0.47806624202758075,0.17940121833632316,0.02996628809122548,0.34107826223402116,0.1369879797935596,3.5879302747954984,2.7075907182927725,0.4345603847538481,0.27404678345874584,3.4709633328916336,0.008663505315498482,real-commons,0.175,0.5691413055296136
147574108.jpg,297,3,0.9084606457328638,0.7450779744120916,95,0.2834844985727244,2.273054540702261,767.490337201936,45.26674362410749,87.35566879872825,50.44612597565818,0.12820850225892308,25.895379398731944,1.0,2,-0.06923439324103009,-0.047996142955615495,0.021238250285414595,5.0,10.083644666730846,10.083644666730846,0.24730084451121437,8.946739768071733,0.30384927650576277,0.12267594944181415,0.12462489506940022,0.1423874537688694,0.16146182273689336,6.9145639065361495,5.244874283737039,1.5276079411426384,0.3197287089391369,87.55364766483522,0.02534433148593128,real-commons,0.08749999999999998,0.07718732055758204
147593595.jpg,260,3,1.0045428634761566,0.8400756676042979,183,0.6391852794113295,5.51041820296557,325.3347914061331,89.05272713104601,1.8844961891467307,1.2467168132235684,0.17699038613188894,0.1618861461581036,0.0,3,0.1904685582600526,0.01346254606420938,-0.17700601219584322,5.0,16.513166165570645,16.741484992729195,0.26089847728883075,13.440280642250606,0.31881815091738863,0.1643924668606287,0.09650601042820206,0.22721465207449798,0.09160349884289065,9.628912577378713,7.579466126352922,0.4569532622872826,0.22196556277042534,2.1346013360171683,0.008495490593822574,real-commons,0.0,0.1904685547799635
148718408.jpg,183,3,0.7949905828172821,0.6138922176837048,43,0.13289647960967996,1.150681257546205,5311.608277250465,6.895280955988407,14.112859197195078,9.599494227015256,0.6694705896318913,3.9485444700811785,1.0,0,1.4659661171606873,0.10152618084785836,-1.364439936312829,6.0,12.664557039425917,11.999748038579787,1.2455577600997607,10.98355172136608,2.6004185279189787,1.1018418345049419,0.14371592559481883,2.6491531702623154,-0.0487346423433368,-1.177425122695002,0.08588855557830577,5.428307259118181,3.630272812949313,16.863557640955204,0.19933339598962313,real-commons,-0.175,1.4743603141003025
148796159.jpg,665,3,0.7703043396833483,0.5941547612044968,226,0.18295421815951474,1.7739815658073224,16036.008036004718,2.2863815396704537,78.60210753734015,45.41904246218941,0.7808018120424248,904.955734487153,1.0,0,-0.15516502772000718,0.05002642677559488,0.20519145449560205,3.0,8.00008704286118,8.00008704286118,0.49088887128646164,4.750544569831271,0.34081207067840236,,,,,,,11.107937739000597,10.576742548382827,87.34242963790432,0.41159340208637557,real-commons,0.175,-0.1553003695855858
149511681.jpg,329,3,0.797676848130955,0.634858661698459,115,0.2368168088475641,2.2939971765901364,259.2903302985612,101.96552546532122,87.14545953107879,50.32696106735802,,174.24251178623285,2.0,3,0.3654580795552509,0.07241937042998647,-0.2930387091252644,6.0,6.418261568548694,8.20539035284267,0.7610977012464986,7.139500561573537,0.816848881993578,0.7341888670969192,0.02690883414957934,1.6538896901886981,-0.8370408081951202,-2.178347962851337,-3.5199256460672563,0.740137940668025,0.31068654632241577,87.4806676011991,0.253027748850062,real-commons,0.006249999999999999,0.3493751557916085
149844764.jpg,193,3,0.8893117814299086,0.7206446525761304,78,0.2767851827961647,2.2868915042837608,1103.0534058795995,32.35529106747192,4.345182573539972,2.757105894285412,,1.2933765343161563,2.0,1,2.3531229839555783,0.0814709342146871,-2.271652049740891,3.0,8.196511370024467,8.196511370024467,1.2520446195364041,5.75753827903464,0.6461705218109075,0.46962170230059286,0.7824229172358113,0.46412658666653206,0.18204393514437545,4.265597769568565,-3.8893645710974942,4.287182002502947,2.558480885438792,9.216570076976291,0.47161258152170066,real-commons,0.175,2.2482597099699486
150027945.jpg,350,3,0.7523126810681424,0.5673229606132866,123,0.2598150931416925,1.8811687534843926,563.5810000114042,59.17562205083876,3.4877231268245055,2.3908671809749955,,1.0181585524163506,2.0,3,0.31774684067067427,0.10282043921039374,-0.21492640146028053,8.0,5.747497510840956,5.949253874092954,0.7614290498664844,5.86196596142728,1.000584985566297,0.45434501997455135,0.30708402989193306,0.5667333592555455,0.43385162631075147,4.463570642508625,4.208325260149565,0.9487018942641433,0.4242953611351466,4.714026300711905,0.11539441806801395,real-commons,0.0,0.31774684698300026
150116680.jpg,277,3,0.6923500360771653,0.5023690141040826,60,0.07427301136081156,0.7856265259382751,703.6503013495538,48.909361303499956,1.2287981084497233,1.0316636447201526,0.7388644469808648,0.680207179517658,0.0,3,-0.776140185146703,-0.20043481709841315,0.5757053680482899,9.0,5.377521987730828,5.377521987730828,1.1073939681731781,7.479834228307869,1.4242402741558609,0.3436894814939162,0.7637044866792619,0.6251207117250677,0.7991195624307932,3.8060692197715302,5.681235750814452,0.9322863997416695,0.4708444296404729,1.9121326266369791,0.21440951164716054,real-commons,0.012499999999999994,-0.7738472337013423
150198698.jpg,336,3,1.0267457406162745,0.851135853862281,155,0.3978511041766766,3.0228796811443184,545.5915647205442,60.78489428285001,5.475990556811283,3.4681812772495517,,0.21345028429524845,2.0,3,0.20426667995339598,0.10940152082934074,-0.09486515912405524,6.0,16.98557812044009,7.520966308334723,0.5297909467907038,14.190010549899318,0.6403892331936913,0.08711051722727525,0.44268042956342857,0.21832058996309245,0.4220686432305989,14.6967528578495,9.749515750987365,0.8264233658508816,0.7483535194117852,6.620176402038622,0.014549401769579966,real-commons,0.1375,0.24580202253797956
150254460.jpg,327,3,0.8909838050356801,0.7335075444521361,95,0.18353282587098993,1.7460196247872812,399.4771410104717,77.39274213210116,86.56657790825857,49.99322197059121,0.41632002205720736,11.343108561030029,1.0,3,-0.1526211279583407,-0.11000256867956515,0.04261855927877556,5.0,5.653282880033328,5.653282880033328,0.042991295164697796,6.529412528130768,0.12706524371767625,0.39413063374472923,-0.35113933858003143,0.579441903648982,-0.4523766599313057,-6.329435136985796,-6.852859791244056,0.38632053515000253,0.2556753208807737,86.99043182772328,0.045118408160532295,real-commons,0.03124999999999999,-0.2394803852030405
151260109.jpg,253,3,0.9177788777954351,0.7371953269324256,68,0.18757028255436117,1.695734294618449,2427.823921164899,15.017208412680374,4.588166423489341,2.764699653790027,0.3462855140661247,1.3528894131720157,0.0,1,0.4298877418400143,0.03255391295129828,-0.39733382888871605,2.0,7.5361182446034105,,1.4081221067288547,3.7680591223017315,0.7040610533644274,0.24455273253226562,1.1635693741965891,0.22689858582582145,0.4771624675386059,1.5984037490145964,-2.1335190876610852,4.241219433613916,1.207774306643495,6.301106065003595,0.09745447474423563,real-commons,-0.175,0.4305436790563587
151607867.jpg,305,3,0.9036649642713503,0.7340754818715665,131,0.35569617953388877,2.760319110450301,384.70564703625854,79.5076924237473,3.0064513793454495,2.311005756961521,0.14008133110333992,0.11132568462248027,0.0,3,0.6864343756847855,0.16233245666883445,-0.524101919015951,6.0,8.388087492109815,6.446905870188215,0.29869512954286037,7.6041970138885295,0.45211312959785044,0.12104481671994582,0.17765031282291455,0.28363853138918005,0.1684745982086704,4.99997482672747,0.3967555706138901,0.3144185223881497,0.1697492191206893,3.367641957363267,0.0063323514043705995,real-commons,0.018749999999999992,0.5084141020681289
153097363.jpg,431,3,0.9053520527128449,0.7170796509888512,143,0.22883674539305238,1.7931805021992848,562.3228132744451,59.28565119712347,0.5141227004579179,0.3317399685435939,0.1294425876055277,0.10348597461329291,1.0,3,-0.16623551582709994,-0.08043307593386073,0.08580243989323921,5.0,3.8301467336721053,3.9157038124344217,0.7171560062908378,3.141327401533049,0.7634776693115652,0.12090045088741341,0.5962555554034243,0.19566342186419794,0.5678142474473673,2.381431174226801,1.621912300033307,0.3779691575882488,0.18771092439189477,0.81874462014683,0.033414349653594196,real-commons,-0.012500000000000011,-0.1701589637081401
153899608.jpg,582,3,0.6208781035162075,0.4720923699303505,106,0.1021621169494708,1.1083857686405214,550.1284197907,60.371617760974495,13.45814618415551,7.796139078040662,,0.6472527773405917,3.0,3,0.3104593861229543,0.14309390655097487,-0.16736547957197945,9.0,5.67669790492622,0.8467227871624803,0.6189898695200822,5.9289602549176434,1.287468455971244,0.07742241869190147,0.5415674508281807,0.9904708477356587,0.2969976082355852,5.11133085717621,3.0107474013159994,0.1604205403300165,0.10391331537823643,13.655234069024955,0.007652429290779366,real-commons,-0.01875000000000001,0.3558383921190079
15406810.jpg,608,3,0.8067446234122523,0.6381656392299065,101,0.1077571986713729,1.155101794092507,860.6183751034248,40.79285228462824,86.7050026359136,50.073307454601775,0.11280601998034494,6.524853414211321,1.0,2,0.6085915872198755,0.14399225195556387,-0.46459933526431163,6.0,3.405506478033222,3.1228838145627247,0.15564354009651016,2.6184670836235515,0.168215728614026,0.04943654185928992,0.10620699823722024,0.11107289583895685,0.05714283277506915,2.5511289032290447,1.132032958109222,1.1902235987131724,0.322236907640681,87.87787859569454,0.018657318624721753,real-commons,0.06874999999999998,0.6102815288275002
154768825.jpg,257,3,0.6835780841815525,0.5196991538987114,35,0.09939528817580115,1.0240433416810673,507.57032984995533,64.45913193253165,87.08732499756043,50.28207704678493,0.020334966619665582,1.0939035874809961,1.0,3,0.09571938286130366,0.0822282783744328,-0.013491104486870853,4.0,6.14939143006184,5.8017628400216585,0.16101471537405132,5.460307397412373,0.16101471537405132,0.15724028010030278,0.0037744352737485443,0.15724028010030278,0.0037744352737485443,2.666769475351278,3.043438087006987,0.5081778062999219,0.21723522989906474,87.59312255100409,0.0887192867656518,real-commons,-0.03125000000000001,0.09932392310197258
15533725.jpg,563,3,0.8706985209535731,0.7148146946239023,140,0.19462267603078648,1.773465457655776,738.4840564544012,46.85611085235554,86.97979100199449,50.232510385334116,0.189255696614051,16.682769281653492,1.0,2,0.2099422704984767,0.10771208393271803,-0.10223018656575866,7.0,7.746306690156924,7.044549873988139,0.4936706072873607,9.646107077923986,0.7270278539088117,0.1254148303348086,0.36825577695255207,0.2552746820104983,0.47175317189831345,4.866905058996003,5.9646919816531,1.3601870396078006,0.532011378730246,87.34539502357782,0.019716177030897973,real-commons,0.06874999999999998,0.26503115700214197
15538215.jpg,495,3,0.8952834310049265,0.7336495305779295,102,0.16073636225828655,1.4818267682371578,612.3745327973754,55.17917816436877,80.96421353072552,46.87497865744798,0.8874631141988049,8.99246799033962,1.0,3,0.5313619974353025,0.15732070312405666,-0.3740412943112459,8.0,4.020132610297993,4.789056434443098,0.19186543301574943,4.994844359414887,0.22067680194738504,0.09231497277232226,0.09955046024342717,0.1676161373762577,0.05306066457112735,-0.19308537963413475,1.1161818043608176,0.47471214978166243,0.37106309415221456,81.40999386350164,0.028595050435190623,real-commons,0.11874999999999997,0.7177795218987236
15538217.jpg,554,3,0.778685837068804,0.6170040663548173,106,0.12694694206255924,1.2549221385397544,3323.88457326251,10.998166305345356,32.27161459350856,25.85206607963643,0.8542177928452492,23.438259096711008,1.0,1,0.06815789583779386,0.006329204753897755,-0.0618286910838961,1.0,,,,,,0.20598835964254292,,0.6310288549254421,,,,2.2783229220386993,0.4338446178262844,33.181951199762246,0.030729720604017217,real-commons,0.175,0.11037331969991382
157624590.jpg,553,3,0.8266338418641769,0.656705977717619,297,0.441247827462668,3.37883296687555,1909.6728151047714,19.025120236021376,28.635721529335733,16.534059919229488,0.1444318204986886,0.5176659402517313,1.0,2,0.1597361352455614,0.06640557018583892,-0.09333056505972248,5.0,13.234303972769474,12.435481561380573,0.9451192657196663,11.976193026118317,0.9743117111401105,0.2917012984531304,0.6534179672665359,0.4120750599970009,0.5622366511431096,11.362224721635359,9.500631449707017,2.150753605548109,2.196661596642752,31.70007935376542,0.07985300636746297,real-commons,-0.175,0.13612920537161133
158908474.jpg,24,1,0.57433731305952,0.36190471338004776,3,0.04394160434647178,0.5015601931935928,,,,,,,,0,-0.1454705207051945,-0.579169426167645,-0.4336989054624505,,,,,,,,,,,,,8.529376492429316,,,,real-commons,,
159587511.jpg,512,3,0.8664822014772257,0.6746286344685893,158,0.18260499327877286,1.3994833857971158,464.71036313447246,69.1026704060041,1.321429692403413,0.7953466674761359,,0.15034759605272352,2.0,3,0.263776242199401,0.07740618838459112,-0.18637005381480987,8.0,3.4204916155486353,3.282047679859637,0.10993592332475277,4.677134816393232,0.3140495239293495,0.0429778843459796,0.06695803897877317,0.06238066263511399,0.2516688612942355,2.1511395867983047,3.1420951892948707,0.9767071881179819,0.8669111767214848,2.824260597108979,0.007604282995983402,real-commons,-0.02500000000000001,0.1083062588323459
159587535.jpg,533,3,0.8117282537516399,0.6229414898282502,328,0.5639334095934355,5.231174967504758,288.0791431463222,96.0099188942435,44.89037921620041,31.017045950178513,0.428123793976915,3.468508510786708,1.0,3,-0.016670547918979706,-0.009326511377693913,0.007344036541285792,0.0,,,,,,0.4916545251772084,,0.3876993707528955,,,,0.18522169050162432,0.15088902488724223,45.24703749805253,0.0031957818239728487,real-commons,0.018749999999999992,-0.016287287639437098
159587572.jpg,441,3,0.8420725296834407,0.6512245681402392,135,0.18971502579000032,1.4271304551768198,441.6378770192611,71.85233505305231,0.47790393439559864,0.30022599036414604,0.1010199291756111,0.06272737254854982,1.0,3,0.2006340585098929,0.10630575407822751,-0.0943283044316654,5.0,2.8115838965240023,3.36518106756203,0.968982594701175,2.649699465012286,1.0726989131646731,1.2287131352694756,-0.2597305405683006,1.7304523799058376,-0.6577534667411644,-1.270807223605635,-2.217653642172601,0.23178299043614214,0.18711800621092087,0.7726392826303399,0.02663878240503754,real-commons,-0.03125000000000001,0.12824219231566936
161755351.jpg,644,3,0.8203121036942681,0.6650876976276656,88,0.08977328532980959,0.9603735812868589,1865.0529120804547,19.4716688274464,88.2715087579935,50.96849624487256,0.13416837288752909,1015.4165762146935,1.0,3,0.33423903833550106,0.08206370935471907,-0.252175328980782,6.0,6.985698636910509,6.688239509016161,0.3437860654316429,7.619485209124123,0.35771751123912443,0.2925836053923998,0.051202460039243114,0.3642515258654728,-0.0065340146263483945,-0.16994241032945112,-1.1204570963498313,0.681684891510211,0.1337719671201215,88.54972725506384,0.07956200581845961,real-commons,-0.175,0.30876778707704955
162536417.jpg,407,3,0.6288909215305987,0.4776965677555244,41,0.06865319999636765,0.7757437213343831,517.1479114602887,63.49666113828175,8.724160939713926,8.189324519160836,0.20587848977518625,0.16741349450314796,0.0,3,1.7050120244214821,0.34211944356080426,-1.3628925808606778,8.0,1.8993913316333304,1.691830376737501,0.04086684606651492,3.470974735623762,0.12484361457751891,0.023938906889391376,0.01692793917712354,0.11494832795562049,0.009895286621898425,1.0127456326940145,0.5964356124589836,0.403472280624619,0.1518488744196006,8.925519770595116,0.003975399289286584,real-commons,-0.037500000000000006,1.1717491156400455
162537105.jpg,433,3,0.6404843089404573,0.47644112901482183,52,0.08770399425550848,0.8220286390707503,530.9964084554833,62.14974780242323,9.164537396286093,8.621258952799629,0.23152446133365948,0.17168395220353128,0.0,3,1.000136754319187,0.25816795275603843,-0.7419688015631485,8.0,1.1022924238800458,1.0631674964497133,0.032317462812542885,1.2555657400905296,0.030606152895460426,0.008261621129339591,0.024055841683203294,0.01222004749791683,0.018386105397543595,-0.1269944147500055,-0.18773018044801248,0.33191268897180803,0.27238178823550013,9.611370759176975,0.0029253923405239265,real-commons,-0.006249999999999999,0.890719279476742
162663045.jpg,598,3,0.8444474785366116,0.6708038020698679,258,0.32194449764152866,3.0224038041432792,447.7191722959341,71.10934401969105,0.3415286879683208,0.2598524354264595,0.23639534274488452,0.07434708847412669,0.0,3,0.018421324649564697,0.10280427727829311,0.08438295262872841,8.0,8.453902422320855,8.319765374044907,0.6840122169043852,11.591075051982294,0.5841988298197771,0.2341547313806438,0.4498574855237414,0.3306076213641562,0.2535912084556209,4.537287026899379,6.327513367417826,0.22189892424360919,0.10182751319444029,0.5034853108501203,0.00852146194140447,real-commons,-0.012500000000000011,-0.014297531222688953
162917765.jpg,368,3,0.8804554759707423,0.7304829240141785,60,0.09857690199278946,1.0747176040930595,1420.229180778098,25.395203240167383,83.9702098350687,48.49524825005693,0.2452729913272018,2.8848621546813185,1.0,2,0.05060463743282351,-0.06947491335240152,-0.12007955078522503,6.0,9.83561812149966,8.504983827112977,0.38580773496421195,7.772560069901877,0.6203283747477144,0.39629361726722356,-0.010485882303011618,0.4416643066409187,0.1786640681067957,3.9585958821493774,0.612129639256664,2.449404807754449,2.0833449327255136,86.68179347540703,0.08837236453642903,real-commons,-0.175,0.03196459800986884
162917768.jpg,453,3,0.8684228814372393,0.7132425960553002,111,0.1773936789068793,1.6474517571481295,455.3760223140418,70.19265078235905,87.62985515827607,50.60208821342003,0.6027198202703812,24.4908487206338,1.0,3,0.11119313600371461,-0.009411837760096908,-0.12060497376381152,7.0,7.489010976277491,5.901242722199932,0.27017505079527115,7.995315623773852,0.4192097734875273,0.16181545657375906,0.10835959422151209,0.26110212158812773,0.15810765189939957,5.089869917410109,3.5197843081334312,0.31945311516812297,0.12099466096202188,87.90007921874847,0.03808123599436462,real-commons,0.006249999999999999,0.12783093827613268
162927541.jpg,502,3,0.7486846004678713,0.5949993426593414,105,0.12398794519932005,1.1825345188699128,478.5044461332776,67.54527755177449,0.54442848880133,0.40160746312297196,0.05209161636323604,0.022337941477772846,0.0,3,0.26719908436868167,0.1385735577116295,-0.12862552665705218,8.0,4.8380313648435616,6.204287357253445,0.19449507405646704,6.427073544830519,0.2785616322083939,0.14142271226869552,0.05307236178777153,0.2329412349398794,0.04562039726851452,0.8522347747169956,0.03633251283878991,0.17585931963557158,0.10710206123050989,0.7556661921719389,0.003001367411740678,real-commons,0.0,0.2671990763023695
162927548.jpg,556,3,0.7974195979853776,0.6168894932634037,131,0.13053833640347604,1.0895975756657161,454.7926723574899,70.26176520994379,0.10874935749608028,0.07191755011062938,0.004131832279484517,0.004767580080291799,0.0,3,0.32736796121693945,0.11009788097685791,-0.21727008024008154,9.0,2.1027147523034064,1.6156349820995226,0.04696741981345376,1.9913120643268973,0.06346633201439378,0.028136954390867608,0.01883046542258615,0.042650879897472294,0.020815452116921485,1.019075896859947,-0.5915135885114946,0.23460985207936533,0.0851673340102073,0.2942956612271131,0.00392545985766246,real-commons,-0.006249999999999999,0.3129439655640285
16323118.jpg,465,3,0.8189130281862956,0.655869924430319,231,0.3558284344386032,3.2067936075942463,846.2424428387133,41.4274438028924,87.39529734771351,50.46785626130363,,1881.3200952656227,2.0,2,0.12429158873703061,-0.032266123981087524,-0.15655771271811814,4.0,13.154121859329758,12.37812148419072,0.5805542521379565,13.024218918066397,0.5805542521379565,0.4575374283248861,0.12301682381307044,0.4575374283248861,0.12301682381307044,8.995378295798844,9.01660125754875,1.175963640786833,12.349327638222983,87.83832168792031,1.738088717968494,real-commons,0.02499999999999999,0.13486292808079448
163797595.jpg,381,3,0.8193330585929693,0.6312185390695184,73,0.1170152741979539,1.1174827382694956,882.1928393288913,39.8747061062279,86.34580967819619,49.85341022656709,0.005276035980460759,0.3695534109493629,1.0,3,-0.18171711798935286,0.023662920651533637,0.2053800386408865,7.0,1.3895876076562794,1.3451560327705312,0.12582017565880133,1.703673899980365,0.2256761497371511,0.10947300900810664,0.01634716665069469,0.2508933509791893,-0.02521720124203819,-0.6167152493368888,-2.5598765637462098,0.4059578695268545,0.27520370091225416,86.9651922954449,0.0281833143162979,real-commons,-0.012500000000000011,-0.1797259385605765
164368723.jpg,741,3,0.9004177142224272,0.7297264678291348,190,0.1990373442448224,1.2896064849399484,1008.4982752848761,35.20882685998846,6.113366458678499,4.090750264686334,0.22745692749149546,0.15527313586192276,0.0,3,0.008435044976155215,-0.0310221049968864,-0.039457149973041616,6.0,11.36574524887779,11.955218787006503,0.31585600060953745,13.616395822201605,0.43886043545178,0.40022952821550994,-0.0843735276059725,0.3244205095553161,0.1144399258964639,-0.27193870515000995,5.305301933874986,0.30955407670065765,0.2970506110398181,6.5792753065163465,0.006346984984518674,real-commons,-0.11875,-0.008305156621303045
164368837.jpg,411,3,0.8551069306399599,0.6684145806566802,121,0.23243062627285188,1.7012010505844182,447.38199429008955,71.15018980574477,10.941221346724276,6.678012260745217,,2.871254094412409,2.0,3,0.12479861786553104,0.01637583549784838,-0.10842278236768266,5.0,9.321441947333065,5.189764325334425,0.9747347319214095,10.481491363792456,1.1442689058837288,0.06968124010554089,0.9050534918158686,0.08207145058451326,1.0621974552992155,5.329576388370985,7.760150702935705,0.29538276440081906,0.15838809593594985,11.234384527733738,0.007436210488481474,real-commons,-0.01875000000000001,0.14240993376056654
164368854.jpg,413,3,0.9113455551199602,0.7164016988023522,142,0.2761781037107939,1.9347079801770979,441.49669336705074,71.86974401317438,8.727162288890213,5.564121957344931,0.3940702484457821,0.1310585069338421,0.0,3,-0.017416648763006637,0.008270109958975702,0.02568675872198234,8.0,6.020724406137115,4.419958932939429,0.22833038566306119,7.072412751323346,0.3468506041770367,0.08206386572291713,0.14626651994014406,0.138173933329647,0.20867667084738972,2.6625536325267953,2.2534956036046765,0.473811295421729,0.2018867472893427,9.042095238323604,0.00926603655778567,real-commons,0.018749999999999992,0.19003074992383628
164368855.jpg,438,3,0.8501711264077572,0.6810252741538286,117,0.20779840088685675,1.3241751133797734,494.51250271617766,65.81396844993829,8.552433001532748,5.722379595763506,0.3510623255801394,0.18154887406431697,0.0,3,0.23292427855433717,0.07718269378514642,-0.15574158476919076,7.0,7.177046877458761,6.622178299932175,0.15005828274461397,8.625633702194804,0.283190626755895,0.04029972666356718,0.10975855608104679,0.06905899353371137,0.21413163322218365,5.940381735002141,7.20681562983019,0.42083608131196387,0.20315072827207856,8.84208398717788,0.007806285248799534,real-commons,-0.006249999999999999,0.1238187623406618
164368856.jpg,714,3,0.9201517322167027,0.7414259035772355,206,0.2221446514627443,1.4246272281088954,989.8436084449743,35.830317237533635,1.903656446987,1.362175468927109,0.06756229551617367,0.06562563237371648,0.0,3,-0.007893765318725876,-0.07324124345315242,-0.06534747813442654,9.0,5.088582919435741,5.05620102469887,0.11338875632907897,7.862522083352493,0.27662498829314597,0.11359464304367117,-0.0002058867145922072,0.13447210570241364,0.14215288259073233,3.2843137150233486,5.7959196265955715,0.35317115031260626,0.32353376445024307,2.6175510810742613,0.0076399856072545385,real-commons,-0.0875,0.028056291459237936
164414846.jpg,595,3,0.8928739979179682,0.7074678822290273,147,0.18530537420611762,1.262896936323734,765.5346036246727,45.37068790432391,9.083681858107383,6.074944027292973,0.47916918059770225,0.7110868263850628,0.0,3,0.04498687156715597,0.0043604011110385255,-0.04062647045611745,5.0,3.632712128770514,4.032067506936854,0.18312755069621423,2.9239178004007518,0.5039380380734526,0.0700640375932009,0.11306351310301332,0.048862790552805624,0.455075247520647,3.087647935647159,2.5390915893958934,0.37516330261535086,0.2510534678288664,9.49702218748728,0.00819304709299464,real-commons,-0.02500000000000001,0.05520966936440652
164454504.jpg,389,3,0.8689396087391336,0.6919374789817484,105,0.2093921440416345,1.2841787825519282,517.5358906210831,63.45821442137441,12.20663934461119,8.28921126715478,0.4067185269188629,0.33087808066219443,0.0,3,-0.02406015641642989,0.013438366198678997,0.03749852261510889,5.0,9.450852363311379,8.528033498722788,0.12417184645310408,11.125476985433366,0.08749154149018734,0.0656519521500547,0.05851989430304938,0.17183330438945,-0.08434176289926265,7.2839766116788205,6.7475725552712555,0.27280253191591725,0.18632387624477828,12.518898179276928,0.006516879978265954,real-commons,-0.012500000000000011,-0.03345804371096461
167154989.jpg,389,3,0.7219998624144877,0.5334995259148948,88,0.16374882155571868,1.3548796011012862,16072.222761501376,2.281231114511031,12.247311538060089,7.39759249802221,0.8562413378994137,4.189508075161976,1.0,0,0.26559506467230665,0.09190193019044379,-0.17369313448186285,9.0,8.679336033002993,8.93322249207791,0.7958753704379551,9.907699516384513,2.3366707718493065,1.4591367588264408,-0.6632613883884857,2.344442305554407,-0.007771533705100531,-1.5898838121498962,0.9303973466443161,4.546986751838762,4.4637142366096905,18.51594128508361,0.05924636360633151,real-commons,-0.175,0.265793973091883
167534863.jpg,159,3,0.9988336108965138,0.8237256341080031,61,0.2264489614606222,1.999697724274291,1946.9018571842241,18.6677812392497,8.817445838604854,6.001892416051951,0.3311817131320186,0.4593590838138598,0.0,1,-0.22477647575381843,-0.163118037551105,0.06165843820271344,3.0,15.505806979878882,9.191121886307922,0.9722468990957838,8.144243879891112,0.7355819662655576,0.49051316864401784,0.48173373045176593,0.30491222024743614,0.43066974601812147,2.5155353022727827,0.5876106272282238,3.4128774571889013,1.0261827945106468,9.97143331719902,0.08055255870717216,real-commons,0.14375,-0.21650615004802354
169788509.jpg,378,3,0.6851077477715543,0.47829799315307375,115,0.22671732436363756,2.1391437058953566,1795.5141875242596,20.210528767103828,60.45581750852542,37.600978475926134,0.9468344474353292,594.8423946547114,1.0,2,1.3763751571056684,0.3425578390895724,-1.033817318016096,5.0,3.0979742191287443,1.7569414725162127,0.6447921642577454,2.5044276358195585,1.577958152874619,0.7216677481883247,-0.07687558393057925,1.8019749862680738,-0.2240168333934549,-0.25731727790493064,-0.8419256241688067,2.341583748308591,2.4505642591222867,61.019137095177186,0.12237457428331122,real-commons,-0.175,1.4456241224135855
170504798.jpg,869,3,0.7671566341881415,0.6082335067532555,268,0.3109683080551681,2.731525344046916,2548.238853980182,14.315121740461487,47.448938103681776,32.83596579028523,0.8495985159261014,170.55579241585937,1.0,2,0.10729575291980475,0.07500986236985685,-0.032285890549947904,5.0,11.606560378313986,11.606560378313986,0.5007247045293899,9.654589069522455,0.4998543204410226,0.0937483140751958,0.4069763904541941,0.14206762676960816,0.35778669367141447,8.094807041822254,4.377222464942284,1.3402736145243874,0.8339382244708023,49.52758924975737,0.03183007913785768,real-commons,0.175,0.05540463563694498
170729583.jpg,413,3,0.8267416940266021,0.6433812236702762,71,0.11104414213360936,1.0291194584018886,1791.7869353207604,20.25170137508384,1.2418944631954503,0.7215437020697578,,0.8102696135048199,3.0,3,-0.23245610994249866,-0.11691306681304448,0.11554304312945418,9.0,2.535803451722799,2.481616140930896,1.6397643013355507,3.7101553912139633,1.89297235876862,1.8142465314155842,-0.1744822300800335,1.8035127468727454,0.08945961189587459,1.3885580757832066,0.5500148896797126,0.8146037211553444,0.36289326027940816,1.9729950879080547,0.2814176310775937,real-commons,-0.16249999999999998,-0.2371811164739661
170743455.jpg,373,3,0.7589311045289564,0.5585707755240308,67,0.1090393320063448,0.909538505166294,454.5795159556643,70.2870492560758,3.3294709636471396,2.5214148125993456,,49.870824607817255,0.0,3,-0.16350629446845755,-0.022318708542309107,0.14118758592614844,7.0,1.82517838069093,2.015756691916664,0.12420802975400846,6.213021095431931,0.28015188311537864,0.05467844536893818,0.06952958438507029,0.11574696528924555,0.1644049178261331,0.8584057242867993,4.918568062129117,0.2912527949743649,0.09913319191750425,3.5467995669178087,0.005790755784114367,real-commons,0.006249999999999999,-0.16203550299977176
170746481.jpg,399,3,0.8825172112794046,0.6959143502882779,154,0.2848634447733768,2.3773872178455213,341.759842162717,86.23338257110782,0.22344658401104311,0.13830403818973896,0.9875565176679881,0.31824446569347464,0.0,3,-0.11256313618007252,-0.06905973156285405,0.043503404617218466,8.0,14.229390108237808,12.90759469162751,1.5021765847061044,13.07836893238567,1.598629635389714,1.3046128846767413,0.19756370002936308,1.954824147642471,-0.356194512252757,13.131329361430925,5.430009571292333,0.18299924204104465,0.09373698181241981,0.39727521214839484,0.10582243071894949,real-commons,-0.01875000000000001,-0.11387282222724227
17189804.jpg,388,3,0.804421291236763,0.6538558651279605,79,0.12304409710012773,1.30826206542334,559.5663467107366,59.52801030971658,1.4077795851867876,0.9379223030666187,0.10066813817016881,0.10058738699879553,0.0,3,-0.031787383069153075,-0.12053301101556224,-0.08874562794640917,9.0,8.147365285524476,6.903667974149439,0.27331062701532627,9.69682219590845,0.5377049105983862,0.23575518031840392,0.037555446696922345,0.31873809296167366,0.21896681763671255,1.937268965086452,-1.2773404705299587,0.39419238848584853,0.2476561635513564,1.8305554686902084,0.007438558929661692,real-commons,0.05624999999999998,-0.04945897617321027
172960762.jpg,264,3,0.9039873778935679,0.740842318788993,86,0.2236440380802797,1.6016214889798892,384.5225471614137,79.53451381024982,1.3646867766604913,0.8143239873952446,0.5998543112148169,3.0236997090751774,0.0,2,-0.06584513856774066,-0.05252705397379542,0.013318084593945234,6.0,7.436929060192866,4.849946548698681,0.3473390681773436,9.09441380533697,0.6057362436621081,0.20565387879182406,0.14168518938551955,0.276443880400167,0.3292923632619411,2.212432300890206,2.4287069911283883,1.4727717805888891,0.5579974280232098,2.2919653195376113,0.03039326159163913,real-commons,0.03749999999999999,-0.2283802029212627
173004816.jpg,208,3,0.8097678732747039,0.6104476800990333,81,0.22963169259574367,1.7249898145668645,968.6164465650401,36.56381710920734,5.776843746779349,4.352213764556869,0.33990913485742535,0.19420817302325222,0.0,3,0.31720171172778877,-0.00017288076915988881,-0.31737459249694866,5.0,11.618832394191877,10.64110932123395,0.3774190902267702,8.88947737258599,0.5053092637061134,0.08648482430250315,0.2909342659242671,0.09038199361306276,0.41492727009305064,8.430160672347146,4.953202370644711,0.9923963271462886,0.46221635737346617,6.248977425443779,0.014262744501764029,real-commons,-0.1375,0.2029904402493795
173004818.jpg,24,2,0.45144949064460144,0.34747277797385123,7,0.10389860974212835,1.0277901429340512,80.00046778819649,151.92735540367562,0.08599198756614612,0.08599198756614612,,,1.0,1,,-0.23520983822805763,,0.0,,,,,,,,,,,,1.360417604059373,0.9575021041676387,2.624821333112497,0.7335398372142824,real-commons,0.006249999999999999,
175443170.jpg,729,3,0.4415821972983809,0.2779364655373338,28,0.019626336227766418,0.2863877199871474,15354.091150063487,2.387897184175002,9.540214605587806,5.655260020541149,0.03765301959693803,7.733798976290569,1.0,1,0.37919464699188754,0.07021337605035882,-0.3089812709415287,9.0,4.317373638964227,4.284818960495082,1.0886560607726548,5.670644934320621,2.6491544679041845,3.6800769300750504,-2.5914208693023957,2.3004558781498496,0.3486985897543349,-2.1227367703723656,1.1560431606203316,1.8629886960182542,1.836695094310021,12.096811026785232,5.533447388295856e-07,real-commons,-0.175,0.3786894535613802
175443183.jpg,779,2,0.3474817001211186,0.21107762866510413,5,0.0028289734221915437,0.1652234349337891,80.60429757551195,151.72393490827795,0.03360777766135925,0.03360777766135925,,,1.0,2,-0.12705326110680382,-0.15533296753419967,-0.028279706427395856,9.0,4.273462442933981,3.2073677559221987,1.1130312979405534,5.620538889811907,2.6491546618088475,3.8248650988453554,-2.711833800904802,2.4283978628043488,0.22075679900449874,0.9814907206628085,-1.2063847475397074,0.018272288208046005,0.020190867641207522,0.055602134012362796,0.9945992428040759,real-commons,0.0,-0.12705327809895328
176046294.jpg,282,3,0.8696134495974409,0.7118068772102957,83,0.2351454289414752,1.7743444806107855,198.67813323479078,116.33025845950058,5.034604223737702,2.910061161662757,,6.286412311050115,2.0,3,1.0593351225449268,0.1410674938090395,-0.9182676287358873,4.0,10.738001565921198,10.303765839474305,0.7181912599753049,8.089732797410663,0.7181912599753049,0.08228978945269994,0.6359014705226049,0.10989295683867839,0.6082983031366265,7.511789703241803,4.6619902348630315,0.5505005286629092,0.29299870646803156,5.3580109132862885,0.009647590785535278,real-commons,0.0,1.0593349645092556
178367167.jpg,128,3,0.7567002350510522,0.5515098945556124,39,0.15966224402992793,1.5670693711037558,1106.5136711034522,32.259379599257166,6.7210118413860584,5.1507965938419735,0.3390275395696531,1.325785307285771,0.0,1,-0.8179203539250564,-0.3754920679167113,0.44242828600834505,1.0,,,,,,,,,,,,1.748307902572883,0.25752842966748224,7.207388540310176,0.03759848533293624,real-commons,0.11249999999999998,-0.8119361492178677
178542729.jpg,557,3,0.7161315408258841,0.5612039489718365,119,0.14873287064251312,1.28942383023162,1340.7056007010458,26.848432346209414,84.43487773328717,48.75606259694339,,19.121199641180464,2.0,2,0.2406594844876142,0.07935517266962755,-0.16130431181798666,4.0,7.919495624063713,1.6806445157934635,0.3873314437177151,7.3564095784376144,0.32800570075692637,0.2789988376317809,0.1083326060859342,0.2579518768491593,0.07005382390776704,2.9987825139072477,2.979599836805132,1.1265839510463798,0.5494773835801618,84.65544668950103,0.021831917035151367,real-commons,-0.0875,0.2393117052888507
179709623.jpg,345,3,0.8662246158725658,0.7153172845184451,101,0.1928376719098906,1.6091305132492937,1815.0877655786228,19.997003101556334,53.63337937207563,31.033552524004005,0.7965678613934459,1.9737123751564658,1.0,0,0.08647075055368703,0.05680062458409574,-0.029670125969591288,6.0,11.14120096519202,13.291986385847004,0.7496045458713576,9.652502255189926,0.9614240630687765,0.3017352097717083,0.4478693360996493,0.4760162745866765,0.4854077884821,5.993039306904656,4.323427574412166,2.5054316896093107,2.1666867184673957,56.05709798212464,0.05115767588780322,real-commons,0.175,0.10849140517947575
182784457.jpg,214,3,0.8863626047676523,0.7010163052030597,48,0.14482160129501326,1.1764868342616148,1032.3205162425304,34.44491174913033,1.6567642652701835,1.1283635679361825,0.09568419552060296,0.3047083869911701,0.0,2,0.34702634120231624,0.1404439452045616,-0.20658239599775463,6.0,4.61748429026646,4.61748429026646,0.1471555347264646,4.42175511573307,0.16894705870199234,0.05728613252407033,0.08986940220239426,0.08872643138228131,0.08022062731971102,3.181670968335574,2.827301232622861,2.5342376815552807,0.4158053539117656,2.5803047003941804,0.04471138224963084,real-commons,-0.08124999999999999,0.2696660261698529
182883730.jpg,306,3,0.8671950576188311,0.7144528411088509,68,0.15178035100640927,1.4420162631420033,363.1554123951858,82.77077581843828,85.10676060056471,49.15102453567131,0.2877259915840631,3.0376237905685075,1.0,3,0.8814107605407755,0.18863210773863837,-0.6927786528021371,7.0,4.128052963124596,3.5302556731831523,0.18589621629959563,4.196589261791977,0.28571573409520035,0.13056181938085043,0.0553343969187452,0.28124645114337765,0.004469282951822695,0.5027071915684873,-1.8363126773166956,0.5971045997643836,0.6173168267125123,85.87459594918722,0.02560919984234541,real-commons,0.03749999999999999,0.8338735522234014
18457350.jpg,388,3,0.9344872299753703,0.7543662322025406,194,0.36026569694193233,2.9079292743531853,418.5384353316946,74.8005535324179,1.9446713582397024,1.2830663916562,0.34059300387580826,0.46663793065350995,0.0,3,0.3560662031256905,0.2183643401621378,-0.1377018629635527,2.0,1.9770674462301676,1.9770674462301676,0.46263805196991026,0.9885337231151137,0.23131902598495513,0.07273955276701738,0.3898984992028929,0.0831376205772183,0.14818140540773683,0.7588158341458109,-0.3603740104807063,0.7706626317309823,0.23503688843157747,2.381895075259887,0.02271595207088133,real-commons,0.03749999999999999,0.2081335362671386
185051984.jpg,474,3,0.3047647853692992,0.1783512288099585,6,0.004803709662097922,0.1423045282365033,4826.470773310058,7.586435564881881,11.005687531033658,7.573040443364712,,87.81559539737253,2.0,1,0.13207775491145113,-0.10220033945747908,-0.2342780943689302,1.0,,,,,,,,,,,,9.909054783271277,1.2013708058671897,12.99984526269665,0.19123938513052832,real-commons,-0.05625,0.13280520847006239
185308075.jpg,479,3,0.912179546361864,0.7556747979971167,127,0.19276937268783537,1.7195102279522145,666.2196279898596,51.31200469937532,83.93634736118292,48.48662701087975,0.08600186153578955,2.1809550456940956,1.0,3,0.3917379113062578,0.08919449550483982,-0.30254341580141797,9.0,5.531508264777547,6.062977919731923,0.20570096400766147,5.589690946452157,0.30834589016470115,0.0673202784125797,0.13838068559508176,0.11776636213092262,0.19057952803377853,3.473167811132416,0.9767162915198506,0.4285760882721906,0.2628153994469964,84.37758361643603,0.012307352051773454,real-commons,0.06874999999999998,0.44164654238710044
186640910.jpg,404,3,0.7457060197414552,0.5494282821391423,197,0.3158205252704732,2.8568492346134997,487.90275790559014,66.5192055006356,5.92899455186641,4.175498172555046,0.2646904828865323,0.07696350300554151,0.0,3,0.3156083594314504,0.07110578702748949,-0.2445025724039609,5.0,2.023751684616093,3.80158095962207,0.16185840174746557,3.7927709032934587,0.18272645530124132,0.034264414251214514,0.12759398749625106,0.034264414251214514,0.1484620410500268,0.6753390627886124,2.8762872842608176,0.30545805807950727,0.32244299273877103,6.467818942464867,0.004662100862618657,real-commons,0.02499999999999999,0.1938123792540679
189481231.jpg,440,3,0.8866723934366648,0.7189424128901057,175,0.2929413824148145,2.149556836655781,6511.199126741524,5.627199838801787,80.10504168574006,46.27423313958636,,18.07235384386082,2.0,0,0.1949457374498369,0.047350958122926334,-0.14759477932691056,1.0,,,,,,0.18125890365061625,,0.4559895656989319,,,,5.143098547483649,3.3130633700896914,86.58606501000129,0.3146204403257314,real-commons,-0.175,0.19355436440628493
189622496.jpg,354,3,0.9432224569612911,0.7822910448991387,117,0.2725405051759258,1.933923382253102,805.0683429708688,43.35383896469498,1.8158359885654818,1.4588051583752395,0.19218367021630517,0.4633435183725207,0.0,2,0.5648947005578396,0.08176528995564258,-0.48312941060219705,9.0,10.461676572565914,9.48561587973628,0.49862168688320363,13.488069423328145,0.7047673924680589,0.23932889929824874,0.2592927875849549,0.28109828088406097,0.4236691115839979,7.14055808671911,6.183594963913347,1.4612259324791663,0.19426249963027192,2.4867620145200946,0.022078631801014322,real-commons,0.0,0.564894649181763
19059095.jpg,376,3,0.6256327857528912,0.4439979610184907,46,0.07182013412192072,0.7777869648420284,444.51447042717365,71.4992140785577,87.6335706516681,50.599202367141984,0.036803299716281206,1.1684256003913445,1.0,3,0.11892465158374743,-0.12430683711241053,-0.24323148869615796,8.0,0.9660324466391677,0.6448810030385611,0.012269419695624784,6.533897304169618,0.267750358298799,0.034225814582956815,-0.02195639488733203,0.057492128729082825,0.21025822956971618,-0.28550995730359285,4.872509870236303,0.5515290961408303,0.19536110595773185,88.14032915088417,0.005877041896363262,real-commons,-0.006249999999999999,0.18809522827565694
191391879.jpg,453,3,0.8530917869920694,0.6854441178408667,159,0.2244095646743936,1.5237538222072098,1040.366741872505,34.19410334644818,7.250365523074066,4.216382378388293,,1.2394915916185973,2.0,3,0.4610761619347643,0.08178076344409146,-0.37929539849067284,8.0,2.880482414069203,2.919327993643291,0.8786446811394657,2.6760575720802304,1.573296138618924,0.1565727215228665,0.7220719596165992,1.3091006220289043,0.2641955165900196,1.1155790223261772,0.7542387119916416,0.7449084345212326,0.6370975586174635,8.169597927291399,0.08668500893018888,real-commons,-0.175,0.45466602338851436
191631924.jpg,478,3,0.9180274945822166,0.7330076649227149,164,0.28232147418272696,2.064014616652408,472.271238064489,68.24130609561264,0.7165463760963462,0.42721152154246744,0.035202685263220145,0.03958728095531669,0.0,3,0.7163228722086801,0.15265648670385912,-0.563666385504821,6.0,14.08071342267924,14.072262656765343,0.2825497756834139,12.832249926827886,0.6449425635985828,0.024927867990882202,0.2576219076925317,0.03030192595287451,0.6146406376457083,13.368976897182135,11.657214429946011,0.4099750884526825,0.19492690475712376,0.8945470413268104,0.009080228735052365,real-commons,-0.01875000000000001,0.6516940414143597
191632419.jpg,516,3,0.8201438883621485,0.6522208354995555,170,0.2239515858811839,1.8962892219901433,434.9533396858014,72.6846601940484,0.2890032357084209,0.17873349712913036,0.07539380523741492,0.02121649642168479,0.0,2,0.08118234065690721,-0.04390739353859452,-0.12508973419550173,5.0,5.76117385938746,4.955689852687667,1.129621371884757,5.973278483302025,1.1624981915192225,1.2701214882440093,-0.1405001163592523,1.5029835096608726,-0.34048531814165006,0.6574239308890171,-4.755612147734761,0.20306171911974938,0.15672493556235492,0.5920527997693141,0.010213697230478666,real-commons,-0.012499999999999999,0.06483988909543847
191632421.jpg,480,3,0.8269956836891023,0.6358932706740437,151,0.2023147012495622,1.7309778337112154,430.1077425032728,73.29846742352314,1.9547978975148084,1.1795930862449038,0.0943930864450634,0.09872358475859777,0.0,3,0.08762615501845372,0.05352360076532492,-0.0341025542531288,9.0,6.99115918318983,6.747903553090877,0.24401614225329737,8.68131617033379,0.3355373052801691,0.03830172962355105,0.20571441262974632,0.04844763470328051,0.2870896705768886,5.462802101114873,7.198489242642032,0.33694974127458865,0.1716446664781013,2.0555343125653636,0.005767901381021843,real-commons,-0.006249999999999999,0.08129958959630823
191632422.jpg,712,3,0.7539278609763229,0.5810930224938438,115,0.09813281076480468,0.9981467544166152,7774.175710119312,4.714147408025137,28.326883874160806,26.160770328336415,0.9235968642538745,38.28037312107705,1.0,1,0.04334851035868992,-0.044678529640847175,-0.0880270399995371,1.0,,,,,,,,,,,,6.9968414659892275,0.955551167359599,31.047276381168707,0.14434671249163528,real-commons,-0.175,0.0423351309204405
191632425.jpg,596,3,0.8289975721495598,0.6579333456124454,148,0.17187417917225747,1.5269007218099153,492.9948962067935,65.97471597642186,1.8238545088794353,1.1693177091001452,0.07155365014191711,0.022812719888084806,0.0,2,-0.2274792566727194,-0.12288633160368345,0.10459292506903595,8.0,6.204106587908306,10.700701089610135,0.27488779281943687,8.412511942383846,0.31053807040095727,0.047789649878190676,0.2270981429412462,0.061302293068143054,0.2492357773328142,5.233524846152321,7.437329268927032,0.15702424078210242,0.11843891403718783,1.992559836665157,0.005724475406951359,real-commons,-0.006249999999999999,-0.24310790467838395
191632426.jpg,623,3,0.8364078060575741,0.6584007103062636,186,0.19255326107077375,1.6512608559867714,5613.733159798644,6.525008933748598,25.85734502410874,20.900312142831677,0.9824727514314135,30.03047829213679,0.0,1,0.3817118100878385,0.164157335666826,-0.2175544744210125,0.0,,,,,,0.19387288373702294,,0.19387288373702294,,,,4.672595241034659,2.953835322588262,32.887966777071384,0.03841268532001329,real-commons,-0.15,0.37538194225466304
192421379.jpg,452,3,0.9145783042850307,0.7214612917528263,213,0.318453181192247,2.4221741528965515,1405.4523564876322,25.653418179053222,2.1740457026319433,1.3167682785875543,,1.6647338944516783,2.0,2,0.24734716016170277,0.07512508572768528,-0.1722220744340175,5.0,7.217356695529337,8.712149550709158,1.0682591868155522,8.343390723554776,1.0080243436199643,0.7847214017184267,0.28353778509712546,1.1652897543276803,-0.15726541070771605,4.889222555211943,0.7598026236741999,1.709750339071914,0.7901819755575915,3.4359868324157974,0.43604610762083446,real-commons,-0.175,0.24955621370081527
195397600.jpg,414,3,0.8232690897987552,0.6440067933983049,110,0.17366471305552153,1.6077947661466365,589.6873798631657,56.97386394919719,0.23386861338524056,0.14576145115057898,0.021750084328661566,0.0034246347342030557,0.0,3,0.22069690495441208,0.07629239964275336,-0.14440450531165872,5.0,2.889764599121289,2.156430308265139,0.2938316784745596,3.1509795182234037,0.5532125274061994,0.04475274889906533,0.24907892957549427,0.06254951724740287,0.49066301015879654,1.9790168597291005,1.9852745165517696,0.7588395610104243,0.4002311036451493,1.3843992739896236,0.019499539329533695,real-commons,0.11874999999999997,0.23993388810523908
196729084.jpg,277,3,0.9646756054539618,0.7977942843782712,131,0.388936865848299,2.3779053549276266,829.1696312368646,42.20602247554633,9.932785189669588,6.627055130461893,0.32863963136699464,0.63375855761231,0.0,3,0.04488436045624433,-0.025990782375057364,-0.0708751428313017,5.0,9.753460605198704,9.382933167950458,0.1852508255196259,7.699724068734092,0.2190304368313356,0.44142551742096625,-0.25617469190134035,0.3659138666695063,-0.1468834298381707,1.4592508505172077,-0.10271625596476586,0.6332429790283749,0.5014754343547274,10.579718810018177,0.010891845520168659,real-commons,-0.13125,0.002638734875324733
196893879.jpg,245,3,0.755721810015612,0.5791210249581752,125,0.4080782499536898,3.6161975622685087,80.12055012468258,151.88688717654276,6.051843069146884,4.135976223894298,1.0387681219074074,3.0373864470947476,0.0,2,-0.08475115484228657,-0.0042772589206541145,0.08047389592163245,7.0,5.460187614009264,4.268525055969667,0.5711154964148673,5.404815558937872,1.0310026709522595,6.004042840679347e-07,0.5711148960105832,1.2555821176843325,-0.22457944673207297,2.9903761069069406,0.33369142092140613,0.6339129862715414,0.6080933270560065,6.742344749892656,3.43742669008436e-07,real-commons,0.0,-0.08475133998843065
196931022.jpg,389,3,0.9186364471109749,0.756694812148237,185,0.4220297597059507,4.161690877828926,3422.122311443742,10.68429890339962,34.90848466570998,30.257121976821413,0.9800878583734789,1183.947838663616,1.0,1,0.08026504732966044,0.031571286115502195,-0.04869376121415825,0.0,,,,,,,,,,,,4.467601861031385,2.4219997584717774,40.96497594798411,0.11051580188006713,real-commons,-0.175,0.08040976231065466
198429548.jpg,336,3,0.8760402814125499,0.7212056415502267,119,0.24324248520965885,1.9738200355097621,1631.1900778174743,22.19818910678015,10.410941087861943,7.807218448665076,0.555257689031427,2.174420743143344,0.0,2,-0.33320194470084363,-0.09438503314177438,0.23881691155906926,1.0,,,,,,0.27188446679832534,,0.333046139549523,,,,2.6822044080086247,0.9077917372244267,11.307424717989315,0.056316079984693145,real-commons,0.175,-0.33697231139097894
198429552.jpg,247,3,0.9580441294143845,0.7964305858834421,58,0.14346546191405363,1.5209795163996784,919.9062822081307,38.36163839356888,85.1083852166381,49.14710158638471,,16.39172929853019,2.0,2,-0.020278512753856504,-0.04202969376212096,-0.021751181008264453,6.0,6.884979742973761,7.819198603603727,0.35349846622580205,9.207040552576323,0.36677039140771717,0.08992976065303226,0.2635687055727698,0.08992976065303226,0.2768406307546849,3.99976851504503,7.104052179829243,1.3483640472459084,1.2791022860868282,86.7117026363209,0.18306705128472808,real-commons,0.175,-0.10258515443565863
198429553.jpg,279,3,0.9362008160311286,0.7810060933628132,92,0.2447816059815908,2.2237370313128686,766.024885826036,45.34458770118763,86.12693821708636,49.754312729559025,,22.07273763309954,2.0,3,0.21344134109116641,-0.09325943198909581,-0.3067007730802622,7.0,9.21781045426188,8.662854100966126,0.8370585546564815,8.771487402101325,0.7317566211604603,0.6998846610687681,0.13717389358771337,0.5828869150709961,0.14886970608946415,-0.322340800619779,-1.5620591602170073,0.8857169362747785,0.8342882216418487,87.05256971558194,0.44390676257843,real-commons,-0.006249999999999999,0.21927006478956113
198863012.jpg,204,3,0.7904215189623235,0.6265030111787516,81,0.2454862085233814,1.9923092140353318,1968.0869190128403,18.470316480117937,0.4327953403898732,0.25757708038628957,0.0675214206327541,0.021947275048194253,0.0,1,0.5185865881127323,0.11891415351467649,-0.3996724345980558,6.0,7.3188257384342394,7.546850167783848,1.0001125943361497,6.16912426308734,1.0113824777951232,0.47927987206039635,0.5208327222757534,1.4253803147437432,-0.4139978369486199,3.8831002145317495,-0.2522478772839536,2.1249996303362733,1.2588164850547452,3.198067853502904,0.09776248278489151,real-commons,-0.175,0.5284371303104732
19899285.jpg,394,3,0.7914337623916423,0.6385179433413046,80,0.10737056649477847,1.142923835144364,706.3824459549168,48.742230787703136,87.03368105660402,50.25987274333443,0.11338624403494593,4.767674354488887,1.0,3,-0.07734737075284936,-0.1061207940855382,-0.02877342333268884,7.0,5.096930824882465,5.675693005830827,0.18010613372643647,4.447127182017889,0.31518330133590533,0.12714386679374012,0.052962266932696345,0.1668356428871376,0.14834765844876774,1.7969865787853472,0.8501409954641614,0.9263894584639346,0.5173983739807163,87.3819034211158,0.017572014947308298,real-commons,0.0,-0.07734734949770683
199677639.jpg,286,3,0.6061871393119325,0.42702594047184894,76,0.16226546279559823,1.4858069135884264,1377.4476477542391,26.157214360496003,6.322575635520835,4.300949533478095,0.26527415021802137,0.25470927223544965,0.0,2,1.3041800859161392,0.18064434765344473,-1.1235357382626945,5.0,6.5928217353128264,6.073838720593423,0.17772524835977954,6.971636867852132,0.17779245626519957,0.34712774333128316,-0.16940249497150361,0.34055528523526,-0.16276282897006045,-2.425047162206079,-2.936507622873931,1.1248849069864466,0.9035954217478162,7.453013615506994,0.015587246452823288,real-commons,-0.175,1.353313606948784
20657181.jpg,229,3,0.8090364035448883,0.6212978475433635,52,0.13298767948273502,1.2388265729589483,366.24087785810786,82.29014685094957,54.32653176128823,33.318210250606604,0.5035319528972684,2.087823435718876,1.0,2,0.997201396424779,0.06980785708947246,-0.9273935393353065,3.0,20.119703468542994,25.643475098800096,0.6014377737964178,12.821742837149111,0.3629809580150347,0.22222412135219383,0.379213652444224,0.1173258019028185,0.24565515611221622,14.849860581946986,9.609349566920933,19.082419282875026,6.491532360450349,68.50728353143563,0.22294243811963554,real-commons,0.0,0.9972012545231833
21010877.jpg,330,3,0.928530688044149,0.7744535551565639,108,0.25974925796567894,2.215224560923776,4645.837427493205,7.880489567528328,89.09301995388715,51.438965762726305,0.0643550487587891,206.57305148056838,1.0,2,0.2668066823834546,0.028340755594680078,-0.23846592678877454,4.0,7.586220718556882,7.586220718556882,1.0301166589940167,7.373252157945058,1.0301166589940167,0.9698761066899122,0.06024055230410452,0.9894673194172428,0.04064933957677397,-4.033715932737779,-4.007319314790103,4.506667416342263,0.41264086819635404,89.55449616689842,0.5597766609049515,real-commons,-0.175,0.2628493395359689
21152354.jpg,747,3,0.833282500166807,0.6538488219099032,308,0.29170669957928796,2.688207105052382,158.23603081309608,127.37635101370856,32.21398001757148,18.899289793158935,,246.28601007107736,3.0,3,0.12475877256299406,0.015031153661633767,-0.10972761890136029,6.0,11.724223494396721,6.8135400798788135,1.6128609032888042,9.07353435486781,1.0617401527264887,1.3435783986699903,0.26928250461881387,1.5620943947766905,-0.5003542420502018,5.159904535992331,1.829366978732387,0.22367745221774235,0.208414870976957,32.42525849041409,0.006179533076958688,real-commons,0.0,0.12475877582071282
21611524.jpg,451,3,0.8928573728350128,0.7230841442506936,133,0.27678517912847517,1.7283932271913844,966.2450412155464,36.64756555463328,1.4571100950694102,0.9036170112335122,0.0705518103044848,0.12124666768874107,0.0,3,0.2501605520202388,0.12606983781814463,-0.12409071420209417,6.0,9.047481601470851,8.54400252304614,0.2515275443846807,10.764311220154342,0.5607723457603173,0.06786800465437581,0.1836595397303049,0.11041787770577338,0.45035446805454393,6.196308695734576,7.18715371776949,0.5434877150357565,0.3787780607067135,2.1627122532773515,0.005977442820553344,real-commons,-0.175,0.1409647959128768
21850640.jpg,131,3,0.9112969098758356,0.765438098667128,85,0.542691418074189,4.759890037481169,485.5948731606308,66.76860905557247,32.24653650405789,23.167465715992563,0.40385560599100023,2.503606846780416,1.0,2,-0.8490397731316649,-0.30943659552678815,0.5396031776048767,0.0,,,,,,,,,,,,1.0067814193465876,0.9543728424114686,34.24673429269635,0.010929069917381783,real-commons,0.13124999999999998,-0.8088119303908956
22647576.jpg,271,3,0.761907074164736,0.5953760070728327,65,0.15914777122920098,1.1928731299978934,644.5242956426833,52.80789659374264,1.304385416948307,1.0541553627169562,0.05371932014487792,0.04714356375474424,0.0,3,0.418709666620552,0.0414524077609727,-0.3772572588595793,7.0,3.8286494759267384,4.4537023251637375,0.11702779246866779,8.43044791131817,0.4551984430278848,0.030874779410586584,0.08615301305808121,0.09610863933471858,0.35908980369316623,2.2724349879840675,6.108833536174676,0.5859527863713447,0.23794315341385072,1.6790121710823156,0.01199577635515943,real-commons,-0.012499999999999999,0.3936610578487566
22786006.jpg,172,3,0.6839597989472038,0.5281703625800589,50,0.13800233012802954,1.1742224469626716,617.4392957584972,54.79266616080994,0.05651996444649399,0.033192832226113966,0.06490007269546413,0.08969852812356413,0.0,3,-0.058051011485752424,-0.08355469158837736,-0.025503680102624937,3.0,3.281661626498766,3.281661626498766,0.38205116913103776,2.338472291356205,0.2851530937325175,0.1808294458896329,0.20122172324140486,0.24415280799703698,0.041000285735480535,-2.2446529324771727,-5.435512912708701,0.5461240695193081,0.07684562083667847,0.2930406324884003,0.012608127179738249,real-commons,0.02499999999999999,-0.04701502026282234
23210586.jpg,345,3,0.6720643826633413,0.48075761838609193,59,0.1006813987501863,0.8536870523352003,499.6052210893988,65.27958823763834,3.326144093289969,2.111478568177391,,0.8532043867741703,2.0,3,0.4242182225062785,0.0225567766499275,-0.401661445856351,7.0,6.319502520477544,5.839320256050072,0.4916507294509076,7.419075238663205,0.9632035664636716,1.533517860555556,-1.0418671311046483,1.7087877274997263,-0.7455841610360547,-0.5115501638396118,1.4115857566047172,0.20882783763495974,0.15735006270160332,3.5615440918092154,0.007159469436829109,real-commons,-0.02500000000000001,0.42290619714081257
23962381.jpg,456,3,0.9491814986715928,0.7684685392931883,261,0.5118471877097441,3.7576406962247213,689.4782260617436,49.79382792522849,1.1908973112577144,0.7724659935676939,0.08807561656477624,0.1911704802461875,0.0,3,0.3870971633169542,0.10642687693254849,-0.2806702863844057,6.0,5.826242574646886,5.826242574646886,0.3245468187536833,8.74656609414825,0.48649173039715254,0.02923287650114048,0.2953139422525428,0.033062309034234794,0.45342942136291775,3.9222323011621705,7.106232213303817,0.680286498780605,0.36641593057301747,2.0399082057407445,0.010719600669644311,real-commons,0.09374999999999997,0.38510238302079436
24332753.jpg,243,3,0.8979394096411754,0.746367695859271,53,0.12449941932780607,1.370371081420093,990.1030773382186,35.82152739322964,85.2860029408722,49.266461461199114,,4.897639285239405,2.0,0,0.6426709775422494,0.19427298469265075,-0.4483979928495987,5.0,8.449197186889704,8.449197186889704,0.976795845615257,10.078139279859545,0.976795845615257,0.33367759456508317,0.6431182510501738,0.3719019647228934,0.6048938808923636,3.6436070660270623,5.648941873310834,1.4533957767527195,1.3915497362842313,86.39480743431255,0.22851199736903108,real-commons,-0.05,0.6914026465883069
25231335.jpg,495,3,0.8898563034756856,0.7245897290746072,232,0.3397667152527317,3.184635708956771,872.8474555305846,40.26750707120454,86.64615352879447,50.026681829760086,0.4810678290901947,8292.93594325151,1.0,2,-0.2093821125941987,-0.02288449944103732,0.18649761315316138,4.0,1.4659114063272676,1.4611074215852438,2.5310552513044926,1.2924863408681446,2.5310552513044926,2.7061307292272003,-0.17507547792270772,2.6491542697427857,-0.11809901843829307,-3.3143582939790233,-3.4122900177538567,1.2930129797129368,12.476962194999423,87.09251050879472,1.5193907069332433,real-commons,-0.075,-0.265452170042321
25367572.jpg,599,3,0.8848218937798081,0.7171076071258339,237,0.33869915124377714,3.07520127231955,681.3628422440331,50.31391054319907,86.56208473425086,49.99182640990752,0.12838854698408825,5.161427048124884,1.0,3,0.4813897255664261,0.18379592387581623,-0.2975938016906099,8.0,5.659493839104869,5.59786760388319,0.249261507876259,7.555646798367876,0.3063435110375221,0.05670286389094947,0.19255864398530953,0.14535718777537188,0.16098632326215023,2.9647366244683857,1.7330817603819453,0.6291895805416744,0.23612072572838844,87.07096749224196,0.014461982305253068,real-commons,-0.012499999999999999,0.4916215681501799
25501098.jpg,610,3,0.8943188498497213,0.7249054152650661,289,0.3900607457488497,3.2725707866186724,968.1532806613595,36.58014519217504,81.5935722089177,47.167094074787805,,2.7131584509044693,2.0,2,0.4278793987249554,0.11216590382244873,-0.31571349490250666,7.0,7.4382293840559495,14.114731188283479,0.37842802699574385,9.624417356485795,0.5854842864569676,0.2763599074433123,0.10206811955243156,0.5123916757659348,0.07309261069103279,2.769998510100632,2.2300420926886018,1.350889322824155,2.035893645326416,83.24494122335959,0.11402904810802268,real-commons,0.018749999999999992,0.49381401011614
26339665.jpg,434,3,0.7976488636802432,0.6392723859196457,78,0.12559438135327755,1.1004810921234016,2838.4221569077013,12.864582931449458,17.771461793496783,16.099708453301783,0.728957653575049,3.229058703840648,1.0,1,1.0558102635774629,0.23475400195888985,-0.821056261618573,0.0,,,,,,0.144400211907735,,0.16821660165816077,,,,4.417080811953683,0.9590796853174701,19.78362510167272,0.03882533048824425,real-commons,-0.13125,1.0539782923220706
26791257.jpg,453,3,0.9513300155121773,0.7942477269719445,281,0.5447490522309734,4.286560804322386,1543.2880240856277,23.428507302673243,9.288437983849462,6.446217055309816,0.5502558311107487,2.463506190900648,0.0,2,0.27114227407572467,0.2163068147066397,-0.05483545936908496,1.0,,,,,,0.28633832436790563,,0.48576774039351056,,,,2.857145313802008,2.118285757882508,11.890853916127973,0.041904409359602005,real-commons,-0.175,0.2827641544870223
26914429.jpg,111,3,0.8631564664725485,0.6979170895337247,32,0.15743656221084346,1.349966033517584,11696.312349009702,3.1343343692902077,11.959938293996814,7.982249259862414,0.4290472320606253,5.192538958912996,1.0,1,0.6116862395712455,0.12055725690620855,-0.4911289826650369,0.0,,,,,,,,,,,,15.704825204967023,8.397921795021677,34.32847298968303,0.29332382689285397,real-commons,0.175,0.6117306503737859
27064333.jpg,564,3,0.8542604598547366,0.6946605305563718,165,0.257969600933494,2.0904861704533158,1449.6093006311976,24.896705714916866,33.210431417762955,22.50915677483178,0.5290252978399681,13.81011502871283,1.0,2,0.5003014974445578,0.12570474402239007,-0.3745967534221677,4.0,5.54322370989704,5.54322370989704,0.13268050101090312,5.013393960585146,0.13268050101090312,0.06715864281971129,0.06552185819119183,0.09020963531154846,0.042470865699354654,2.6529162593903752,1.4651931854289035,1.439957853197402,1.8017966721321015,36.09170948077523,0.017958787883411896,real-commons,-0.06875,0.5425917909232076
27064370.jpg,727,3,0.8664188001266662,0.7037598549326471,178,0.20377217190014052,1.6996925732073045,1087.8288818387712,32.78396013058472,51.31679998421557,30.747554407149018,0.09045263955975436,3.7371548092696494,1.0,3,0.3871054017205269,0.13480114554610378,-0.2523042561744231,7.0,6.545714439807795,7.030247771540046,0.20370159693128365,6.50568553592876,0.31306680782204577,0.5022261067419707,-0.298524509810687,0.38641529204880465,-0.07334848422675888,-6.388885358027427,-1.1734357093380492,0.8086828096000177,0.7947825147111869,53.05001728261062,0.012887747170889708,real-commons,-0.01875000000000001,0.3940760397090157
27299218.jpg,437,3,0.8266780095023594,0.6480934585922988,159,0.27608783760587363,2.248445212235065,464.09073012443844,69.17410645555901,2.064428206523047,1.6463085776333195,0.05152758447905295,0.03379957541348033,0.0,3,0.10646230852479854,0.05276283793914238,-0.05369947058565616,7.0,6.3287959125226045,5.8170169399029374,0.1711419217559076,7.259840293743425,0.25545959497901904,0.0516242003971743,0.11951772135873329,0.2601738295510114,-0.004714234571992382,5.397521252819162,0.12963814160630704,0.3426056273879904,0.27771244797795896,2.409081065136769,0.006832777336854884,real-commons,0.012499999999999994,0.1464068530567043
27299221.jpg,402,3,0.9014601305486815,0.7134844156990097,172,0.3330362483413335,2.6195695127272884,377.52278332114855,80.57128544135321,5.357502948507317,4.642268476636122,0.13947119937609395,0.07546948363990033,0.0,3,0.25888359512146475,0.07988033906845082,-0.17900325605301393,5.0,4.815299731253028,4.815299731253028,0.25992182794422414,6.167566182291959,0.3973966873263448,0.028569608734585916,0.23135221920963822,0.12450481345379849,0.2728918738725463,3.8955693209300932,3.2201084938742937,0.45838556292928667,0.2526478237599009,5.749136043831328,0.009936000786763963,real-commons,0.018749999999999992,0.28949115947590687
27300088.jpg,370,3,0.7804162728573504,0.6165107334678955,79,0.18454103998069413,1.7294045334375576,458.733022313832,69.79721254926407,84.02912917989158,48.52413702473244,0.044497600806865316,1.0083065199259054,1.0,3,0.6612297581537707,0.26702622132264575,-0.39420353683112497,8.0,7.15236973785319,7.203106972875401,0.2567058384967078,7.686317646434334,0.31565578180211196,0.02942794945197047,0.22727788904473734,0.03441008796158984,0.2812456938405221,5.373575528617738,5.377840044490835,0.8052601133447721,0.4769534195066119,84.60457569249138,0.005458936446279357,real-commons,-0.02500000000000001,0.4725001719620272
27541522.jpg,488,3,0.8674125139389542,0.7129318208009872,101,0.1338321510102818,1.3506762710593485,76.99273178523799,152.9432842444345,86.68397290057315,50.08617672876806,,30.274050005699205,3.0,3,0.6707410685636439,0.16695461938237366,-0.5037864491812702,6.0,9.036445768558837,9.036445768558837,0.8801541581946477,8.44220343122483,1.4337628813631427,1.5236751434730271,-0.6435209852783794,1.5236751434730271,-0.08991226210988446,2.436784910164806,1.9315547237993895,0.12181506146229594,0.544882600050907,86.92759547171566,1.2849916271248072,real-commons,0.0,0.6707410301019667
27541534.jpg,365,3,1.0360591311744913,0.875542013773764,131,0.28449536654611274,2.209906719241161,475.66038740776116,67.86130058846398,84.47632705417557,48.79245016546984,0.27657374909501226,2.5232740022213394,1.0,1,0.46793076128781397,0.13771251529903494,-0.330218245988779,4.0,13.976704350407413,19.367774683250055,0.6264318120463708,13.740921827115452,0.6264318120463708,0.3233340990049163,0.3030977130414545,0.45885055194686464,0.16758126009950614,9.555201763266504,8.87212650964184,1.0861730293877592,0.6584671173558232,86.87409881863718,0.02913837762742509,real-commons,0.11249999999999998,0.3294705748173319
27541626.jpg,382,3,0.9776848898121077,0.8112140597515679,134,0.28651257545329467,2.375903987975556,1150.394040983455,31.089471057573785,49.8258219132791,29.220440284719835,0.002921422922209864,0.5200321754335362,1.0,2,0.1561782989801641,0.006844721510310681,-0.14933357746985343,7.0,11.967375612949985,11.617208849175126,0.2673460209224725,13.00532047130631,0.3715856220499574,0.18033085314704023,0.08701516777543228,0.2543300760541882,0.11725554599576915,7.346688964643022,6.413681544496046,2.5356046048164744,2.8438847127248867,52.533146933203426,0.05889131177944983,real-commons,0.175,0.11650308585075098
27597820.jpg,446,3,0.8327067803586659,0.646906407489184,156,0.2483037963160009,2.159720327729927,567.72451146819,58.81588246530551,31.898235819646622,18.452818521603096,0.02719706874994257,1.0471139439946149,1.0,3,0.5125148952659238,0.13537321248393774,-0.377141682781986,7.0,2.266941474441895,2.251191127076632,0.09455396866363763,5.261769237114118,0.2119926723286203,0.03551007350671398,0.059043895156923654,0.19315630800559713,0.018836364323023158,0.902725647066166,-0.16183838805314021,0.3590058932000423,0.3822705866703631,32.497385818061495,0.008194298434486345,real-commons,-0.012499999999999999,0.5560050964838662
27725205.jpg,152,3,0.8561669523840049,0.7068863791940122,42,0.14015742483629803,1.7134142763787652,1876.590968018072,19.354219585189934,87.34913381948589,50.442577296729034,,219.68230689949735,2.0,0,-0.570548524273774,-0.32119411527288744,0.24935440900088657,0.0,,,,,,0.24057036344237837,,0.12028518172118918,,,,4.2001371883197205,3.19153631373,87.58885121740252,0.6675172562359603,real-commons,0.175,-0.5697175991374035
27991823.jpg,297,3,1.04424576412329,0.8857616918963156,118,0.34308964199454145,2.9273329508003347,958.315551151468,36.93031292744501,85.83893842996824,49.58785840300029,0.5474028660401967,89.35603648019652,1.0,0,0.029715623608037145,-0.05641412473352081,-0.08612974834155795,4.0,14.339086662182371,13.683338998081036,0.7099379115469993,8.242803727990855,0.7099379115469993,0.3492854977107607,0.3606524138362386,0.34124668701469796,0.3686912245323013,7.707810761363469,4.387130795126476,2.027431267981668,7.573708382990029,86.36334154684448,0.7026447813481093,real-commons,-0.16249999999999998,-0.03603605174393287
28381723.jpg,494,3,0.9400876010874206,0.7689638729888267,230,0.33335665342966114,2.7991361836805773,981.3837397627772,36.119209071948326,72.54907111619596,41.944820380346044,0.11342030999192301,0.8898698728856231,1.0,3,0.44390297566940595,0.16555279553282598,-0.27835018013657997,6.0,6.30396839405797,6.059991464164333,0.1831162242934976,5.511841889178235,0.25176089085426456,0.26730610581063763,-0.08418988151714002,0.2932011405927515,-0.04144024973848692,1.4917723169231234,-1.0942873947459004,0.6228069131797597,0.6470670791957701,73.33019415486233,0.02354218331825283,real-commons,0.08749999999999998,0.41295325214250334
28436124.jpg,331,3,1.0110279981559924,0.8234100619411264,182,0.4643085947613579,3.4969102162494243,959.8767964325831,36.87431005826145,0.8474640112951448,0.5519673602662968,0.02952472163790125,0.3134590950708964,1.0,1,-0.06850141419680089,-0.02707153126615025,0.04142988293065064,4.0,10.07006144998595,10.054048720171444,0.9618759887813755,9.989049715457156,0.5783044046392152,0.32701928895098664,0.6348566998303888,0.27459307099428454,0.30371133364493064,3.7919035329018786,5.910233771823521,2.236908388735244,0.5481369389078912,2.6507486962720694,0.07749686572205931,real-commons,-0.175,-0.08018821222962069
29514918.jpg,467,3,0.8030799750984948,0.6210806608984496,153,0.2891702709288095,2.43554153685524,1662.9538134486354,21.78442305510339,41.35926360140383,24.525549072746188,,0.5001650671795502,2.0,2,2.291752099479125,0.5368118879856012,-1.754940211493524,5.0,8.291302246798832,6.025171936851694,0.40120040671954893,9.672905333960012,0.4819959119574735,0.19256776390878727,0.20863264281076166,0.2248138193506386,0.2571820926068349,4.7833862535331235,4.0912502794012475,1.5524707888567137,1.5758558527392676,44.55473349481063,0.03613976489006719,real-commons,-0.175,2.3014498431397805
29657001.jpg,515,3,0.876789069138779,0.6831257856187105,135,0.2256131729198479,1.4950822018201646,365.19391475471156,82.45271957821973,15.478154009372574,12.271196860864611,0.5575642114820729,0.1772359696457601,0.0,3,0.19049682561495274,0.07557739133856922,-0.11491943427638351,3.0,8.522401228777955,4.6344010746924935,0.3040677029874459,4.398931299937683,0.16522664646688678,0.014935843873241428,0.28913185911420447,0.015986422236345277,0.1492402242305415,7.808891885683517,3.89555657772695,0.3215791453582371,0.2585599643156035,15.776693571865085,0.0051188461972888274,real-commons,0.012499999999999994,0.25477897202188604
3078862.jpg,323,3,0.8843282338244383,0.7104014530134102,230,0.5930834252172505,5.608244591592235,118.30337183964578,139.42149132672358,84.84249088827323,78.36741331277466,,0.7359597022921689,3.0,3,0.032499000124200816,0.17509193035520854,0.14259293023100772,2.0,19.905443460857384,19.905443460857384,0.39355771535200734,9.952721730428708,0.19677885767600367,0.20678843347516107,0.18676928187684627,0.1951764263533171,0.0016024313226865594,5.95111290097743,-3.4980957631773286,0.3324431473950321,0.332764044349746,85.43881385090725,0.004639858917176447,real-commons,0.012499999999999994,0.17085992075256884
31773433.jpg,541,3,0.8006277525427145,0.635926364131128,263,0.389322817334399,3.5202601247571983,621.8305642450031,54.46157388132844,78.60364003110857,45.630194378502765,0.3881630715563386,19.6732535516871,1.0,3,0.2130015703688133,0.08482633536653705,-0.12817523500227623,6.0,8.971620502974433,8.841763907448245,0.3305931368585693,10.352683442731575,0.6517502066515148,0.2845641791230795,0.04602895773548976,0.3205670836799386,0.33118312297157626,2.7294516099977653,2.528422317996495,0.16151760835837264,0.24727412401374446,78.74351470223304,0.015487715670302878,real-commons,0.11249999999999998,0.40860859470884936
32289309.jpg,288,3,0.7765446630242469,0.6076153400538307,75,0.1340094136257104,1.0533062001492848,685.2294461603094,50.06485389269274,2.189705132906724,1.286373281537968,,0.2561671487742785,2.0,3,-0.14950409794841868,0.009716875910975031,0.1592209738593937,7.0,4.073069861974278,3.946440071263506,0.6364046284964902,6.016747189347543,0.8662383832532004,1.5941947460648276,-0.9577901175683374,1.8532108902227433,-0.986972506969543,0.7426703954943363,-1.661107595178482,0.8653089263605106,0.7927082819173825,3.380567142614888,0.03447430956787546,real-commons,-0.006249999999999999,-0.152016068715761
33240170.jpg,167,3,0.9879647773011886,0.8128038173182548,61,0.2744922654106897,2.1084995140367577,604.0472012805097,55.82569975960584,2.0567658579611674,1.2105062177007277,0.17880597322400588,0.40802590728145155,0.0,2,0.211729983664246,0.0371279998646189,-0.1746019837996271,7.0,10.170854704943759,10.48043004197579,0.3430493771009333,10.540507965497511,0.33261996857432585,0.029550458809529445,0.31349891829140386,0.03914420114509687,0.293475767429229,8.000490882525668,7.827777362056155,4.002674821579269,0.35504979519154983,3.195870079817385,0.02810628684581531,real-commons,0.03124999999999999,0.4068384885180112
33633818.jpg,511,3,0.9861369195055102,0.8230960248732572,309,0.5208235313894979,3.8400221794357403,10155.9408854945,3.609431316271815,40.046581501935734,30.79087833993112,1.2050958137106846,209.10551352017072,0.0,1,-0.21038572531318078,-0.056065953114192046,0.15431977219898874,0.0,,,,,,0.5163620651372689,,0.2795026108442862,,,,5.772504422338387,4.474380198052781,45.55773148684004,0.15359533494168542,real-commons,0.175,-0.21064795814097925
35521434.jpg,252,3,0.8055746870418277,0.6357782775069241,130,0.39504057418025507,3.198386991353208,3357.0676846000815,10.890110956838576,19.95926672897052,18.98342382470709,0.5711152161962599,6.026920505333209,1.0,0,0.5105484657758311,0.17122449951481122,-0.3393239662610199,1.0,,,,,,,,,,,,3.499774981988035,1.6349001013144029,23.106494565123405,0.05803701305005876,real-commons,0.175,0.5182789081003643
35950954.jpg,669,3,0.8542914388550937,0.6743224807867999,188,0.1955417295382709,1.7140288756928777,15179.715611790702,2.4153198482444416,81.70655283363384,47.18947195806423,0.2772052310589122,30.425008668573756,1.0,0,-0.1042918677496264,-0.09141988016548042,0.012871987584145983,4.0,11.615685624373114,10.478990096192321,2.484418907700485,8.655238184395412,2.484418907700485,0.0,2.484418907700485,0.09234443211814192,2.392074475582343,-0.5308657801672201,-4.541825663333029,10.313571410525313,8.339716351293294,86.7969392428608,2.3966053779465713e-16,real-commons,0.175,-0.12425778375069696
3721699.jpg,602,3,0.8232375237444312,0.654595760122173,132,0.16417823776572177,1.2601750390785011,744.7306321196521,46.5049968572026,0.202262646147787,0.16418382389060882,0.005246271745701732,0.005460470512151499,0.0,3,0.05368428717993501,-0.05319552210354739,-0.1068798092834824,8.0,8.509329958065617,8.43529047276423,0.2747042938625439,11.134233964062211,0.3909516495265173,0.05291021458887357,0.22179407927367034,0.22185431320018933,0.16909733632632795,6.1801439707204855,4.4483707441087805,0.3280452241645094,0.17030126744513946,0.5675555475473807,0.004798419031576924,real-commons,0.03749999999999999,0.001634225319414151
3721742.jpg,259,3,0.9359549054210253,0.7395097580081702,145,0.4298363799671975,3.5842419303943664,1476.5885619181336,24.455617806448142,28.744835688064995,23.28229726349761,,4.94234611212178,2.0,2,0.6665270317584739,0.22354376800869113,-0.4429832637497828,1.0,,,,,,0.39132078451389685,,0.3220848803927816,,,,4.245936337544532,1.6156217859883926,31.402927931072025,0.05066125737736628,real-commons,-0.075,0.6872050208484682
3721761.jpg,324,3,0.8568937818054058,0.6900441266563597,85,0.1953634425717525,1.7324599285102367,80.00052367045761,151.92733656946749,86.8725768330094,50.17234126362941,,27.260508735894465,2.0,3,0.4261877374820995,0.06530359859934465,-0.36088413888275483,6.0,7.659834502402528,7.659834502402528,1.4453720296610735,9.245090680548053,1.2104984940310417,0.9607582645636832,0.4846137650973903,1.1796393236345644,0.030859170396477342,3.6878427060128702,4.40244778633648,0.2779145710656203,0.3092612069729691,87.39119800638396,0.5452387250781016,real-commons,0.0,0.4261877374883385
3725381.jpg,436,3,0.7275422957035285,0.548157911118349,44,0.04726936844313749,0.6981174721248384,735.8100922074615,47.00794541858112,1.3068750577966028,0.9300130689280266,0.9163880822231834,0.3990139008426114,1.0,2,0.5767265619746752,0.14872712508438546,-0.42799943689028974,8.0,4.445885409471782,1.9614356395225518,1.9614220676891256,4.437058408473764,1.9768577180442701,1.678197003585069e-07,1.9614218998694253,1.0150773272396338,0.9617803908046363,4.245353836403064,3.6066677133618494,0.7462551166337004,0.41812770712542835,1.6683450593854345,0.3036718325325327,real-commons,0.15625,0.36552232743051727
38392016.jpg,333,3,0.8528798466781681,0.6828680281831113,112,0.2844112436035232,2.105240883376754,678.1851095314065,50.520335948368434,2.0556748530602107,1.2075107319406573,0.11600759508364834,0.25705853879630897,0.0,3,0.6970473966989034,0.09592997296741557,-0.6011174237314878,3.0,12.542433359987566,7.716299631272992,0.38800773628911767,6.686348743949385,0.19474169425427856,0.051957901754914104,0.33604983453420356,0.08112241095645967,0.1136192832978189,9.93521352968786,3.173145064803061,0.8076086451575621,0.44499049589076,2.649345142977372,0.00977221395686227,real-commons,-0.08124999999999999,0.5001416470989816
41219873.jpg,547,3,0.754331419279317,0.5852137321408611,196,0.2512017187355309,2.1752829132349136,323.70336365731276,89.34073743125153,82.36064842777513,47.69539722420234,0.6661826803502847,6123.733408288862,1.0,3,0.3173964284923544,0.15860536884614562,-0.15879105964620877,9.0,1.4919950351990674,1.1993502206200923,1.2642284467414493,2.6925500037431394,1.651428341151747,1.3488817767004635,-0.0846533299590142,2.254333005597782,-0.6029046644460352,-0.6646181008095171,-0.3818374516688001,0.2809514732028366,0.6536927587548518,82.74076255885588,0.07686672184062938,real-commons,-0.006249999999999999,0.3137902193391303
42895508.jpg,342,3,0.8194038224760154,0.6516334627524281,83,0.1304956285601448,1.1564388556371674,998.874408865817,35.52682222530972,3.7861243220267227,2.457833098077985,0.09700750194368755,0.1927829615236508,0.0,2,0.6661723108468716,0.2910305305559142,-0.37514178029095735,6.0,6.652039235587799,6.706781539011006,0.3801650022105809,5.934418238439525,0.43654616518910805,0.22916375375518072,0.1510012484554002,0.33168855116371265,0.1048576140253954,2.366138377204348,-1.1217037034617343,1.5908483000999178,0.5063999956380207,4.545108306537976,0.03171439124812787,real-commons,0.175,0.5053851466274258
43766851.jpg,709,3,0.7715641556618653,0.6516255560590145,86,0.10618148830993994,1.4895476866541442,4093.8542374853632,8.938982008381249,88.19149318413773,82.49503979132554,,4.4881965112681685,3.0,2,0.19159507811055043,0.015114165162584126,-0.1764809129479663,3.0,34.16652778019008,34.16652778019008,0.29855222266891523,18.792784678580418,0.2926596933236105,0.1840547024085275,0.11449752026038773,0.09202735120426375,0.20063234211934677,32.34666949626107,17.88285553661589,2.117986201367109,0.4389143514132907,88.64329011695727,0.04116109291165267,real-commons,0.175,0.15821421283757164
4384107.jpg,441,3,0.8115090465146566,0.6504974534197147,146,0.23301115356877777,2.2437647052511887,853.3502316539983,41.111344405706824,27.819736673772447,16.168536965332937,0.9621031708010176,16.998813793729404,0.0,3,0.07156515606139047,0.04340298282902311,-0.02816217323236736,6.0,3.395109832813069,3.3597029181296123,0.16880715335202812,4.41552441640898,0.2670295322750964,0.3656869639972977,-0.1968798106452696,1.3228702252099414,-1.055840692934845,-0.6947576727772011,-4.04129790559927,0.6367457196725905,0.12114453870440729,27.96889574672774,0.019850167637441553,real-commons,0.0,0.07156517706677523
45045216.jpg,262,3,1.0270698520243686,0.8422422960953706,145,0.4873793119167578,3.313217712165936,1101.5424731958376,32.39734534787463,5.655934548369842,4.309156271590712,0.17790184072608192,0.19767644232927384,0.0,2,0.39691063832944307,0.1305801475280458,-0.26633049080139726,1.0,,,,,,0.12216962105889184,,0.12351055792059595,,,,1.063915027101536,0.5660507284079916,6.676125108644908,0.025390078075660107,real-commons,-0.037500000000000006,0.44669385387988425
45430044.jpg,294,3,0.7790956961239187,0.6046689809234872,102,0.2857872286231949,2.3272777971274916,1032.5395932272488,34.438035674282965,35.39415720101354,22.760886971227816,0.8763613945334108,77.61522413060058,1.0,3,0.7229393054306799,0.3089055218906305,-0.4140337835400494,4.0,4.8022406989772035,5.098349774585618,0.09340366628359131,4.650985381563985,0.08924845809281656,0.09718381617538263,-0.003780149891791318,0.06283804921684899,0.026410408875967573,3.291588961441779,3.724443632076376,0.591304566831955,0.765118475881537,36.568720402223406,0.011788724134476156,real-commons,-0.06875,0.8189417956720688
49011545.jpg,610,3,0.8150203283396246,0.6482553230355904,91,0.10802943018129052,0.9617062841448469,15190.476077421301,2.4136094161761483,85.86575806263808,49.5799253992485,,444.1813199660423,2.0,0,-0.15882700501069236,-0.12723282893692556,0.0315941760737668,4.0,19.7080720924684,19.7080720924684,2.2207892350531444,13.53607652114524,2.2207892350531444,0.0,2.2207892350531444,2.6491546348790145,-0.4283653998258701,6.320209760966151,0.3586888590516466,18.296641000428348,9.969944569038546,87.02369887190035,0.07998221465203634,real-commons,0.175,-0.15917420981075114
49165496.jpg,515,3,0.8850212817077882,0.6911936938443664,240,0.34885112633576065,2.7359346544489584,1596.329620237501,22.67052892544237,51.62939433388096,29.819634277398194,0.12100253472464001,0.4322421888390998,1.0,2,0.6558547293976231,0.20467467295574027,-0.45118005644188286,7.0,14.070401212690863,11.58925353721837,0.950762302336357,13.309674850716261,1.3370375932100034,0.655710728752184,0.295051573584173,1.1293966990754472,0.20764089413455622,10.29238436278511,0.2608770875162545,2.615363080055694,2.4808576173039145,56.25503133080166,0.05281154685878022,real-commons,0.04999999999999999,0.6752398829008233
4968273.jpg,560,3,1.0226508210830565,0.8585056469857772,185,0.23948599396356965,1.78176630603121,450.17517839302513,70.81304788188174,2.200483334481774,1.3303617961720913,,0.4378133414384516,2.0,3,0.012806670291543143,0.08766158234985677,0.07485491205831363,5.0,4.5255343483451345,4.5255343483451345,0.6057300925969145,8.916318769877693,0.7950014213597152,0.8910961097586654,-0.2853660171617509,1.317400541342499,-0.5223991199827838,-1.9165157647078779,-0.20617546092453232,0.36848849002741113,0.18829009521809897,2.5738462760104643,0.024452741162484082,real-commons,0.05624999999999998,-0.08168293218065181
50650969.jpg,331,3,0.8743980440925895,0.690623128738772,154,0.4172533811326315,3.5525698250667572,5094.4272137571215,7.188479521493898,3.913362874196025,2.653594848557828,,2.701670518642622,2.0,1,1.345701399330661,0.18752906791217916,-1.158172331418482,4.0,6.066254251130482,6.564401949497376,1.9185413386466807,5.733261245219539,1.9185413386466807,0.4046996539231804,1.5138416847235003,1.7806802995536586,0.13786103909302216,1.4188329459110172,0.9095702093203615,6.646176610504962,1.352892086050384,7.6085894301557,0.2571554275044124,real-commons,-0.175,0.9444259085626274
50982087.jpg,1035,3,0.5724709687988724,0.390643933107853,58,0.03591636931263307,0.4572210181086076,15115.547674441812,2.4255702145600493,71.20132221242932,41.12917292642274,0.8241879791324466,317.6698128448279,1.0,0,-0.003602702135381053,-0.07733722108024743,-0.07373451894486638,9.0,3.8718397545762504,3.1278942312648566,2.6491546446273224,4.189067736855203,2.6491546602499474,2.649153866774276,7.778530464186417e-07,2.6491546595747386,6.7520877777838e-10,0.411136311875099,0.8874886332342058,10.751917215639553,9.90095582425674,86.35848728334844,2.4067793542426544e-16,real-commons,0.175,-0.004195398388879168
52522673.jpg,757,3,0.6374645179745686,0.4533453378810549,90,0.06571458796574486,0.67869201986224,15904.451801481546,2.3052886314884162,55.45766504598303,32.10816568901826,0.8245318914634379,157.78409685868337,1.0,0,0.12126305501895762,0.09772047348632251,-0.02354258153263511,7.0,12.547640127846005,13.842972543537982,3.841860849459213,13.171493131355824,2.6491546109805615,1.3503452193079966,2.4915156301512162,2.649154586971264,2.4009297661109485e-08,6.482688963750983,3.0726592722972352,15.075049730361386,9.626403521735334,83.21971487945422,0.1847350029001934,real-commons,0.175,0.09144691168038166
53166458.jpg,720,3,0.8652121995256518,0.6614705328952074,293,0.34929094830874496,2.5860860066692264,2067.3311745835454,17.597846890276344,0.4878898520686903,0.3084406824272316,0.25959355123288924,0.1259402384877056,0.0,2,0.26129968712478635,0.19236970344006443,-0.06892998368472192,3.0,16.437308621696573,16.036293934543167,1.7571197104282108,10.006922608618238,1.2997389461590285,1.113381275757642,0.6437384346705688,1.5394400986598091,-0.2397011525007806,11.74463942257814,5.939372940965928,1.6142542213636977,0.40501199933797505,1.3340041576164512,0.37182210866235044,real-commons,-0.175,0.37045482719376277
53247790.jpg,281,3,0.8691793506120981,0.6991865085891874,108,0.3308766011672833,2.5166486336744933,773.3385688145532,44.95859471063329,3.4544777172503984,2.119305390010768,0.10345439500561798,0.16063568587337615,0.0,2,0.13542222475429067,0.033864905903986164,-0.1015573188503045,6.0,6.876690817061436,4.930412431733165,0.24639777445536026,5.772466058226949,0.3742177942954057,0.17835373327837623,0.06804404117698404,0.1938714850431693,0.18034630925223638,3.130757036602134,2.0015368656684602,1.8092228601242453,0.6446035424280853,4.3340946238277995,0.033057005790754435,real-commons,0.175,0.1435731011528829
53573612.jpg,537,3,0.9174252797694421,0.7525620529267948,207,0.2746924351843505,1.8547973167725773,1413.95517205846,25.504210123923585,5.7734900032660335,3.4649734757471924,,0.4516797987777077,2.0,2,0.5060131945842974,0.1397353470138707,-0.3662778475704267,7.0,13.660855455803045,14.466984180267515,1.3889566685152825,12.01595567282824,2.239524357418213,0.36570101279966405,1.0232556557156185,1.5822091435091479,0.6573152139090652,8.481474966926271,4.488360177254824,1.215422549462446,0.912202440423235,7.917364104499459,0.04021249769882084,real-commons,-0.175,0.4077855706458582
54398721.jpg,620,3,0.727615768561143,0.5373374529760263,190,0.21815756932110553,1.7007999352561791,705.4398916075128,48.7997673422632,4.589954270143224,2.9497514137973027,,0.34648461355389965,2.0,3,0.14819474318202408,0.08175574559521404,-0.06643899758681004,6.0,6.306488639762025,5.283474121520399,0.24727021182500852,6.164270496350779,0.3426965012149612,0.11630992629323078,0.13096028553177774,0.1787028556576482,0.163993645557313,3.5217551430152825,1.3823460262705636,0.39572821228590804,0.19070614080980441,4.885111757944494,0.009056609451999736,real-commons,-0.006249999999999999,0.15045186490535956
57603006.jpg,524,3,0.8265434357243274,0.6354150405614262,162,0.2329929433152784,1.6977273863048175,292.54018736479674,95.13363436325999,1.0944624538164192,0.8092267667777003,0.029347565734090475,0.011245899668958101,0.0,3,0.553632445834782,0.31095961860333154,-0.24267282723145045,6.0,3.0999201607438898,5.302033069788894,0.1379428478220568,5.747990561973072,0.21861864826698563,0.026701692503729113,0.11124115531832768,0.03905793979655314,0.17956070847043248,2.243643026743242,4.948367507529802,0.26848981849285214,0.13015819023285358,1.3621161011422669,0.004802982392410508,real-commons,-0.01875000000000001,0.5952365293509877
61534267.jpg,706,3,0.7976941701492971,0.6286332475466583,162,0.17502120970705165,1.5343392987394031,965.1477824712239,36.686441788845656,75.66780836435565,44.012577765367766,0.36399653362938267,58.70455481379035,1.0,3,0.17005373613963026,0.1329678652041847,-0.037085870935445575,8.0,6.318582531597746,5.422393069680507,0.12643418438949272,8.083939079327866,0.26954720180274183,0.1656678073204194,-0.03923362293092669,0.19738820259509948,0.07215899920764235,-0.05050550802845599,2.369930418187617,0.8179584486521172,1.1820434259742276,77.86297531159455,0.042135229737017194,real-commons,-0.043750000000000004,0.17294626734161422
64139390.jpg,545,3,0.8402218858773622,0.6886480725016565,131,0.17161515675753278,1.7077080793149066,1903.9791427855093,19.080968788432283,80.42301317692026,46.49743188155778,0.17873494775554333,22.6871068469212,1.0,2,0.4617439667185589,0.06504636617034432,-0.39669760054821457,6.0,6.880494013064612,6.521713197980499,1.4219500880081108,10.497701582783357,1.4463553095378323,0.15116133571588852,1.2707887522922223,0.15116133571588852,1.2951939738219438,0.7718384695565019,4.6207203434791575,2.702124849313459,1.6325969567356202,80.7610042470891,0.08193428342763762,real-commons,0.175,0.4457908390874472
65433162.jpg,359,3,0.6022706495468093,0.4087117847568781,101,0.14778268923037916,1.018623325181278,15376.232254787656,2.3844597094066136,55.08989810892716,32.088178379175446,,716.7997789411693,2.0,0,-0.246032186121112,-0.11027040732878035,0.13576177879233164,3.0,1.9121807870559238,0.9655842651918533,0.08899411747528418,1.0121881769014118,0.07785835052983536,1.1464189364095105,-1.0574248189342264,2.649154615802271,-2.571296265272436,-9.782697085079391,-11.562001346374473,13.388213109261008,10.95410029550825,79.76353789507613,2.3659754527699503e-16,real-commons,-0.175,-0.24614569841776968
68593562.jpg,370,3,1.005681927361274,0.8550499661746899,201,0.4601418369801795,3.1681864998509885,255.52992438545604,102.78309940359628,4.90797770941866,3.0317681240199144,0.4705397171508621,1.2087981526321994,1.0,3,0.38651712712900266,0.08637544845789824,-0.3001416786711044,4.0,9.559701313345716,7.792364823434496,1.2980626588833473,8.143713261016767,1.2980626588833473,0.08255650273777704,1.2155061561455702,0.09507244112687996,1.2029902177564673,6.99159646175721,5.017048063976735,0.9676990710499855,0.30180263487691217,5.465139491073122,0.01972263385434027,real-commons,0.018749999999999992,0.4482433334416801
69735323.jpg,520,3,0.9431863102927157,0.7969881726589724,299,0.5417080571224537,4.778628878436324,78.93350816881126,152.28723797915123,78.88896724995793,46.05346309260137,,114.24438258753764,2.0,3,0.289842467964298,0.195573125711619,-0.09426934225267902,4.0,24.209815243428412,24.209815243428412,0.25476104174748304,19.192023522777685,0.25476104174748304,2.146328622831817e-06,0.2547588954188602,0.33154824747561396,-0.07678720572813091,17.43048921716205,-2.020085696795178,0.5425560829603184,0.46095392142733965,79.6381497201071,8.107867698846829e-07,real-commons,0.0,0.28984243097243656
72728269.jpg,591,3,0.8256434193617562,0.6496287431970027,284,0.35153084222325975,3.2010745113233607,8501.227717557736,4.311376663002428,86.6003283185134,50.0043805080301,0.5021360135528492,70893.82963673098,1.0,1,0.11906087326125159,0.06344743106584982,-0.05561344219540176,2.0,2.4872558819898165,2.4872558819898165,0.4607374544816718,1.2436279409949473,0.2303687272408359,1.6268817939591385,-1.1661443394774667,1.0604198370557283,-0.8300511098148924,-7.181770951859982,-8.468026580805768,5.732838973024904,5.013331101408128,87.21167199359911,0.5200258992573468,real-commons,-0.175,0.11850932424276839
72853301.jpg,230,3,0.923107090894623,0.7746038615984964,80,0.26449994089051343,1.8379793675167904,1084.6272720337151,32.87551575771182,7.71981196298637,5.317500373369495,0.29132609260927345,0.2767448313275085,0.0,2,-0.02349600848505795,0.05877199815059686,0.08226800663565481,4.0,12.705854493938492,11.70421719228035,1.3639127781525682,11.846856448478526,1.3639127781525682,0.10001506723344722,1.263897710919121,0.21536731515132734,1.1485454630012408,6.655454938993232,4.63769849698655,2.6503851550524233,1.1558422454275827,9.77048213280993,0.04123344170651313,real-commons,-0.09375,-0.04051237086522674
73054791.jpg,843,3,0.967524743560885,0.8001398338420567,715,0.827937115978113,7.271257166046004,78.0078934569361,152.59989788833397,35.37366754942732,20.709925748551253,,0.7788424399092337,2.0,1,-0.01263938398400033,0.007010727208608736,0.019650111192609065,0.0,,,,,,2.091659327962958e-06,,0.5293798626378274,,,,0.9146502352983535,0.17627237495848233,35.53171323708173,2.204008728120667e-07,real-commons,0.0,-0.012639294034879511
73615995.jpg,369,3,1.0661510727353647,0.8990256339603097,281,0.7253836739195765,6.513395767557463,87.45184275697349,149.43007060397719,74.11274878931657,43.27808691946268,0.21114740402900758,2.6911878646220297,1.0,3,0.3482874594077935,0.1408357391615248,-0.20745172024626868,3.0,30.95011621601565,27.425643707268215,0.0,19.30598116070989,0.0,0.09110108768531067,-0.09110108768531067,0.20507208491546036,-0.20507208491546036,24.629320778520075,14.267641689881634,0.7306286157454833,0.6522967265958053,74.83551140902996,0.008603276802238567,real-commons,0.04374999999999998,-0.16419931344391003
7419946.jpg,459,3,0.940045337475569,0.7948965024026394,155,0.2581253908265099,2.253202044148837,15310.066442777372,2.3947616816686903,70.7274888454431,41.970300269420036,0.9898629773936651,10706.081806885491,1.0,1,0.33074694931308035,0.06511975442591589,-0.26562719488716446,6.0,6.578813022244644,3.9311161943301878,0.4268990910129622,5.4178142112792536,0.820440613748171,2.5398131965081108,-2.1129141054951486,2.6491546646182007,-1.8287140508700297,1.8005913169768721,0.07676292030825937,14.333353066607444,14.082156917162164,87.36873887731345,0.4355587995149714,real-commons,0.175,0.37282070711896687
75011665.jpg,373,3,0.9598111146606537,0.785403512248661,140,0.2933715079702519,2.2142642177657326,10277.05624281064,3.56692171529751,65.6021246908771,38.56921818815737,0.6763292601334872,27.980833381373948,1.0,0,0.12322677855666142,0.05301685072745177,-0.07020992782920965,2.0,19.117141242536093,19.117141242536093,1.7177180188045549,9.558570621268055,0.8588590094022774,0.09010626198644367,1.6276117568181112,0.045053130993221835,0.8138058784090556,12.95499571745145,6.477497858725705,18.400730689289965,21.420568358447824,84.42152026903467,0.37615488763180077,real-commons,-0.175,0.1235755174499602
77569557.jpg,239,3,0.8832984497809634,0.696119133270909,103,0.3089108805750473,2.728666748061614,582.9561664877889,57.52708680527593,17.471261181977255,10.224112930643628,0.021513348345236157,4.8292415868920076,1.0,3,0.5853359131678029,0.09248474069595569,-0.4928511724718472,5.0,5.179619675420836,5.0400197428547555,0.07787449530068269,6.688757913486662,0.0530208228316984,0.40182156421665916,-0.32394706891597647,0.517618637430485,-0.4645978145987866,-5.482075222550819,-4.714036351033029,0.6166679096487979,0.4589833159024865,17.749483302192044,0.012487680553816256,real-commons,-0.0875,0.5434164365988952
78769543.jpg,236,3,0.94719818988075,0.7365991281800996,113,0.3964035039266525,2.9980127209646117,558.9477361846833,59.58264841725302,1.9536357948439473,1.4777263863511645,0.08529361266844694,0.041766788733636186,0.0,3,0.0220812735179593,0.03936930444678821,0.017288030928828912,6.0,13.94646527839876,15.243789642576973,1.1252241904439382,10.411792946451985,1.2053838675256996,0.09540530566848515,1.029818884775453,0.13985314809230553,1.065530719433394,11.13221731983825,6.243790236676943,0.8882494995678818,0.5897434189852951,2.9226893492987607,0.017583135805615775,real-commons,-0.11875,0.11345676795750614
79085935.jpg,478,3,0.8673697277338255,0.6873157648850887,136,0.2040967223241317,1.7087387399598863,502.96085864032415,64.9316809561612,0.8018025134046098,0.4843454649572458,0.030349343676961682,0.04049506795795283,0.0,3,0.654296721868257,0.15413543455305934,-0.5001612873151977,7.0,3.1225697054500485,2.9988488200111263,0.08005826488215995,2.8166174941993716,0.08936573448609186,0.08968976796860462,-0.00963150308644467,0.12952001508264432,-0.04015428059655246,0.5822606837616786,-0.2922226203532454,0.5767261005194115,0.2648526889321005,1.1196507938391618,0.00925857012804062,real-commons,0.06874999999999998,0.6156692176626914
79594594.jpg,486,3,0.5946280511109234,0.4037242506671007,68,0.07800095158949127,0.8637929858507211,16568.289468108425,2.2129466284027535,17.049287464956905,9.93944569881772,,2.8354158254302444,2.0,0,0.020219256353435355,-0.07156462242850359,-0.09178387878193894,8.0,8.277623254796087,8.034420891765667,4.120607071215189,11.32285294392016,2.6491546438436036,4.032340784546893,0.08826628666829617,2.649154648992599,-5.14899545223102e-09,2.2144792846676298,2.1331801260597274,4.796027640604575,3.8865871280078284,22.415447741517262,2.195747976334128e-16,real-commons,0.175,0.01965701974117251
79594598.jpg,368,3,0.5970033897498616,0.40388911050030135,56,0.07302473575549207,0.8138607346611917,16492.356891469164,2.2231327210959737,50.021133380750534,28.893339169550114,0.4421095236806412,14.470281889569613,1.0,0,0.25159927983536545,-0.03821756981302027,-0.2898168496483857,9.0,0.3470827184511299,0.27816084319121454,2.409673731662565e-07,2.5822379612531923,2.6491546533923738,3.484096628327441,-3.4840963873600677,2.281268281857631,0.3678863715347429,-12.770657347040931,-11.01703820159842,16.5749115440186,9.123001896790162,76.11630530655195,0.0,real-commons,0.175,0.2507929805859659
80252921.jpg,291,3,0.7464448307668214,0.5519286426960714,75,0.15474075068113735,1.1934900927755487,607.6502107187001,55.54426461074692,0.6271937582611287,0.39657901917896987,,0.969233430253421,2.0,3,-0.16389227139871965,-0.050617296499604336,0.11327497489911531,8.0,2.7033972985298917,2.4455042679908696,0.7057310100552234,5.355794338053675,0.8161828598523968,0.20344632811611785,0.5022846819391056,0.2599268474364189,0.5562560124159779,1.9929716066041614,4.63688812770996,0.919925342914989,0.45527352397036663,1.5120460120269354,0.12440234497801107,real-commons,-0.02500000000000001,-0.1451548091683329
82516459.jpg,312,3,0.861884478253426,0.6838142769786001,115,0.29560110802977774,2.321028575609702,514.1144519349896,63.7987047619897,0.9415039972489296,0.7321722783794201,0.1288523339021287,0.05127693556932245,0.0,3,0.18253554384019455,0.026907081922564746,-0.1556284619176298,6.0,4.227377169297396,3.3728651162996153,0.3445933128302858,4.913292745180226,0.3695672109139405,0.02471087708376718,0.31988243574651865,0.1858429620058608,0.1837242489080797,-0.40303955238026035,-0.6323937363042589,0.534885323977466,0.2091835717182114,1.4006243788126396,0.00956089515769333,real-commons,-0.02500000000000001,0.12734958204696978
84250807.jpg,353,3,0.8250034499417095,0.6426830943676031,158,0.2990915401218198,2.43350199838134,4307.9770486904545,8.496349501245477,0.5345702681319864,0.31578856219790674,0.06020050553015075,0.1258904239831193,0.0,1,0.25587034040628,0.1602770536531365,-0.09559328675314349,1.0,,,,,,1.9546340004418825,,2.649154104826538,,,,11.21306157316912,5.588249755029659,17.55084939511525,0.46908687855500963,real-commons,-0.175,0.253513213143587
84742407.jpg,266,3,0.8853224970461372,0.7312952577772699,100,0.2656559136819038,2.4336192043218614,556.9697860143534,59.75796146751827,78.6571494053962,45.415286833542616,0.0566505455041724,0.5097117845367305,1.0,2,0.23673335771522475,0.0828051106787272,-0.15392824703649755,7.0,5.871067465884368,5.867494382318387,0.16411887814804604,8.686249750456035,0.22688979684603483,0.42889029961717995,-0.2647714214691339,0.5766106890767055,-0.3497208922306707,1.0512773409440301,2.7282550809014765,1.003300863672651,0.9495698955295291,80.65894067338098,0.013146430004176713,real-commons,-0.0875,0.09977229074139538
86761378.jpg,932,3,0.5585223797869414,0.4011643977011428,22,0.011505768062354559,0.36273865233015534,15999.936340785378,2.291534791251324,18.628288510100532,10.76947121461876,,1.9677495976911021,2.0,1,-0.07019988774210217,0.0054136755129449154,0.07561356325504709,8.0,5.876135450550571,5.907132316602756,4.863582961247239,8.903524809785493,2.649154654793748,2.7613075330819266,2.1022754281653127,2.6379310931637785,0.011223561629969403,2.0645862745641703,2.548728660329946,2.2388490188602614,2.188991850881697,22.93004520972164,3.4106187014802267e-16,real-commons,-0.175,-0.07132263228302094
86879200.jpg,562,3,0.8792044327749514,0.7170419270383572,209,0.282086336436454,2.44632128720184,4318.050718712856,8.476600503074865,81.09008285870829,46.988163089669825,,664.0432551069578,2.0,0,0.34453125351781255,0.20912375811118278,-0.13540749540662977,2.0,11.972282315301923,11.972282315301923,0.26861744456924885,5.986141157650976,0.13430872228462443,1.562405640559966,-1.2937881959907171,0.781202820279983,-0.6468940979953586,-54.382457210692024,-27.191228605345998,4.55584500622592,17.806371936837706,87.4785546752705,0.8708246779261104,real-commons,-0.175,0.34597288645355984
87190846.jpg,527,3,0.9171319426175736,0.7217008958442003,76,0.09661356845755255,1.0587180959395812,15387.323212397057,2.382741521241444,77.43639104565052,51.16901620258761,0.09663638609421146,265.6945516703245,1.0,0,-0.057026255448627716,0.07303119730418794,0.13005745275281566,4.0,6.753096213975739,6.060049301144293,0.3843567338457605,5.657658569643932,0.3843567338457605,0.0,0.3843567338457605,0.6903758213407807,-0.30601908749502016,-3.070232670937709,-4.040095498449098,8.331870257387353,6.487867801421219,78.77390175217924,1.1821350461270333e-16,real-commons,-0.175,-0.04601241620104091
88114953.jpg,644,3,0.9317016301959482,0.7570135659164142,267,0.3164540813114878,2.456602216139994,76.88178002548185,152.9808446944891,86.56824046573071,50.02246207632708,,249.1859782438297,3.0,3,0.22718856673781396,0.02376090716999757,-0.2034276595678164,4.0,14.609582331199254,14.99603637422808,1.3017092849672531,12.210676019885312,0.8588114037856625,2.9262557500247235,-1.6245464650574704,1.9358414331806495,-1.077030029394987,5.37989772881018,4.265204457879584,0.27679965082188374,8.419886155639997,86.89640491886378,0.4673297031173559,real-commons,0.0,0.22718856707413404
8879069.jpg,302,3,0.9751241426413532,0.8013158928591838,163,0.4862054701177427,4.4531608698458705,1081.0707102565573,32.97780658836751,86.94917779195548,50.207945808443874,0.10090922216292438,7.004727200914883,1.0,1,0.27571558824032216,0.11244055905947858,-0.16327502918084358,4.0,8.978020238884072,8.978020238884072,0.14727164013327076,8.716289288069678,0.14727164013327076,0.0808796481839602,0.06639199194931056,0.07888907576612825,0.06838256436714252,-1.5811424251594328,3.328523891280251,2.132813547495663,1.3376644993954656,87.48495313716077,0.02746220253338317,real-commons,-0.02500000000000001,0.2968703860405508
88884420.jpg,546,3,0.7581806580075969,0.5783826376565151,129,0.14787599437494922,1.2182338557709629,687.6521501546921,49.90997439492089,1.427593564283356,0.8584444154962693,0.044935979966392786,0.0819187423611641,0.0,2,0.2897878669284313,0.06563790086515464,-0.22414996606327664,8.0,1.6095621080714757,1.3749701320204275,0.0617271796894876,2.8122072352724765,0.1023854524107084,0.10825056785977871,-0.04652338817029111,0.13967252374300587,-0.03728707133229747,-0.7555837589402694,-0.04930286813275053,1.073885520613776,0.2718661208108356,1.839235489658552,0.016877869878021912,real-commons,-0.06875,0.1143217665299705
8913717.jpg,391,3,0.7933331220074509,0.615463351024997,138,0.24072862349459492,2.018270532252762,602.7506198651039,55.92761992242525,6.241092178440596,3.6033700695675757,0.007855127169346207,0.7741754627162025,1.0,2,0.13629798701348528,-0.04894418174264836,-0.18524216875613364,8.0,5.405901226573633,3.280916936219132,0.2245979518960528,6.901155287292853,0.3539045964250147,0.1895772143406167,0.03502073755543611,0.2587623784213453,0.0951422180036694,-0.8223983394511318,-0.6154882943874274,0.3733688109935851,0.17576123822172576,6.53109833162418,0.00868065970456654,real-commons,0.006249999999999999,0.11787208200228672
89454440.jpg,366,3,0.8957689219128901,0.7145053171978906,172,0.2802369607808609,2.5004142553365067,473.2433821733256,68.1319231087705,1.2014533257201379,0.9019643476331018,0.14491255461077898,0.12014654025923834,0.0,3,0.4408027359329537,0.1758265274050027,-0.264976208527951,6.0,5.649638800573654,7.545579658835364,0.34142094453085026,6.235253359892141,0.3679889627780444,0.08655891909013214,0.2548620254407181,0.058120484155644636,0.30986847862239975,3.725494125076611,4.814719370779645,0.30294973608874415,0.1615664376225738,1.4497160568906522,0.0089996802779773,real-commons,0.062499999999999986,0.46542920695487944
90907782.jpg,324,3,0.9237775975121882,0.7635095066258634,108,0.21605661088870626,1.8404236474735112,873.8855201459382,40.223509758937695,2.0083455628868734,1.2885205564852396,0.05218800377932009,0.08265318455892696,0.0,3,0.310195806266261,0.01124035633811904,-0.29895544992814194,6.0,9.15897153060823,8.359691941008311,0.2754015770633993,10.46986882151335,0.3604757808851464,0.31493702712452754,-0.03953545006112824,0.37643308373629747,-0.015957302851151045,0.5949387999161608,2.147266345314863,0.49191061543147835,0.3318725181168675,2.553401454223951,0.008075566883020554,real-commons,-0.06875,0.4766027495189056
91065334.jpg,511,3,0.7047185250255824,0.5387184653304153,84,0.09446130213925052,0.919671701970373,513.5464118874959,63.85555082878602,14.41833731636521,8.360300549774948,0.9365698754654652,8.437935991585986,0.0,3,-0.024864550717914158,0.005189130707213829,0.030053681425127987,7.0,7.550303772976596,2.716906478604302,0.17658979714011203,7.049187665868749,0.2288952474196453,0.29193394574582454,-0.11534414860571252,0.2765583494327988,-0.04766310201315349,-0.3539051865275127,0.08944495292418608,0.6925666263228929,0.16129089383720357,14.672955939993594,0.014744578653712622,real-commons,0.0,-0.024864587933317694
91259245.jpg,99,3,0.6092787867693094,0.455428278737158,13,0.05225693480187614,0.5091211534167741,138.89170732590452,133.07478513734642,0.2535133332447117,0.20885051056520967,1.2321368098511598,0.2929401012754281,0.0,3,-0.5807627677697714,-0.0007964527919217534,0.5799663149778497,2.0,2.570139341258821,2.570139341258821,1.3892857356933597,1.2850696706294114,0.6946428678466798,0.6232479989383837,0.766037736754976,0.31162399946919184,0.383018868377488,2.2505826365847894,1.1252913182923754,0.3286609155275099,0.20264333392880826,0.7537531642211661,0.5650723560904256,real-commons,0.006249999999999999,-0.6034654022332474
92409324.jpg,506,3,0.7956114722874276,0.5727445558960952,127,0.22736846686638454,1.6425600927533628,3560.238290344563,10.272073096336756,2.9050977644253493,2.1757733182994223,0.13865727290142735,0.906586527048263,1.0,2,-0.2488167962083634,-0.08640188272615279,0.1624149134822106,9.0,7.185846942331169,8.69550601433124,0.6568385234593479,7.224380846018614,1.1768253725350961,0.421088999777389,0.2357495236819589,0.9579767782394404,0.21884859429565573,4.553859019596978,3.0474551547386417,2.473082729815187,1.289994059595434,4.656595451316777,0.5617456184240168,real-commons,-0.006249999999999999,-0.2489988592236061
95371447.jpg,325,3,0.7846446514876851,0.5747322652248752,83,0.1481425624654307,1.2473366136469144,3631.786768985456,10.070757563431652,1.0227720048716407,0.6444965977213385,0.3533327101059424,10.891653435909511,1.0,1,-0.1969903486036878,-0.13804591005179745,0.058944438551890355,1.0,,,,,,0.5938953187414828,,0.2969476593707414,,,,2.045550460733223,0.9137597747493689,3.4679600809920714,0.03379964380809207,real-commons,0.175,-0.2070658981804333
97254476.jpg,361,3,0.6848424924658039,0.5046928590092954,102,0.13158249415944706,1.2388524245125736,15999.936340785378,2.291534791251324,41.297424374734966,30.97849398102701,0.9311938592331702,917.7954583485582,1.0,1,1.5047491863222433,0.54441139860849,-0.9603377877137533,0.0,,,,,,0.10718875850613152,,0.0933815204321009,,,,20.676606567903946,15.139874149998706,85.78713897075805,0.29890893117644146,real-commons,0.175,1.50495859322611
98874670.jpg,406,3,1.013248018744209,0.8547435680493358,171,0.3192734605268764,2.5128107915206748,602.1082793370092,55.97823910416246,2.543897614565651,1.6917742174364108,0.1118426477459489,0.08277107068575296,0.0,3,0.29013631052846633,0.09907422600513838,-0.19106208452332796,7.0,6.241956404974299,5.5173704517286515,0.35136538113448434,11.286895583194989,0.5537331235649718,0.0409750493828307,0.31039033175165365,0.34942040970155697,0.20431271386341487,3.3344358496225808,3.5143848285835597,0.6757154034534824,0.29566435482259484,2.7791722163414545,0.01214397124206613,real-commons,0.0,0.2901363109365115
9959768.jpg,359,3,0.9144771934078425,0.7329359790754088,207,0.5122975569185901,3.9381074952845787,796.235327471029,43.789524371104115,52.70830237444817,30.43296943599523,0.03342543983811265,0.35082293696432226,1.0,2,0.6126399287108522,0.1447354118227504,-0.46790451688810175,6.0,11.628401000087507,11.628401000087507,0.42953458647630693,9.920340459977593,1.3818210779027011,0.12807516952226639,0.30145941695404055,0.17535814541000105,1.2064629324927,9.225776693874653,5.686353950653093,1.4619137373420725,1.552729160235561,56.10128838814424,0.02456223430157111,real-commons,0.018749999999999992,0.4806804513073051
99938888.jpg,446,3,0.960426584989593,0.7875661600959897,143,0.2642291399941664,2.08008311284456,668.6006675106253,51.152630049328835,0.8908676083815834,0.6222210529021568,0.06495681067314209,0.029132352871898016,0.0,3,0.5495181524383128,0.250081729275085,-0.2994364231632278,5.0,8.058778902661196,5.965517259548125,0.30568142234913465,9.101387175193349,1.1095803498170769,0.13746680583304327,0.16821461651609138,0.2813624532370076,0.8282178965800693,6.253703847043747,5.756336965191409,0.730315123788612,0.28976980399755653,1.1952356652423828,0.03316287559434771,real-commons,-0.1,0.5402568552240177
sd15_0000.png,746,3,0.733913416273898,0.6020327845794227,196,0.1494620620456955,1.8038960990960828,15999.936340785378,2.291534791251324,78.75088332764264,57.23688622635397,0.7643888363989796,41401.229286073,1.0,0,-0.15566798090246348,-0.09986046312044583,0.055807517782017646,2.0,8.835371673332057,8.835371673332057,0.45789998211483507,4.417685836666051,0.22894999105741753,0.0,0.45789998211483507,0.0,0.22894999105741753,0.8467658222154046,-0.0855828589812262,14.481739028488276,9.243946732560993,87.431100247187,3.4106187014802267e-16,sd15_pilot,-0.175,-0.15627241421092097
sd15_0001.png,281,3,0.85470836497203,0.6684213028149167,64,0.1074110071144569,0.9220343340499189,1244.3973227987592,28.842592854144463,6.715903768622738,4.990817522799718,,0.4262019618722506,2.0,2,0.44325906866401976,0.1758507864320752,-0.26740828223194457,5.0,6.628399098257056,3.916666294317493,2.3684993737928592,4.5494768301141075,1.3949571865214372,0.8376429902236389,1.5308563835692204,1.9463617746444384,-0.5514045881230012,-2.533911383104927,-4.4201205439230264,1.3117336444223473,1.1963371535251024,9.224288244759197,0.0285483424626029,sd15_pilot,-0.175,0.3603935400574342
sd15_0002.png,735,3,0.9013633183322161,0.7658971118010811,207,0.20660559009226126,1.7282965401752333,944.3696583192093,37.43793717913794,87.31253664070054,50.40992017584935,0.0013393916228260998,8.545034151266682,1.0,3,-0.015949201154535242,-0.03291177567579573,-0.016962574521260487,5.0,4.3420518707009705,4.4179414455620325,0.320645298942412,3.171999263033375,0.5461857922524924,0.10416962809740049,0.21647567084501151,0.1589976354903908,0.3871881567621016,3.5090716338329067,2.1722775911040153,0.680437174662371,0.16262540991028826,87.63007652324195,0.013666482952400381,sd15_pilot,-0.05,0.012193309181845247
sd15_0003.png,593,3,0.8215523654462722,0.6773857713499237,177,0.1886713553608364,1.7570854193398446,14739.747516869931,2.4873926388963725,45.47203859375375,32.27021607954205,0.9029196354556708,583.125223032034,1.0,0,0.315275684904339,0.08006011842324057,-0.23521556648109843,1.0,,,,,,,,,,,,8.298295425456006,10.433264925631573,77.66118726541127,0.3067275184338833,sd15_pilot,0.175,0.33156123683859695
sd15_0004.png,228,3,0.8481985815215061,0.6787145973294327,45,0.1205455658874735,1.1001137078347667,2379.3700453793663,15.319426115858876,2.362142977249519,1.5202123318784273,0.25654339235476176,1.1493806611633834,0.0,2,-0.31914805064853535,-0.13507351892212527,0.18407453172641008,2.0,5.487215625648367,,0.33548497348767725,2.743607812824192,0.16774248674383863,0.17344540448772428,0.16203956899995298,0.09337935036879497,0.07436313637504366,-0.04352188305445992,-1.600727512156011,5.915523940894928,0.8690370191104017,3.288701174740395,0.09579167373262207,sd15_pilot,-0.15625,-0.27602773235915856
sd15_0005.png,461,3,0.9845777862699605,0.8294549689544042,174,0.3143123288710706,2.138472014258089,521.1843409804242,63.09870268678944,0.28793400510546974,0.1665550050444029,0.055416863070429714,0.06192241314217867,0.0,3,0.366520015825045,-0.11005013282627996,-0.47657014865132497,7.0,4.821018230996925,3.83966445170236,0.1597086240254395,6.0856767704843575,0.23936429818626026,0.05616199305728209,0.10354663096815742,0.20298976349395126,0.036374534692309,3.2654442833827884,1.201575759686679,0.6777253365045496,0.162074741492645,0.5820586215214723,0.013768817829777617,sd15_pilot,0.0,0.366520015825045
sd15_0006.png,529,3,0.7955392470270037,0.6382651444328775,118,0.12834849962109518,1.2986769777063099,1458.8004370408069,24.744690132846273,87.63808665459251,50.60685824991563,0.0700883241048248,70.83063202143377,1.0,3,0.4956891933215617,0.13241686983301748,-0.3632723234885442,6.0,11.754402697493598,10.665096749108168,0.5249751259864004,14.991234660851962,0.7675948842035152,0.12099028679668233,0.40398483918971806,0.1575488970314205,0.6100459871720947,7.937129283463209,9.77674034328651,0.8991859631918654,0.5130303434170309,88.20424167541599,0.017637409433352087,sd15_pilot,-0.175,0.4660532210512327
sd15_0007.png,157,3,0.9668470265132307,0.83377441543468,76,0.31272770448710263,2.418845239790538,504.1728193642334,64.80683733278214,39.934405340152146,26.630924883702715,,3.526667120043405,3.0,3,-0.2687758560762029,-0.23533872733718897,0.033437128739013944,2.0,8.786275279029464,,1.1987823265231388,4.393137639514732,0.5993911632615694,0.47834775847404476,0.720434568049094,0.39758391061469034,0.20180725264687904,-0.4308609082757062,-3.431911559896453,0.5754952308208661,0.3999230395918721,40.73457828801086,0.011452375041433415,sd15_pilot,0.0125,-0.26505951458975774
sd15_0008.png,486,3,0.90098543651542,0.7448932187287053,175,0.282045768829424,2.3657622373242964,1272.339746804203,28.234761203755117,86.76946542772642,50.108604305676835,0.10115546126576469,46.23327644912947,1.0,2,-0.1537785610426885,-0.06263153454856152,0.09114702649412698,5.0,9.372751302876924,9.372751302876924,0.3695617601721448,8.964906918630094,0.3175625532418893,0.23470800143599702,0.1348537587361478,0.4689698504974187,-0.15140729725552937,3.3111758228834187,-2.5969427888583247,1.684490438017744,0.2954771918742921,87.29100292769444,0.03017198303516729,sd15_pilot,0.06874999999999998,-0.047523624044479296
sd15_0009.png,161,3,0.7983240095555703,0.5870717372850228,40,0.07804982068629887,0.8943695612294347,513.7826456775642,63.83189895672618,2.3957054146240893,1.4259424841259767,0.3130983023229082,0.8097316151202761,0.0,2,0.10200644674893433,-0.07943431820632352,-0.18144076495525785,4.0,10.022053136457771,10.022053136457771,0.38527887976994935,9.977152710596005,0.38527887976994935,0.20391771935406,0.18136116041588934,0.20391771935406,0.18136116041588934,4.84801180520553,4.803032933983097,0.6832363519430177,0.22965318179494226,2.8914676516666757,0.01182222474762419,sd15_pilot,-0.03125000000000001,0.08149281835016531
sd15_0010.png,472,3,0.9441713438500597,0.7720058755017777,119,0.15397555182812991,1.4188573493273802,2511.116667797584,14.524501061312302,11.005357742882254,6.627929180964414,,0.6539868968582028,2.0,1,0.36995064196183414,0.14248726128916678,-0.22746338067266736,2.0,7.712656841003872,7.712656841003872,0.2817269479989344,3.856328420501944,0.1408634739994672,1.3626348696250723,-1.080907921626138,1.9731033523049128,-1.8322398783054457,3.406184066975017,-0.1360542169340273,2.4480252403945584,2.1041106398025313,15.277462796618941,0.13841550305369715,sd15_pilot,0.175,0.36440212647998205
sd15_0011.png,282,3,0.9910287268208822,0.8601062463551076,126,0.3264703491902481,2.2486089987143463,177.5393466248688,121.95605707360701,2.3764219159851905,2.1587669525127215,,1.5098013242483268,2.0,3,-0.0306479306396239,0.007672517258593747,0.03832044789821765,6.0,2.324982201174278,1.7513691045356319,0.6679165830984806,3.962054870074181,0.6829082114709739,0.2270123246824216,0.44090425841605896,0.4190582045481297,0.2638500069228442,1.5468964714706457,3.2509561794643007,0.4056068849683218,0.2558407970450929,2.8486058328122135,0.11466006079104055,sd15_pilot,0.006249999999999999,-0.09382154899195494
sd15_0012.png,144,3,1.0497351188191568,0.8784004992701311,47,0.1960995596626266,1.3171802520907876,1069.8783692667519,33.30378718507796,4.001497293027967,2.316318822736885,0.010344546179820835,0.9599721603224376,1.0,2,-0.11200393468706915,-0.016430542027895623,0.09557339265917353,2.0,2.9323530218131433,2.9323530218131433,0.11129738898011166,1.466176510906577,0.05564869449005583,0.3770390613676766,-0.26574167238756496,0.38179634153191566,-0.32614764704185983,-5.115261359617112,-5.216315169612942,1.5097215965098985,1.0189959609162522,6.071292852105734,0.01663559124447574,sd15_pilot,0.012499999999999994,-0.11321197239439595
sd15_0013.png,399,3,0.9017200573865894,0.7345854786377155,117,0.18147737501566133,1.5847827255402955,664.4634012745323,51.430152034907074,85.14483895070754,49.162836549045565,0.022686185574952028,1.5023381015132304,1.0,3,0.19119774089419228,0.05224793815131412,-0.13894980274287816,6.0,4.091316889891592,3.619028424609231,0.06673141160552287,4.1432015820251715,0.09149645696551856,0.06301744983561708,0.0037139617699057936,0.07543767544821689,0.016058781517301668,2.14698309463223,1.8744449819903406,0.839628350908233,0.26269714605879096,85.19975031833395,0.017526499772372896,sd15_pilot,0.03124999999999999,-0.08849447580309033
sd15_0014.png,404,3,0.9837295092486834,0.8214925804458724,133,0.2695444395646731,1.7116717173452138,544.0380607215828,60.927586295594,0.4801038939726965,0.3248696578776135,0.21937184040325933,0.8307132402714462,1.0,3,0.22647380198656386,0.0034505213636669696,-0.2230232806228969,7.0,4.703822592417752,5.311131568348104,0.15487906294921405,6.569502405878555,0.1913524514826923,0.06537214227877541,0.08950692067043864,0.13228933478263283,0.05906311670005948,2.637795588841499,3.6507414208774045,0.41528103587077886,0.2438949337299521,1.1734906223899713,0.007277803087171927,sd15_pilot,0.018749999999999992,0.2416463539527659
sd15_0015.png,421,3,0.9773287502480135,0.8179914127661294,266,0.5435503708948014,4.431229853763573,589.5123295175157,56.98812744765317,3.8789773991700827,2.921687998468524,0.4049225083029497,0.23987883052509537,0.0,3,0.19757687156758375,0.06485602949184999,-0.13272084207573376,4.0,13.169457324256495,10.445940599205798,0.44432698495256195,12.473615591139001,0.4049491121129467,0.11960866963814709,0.32471831531441486,0.12950508531694993,0.2754440267959968,9.978774196904265,8.684579795396747,0.5527439836504973,0.380364602906635,4.482601439444218,0.010373068538092976,sd15_pilot,0.062499999999999986,0.18940388666849195
sd15_0016.png,597,3,1.001020330473702,0.8366412681659186,243,0.30750133420106474,1.8881160121702658,702.2433504511998,48.995847430454425,1.7200840728503266,1.0254675765692114,0.1521724281276987,0.8593460607535012,1.0,3,0.17081541024565217,0.04557878667940474,-0.12523662356624743,7.0,7.788122088456474,7.168438640373275,0.5031515872312191,10.114175899563591,0.6144016581326697,0.06418110900828022,0.4389704782229389,0.18130260432061984,0.43309905381204983,6.196314413735287,4.620676572324382,0.5196739196272758,0.15246564974337587,1.9083436832420104,0.010953879606589048,sd15_pilot,-0.043750000000000004,0.1169980128790774
sd15_0017.png,249,3,0.8926299474793231,0.7241713910594191,81,0.2295085997566502,1.5168408083893525,260.2455346634562,101.75933985382183,4.854739924311062,3.0680363670477298,0.6095677006214396,2.458815041928876,0.0,3,-0.1763499538775556,-0.12325783124260892,0.05309212263494667,8.0,7.462582574426753,6.544922769755001,0.48660029142115446,10.827083597482272,1.0975402696921184,0.07455759860316169,0.4120426928179928,0.6934222745895702,0.4041179951025482,6.292592541552448,5.105975811900185,0.4936820963644139,0.2867974590549493,5.199951429269218,0.017017883788601904,sd15_pilot,0.0,-0.17634997630283078
sd15_0018.png,700,3,0.896966618314325,0.7309805522829332,187,0.1852165956671355,1.7435660640233073,2650.3624495020513,13.76893055449482,44.3559430747631,26.426679512514575,0.4470694602152161,1.747198304633742,1.0,2,0.06354078116402906,0.039906401571664474,-0.023634379592364585,8.0,11.16294914583757,11.05575560772589,0.603815209897081,9.9235813484338,0.8988002100872636,0.7986293858998752,-0.19481417600279416,0.7604324330892873,0.1383677769979763,5.170687127136693,1.0095069389314695,2.8070319066554856,2.3935561704906965,49.55769694433697,0.045757310282631664,sd15_pilot,-0.175,0.07201232548166092
sd15_0019.png,357,3,0.9863988349249972,0.8169523616586557,112,0.19555754068241504,1.492214264590169,501.90324759428233,65.04097555779701,3.1484300485883665,2.058330778011865,0.15727421427555216,0.05616271613202397,0.0,3,0.38867050043794693,0.15245880529379408,-0.23621169514415286,8.0,7.630869537160527,7.585727229492726,0.23486901960539308,8.544025567275195,0.28344634480754394,0.017307408400342617,0.21756161120505046,0.023570706996268953,0.259875637811275,6.92776704185943,7.614133752949143,0.8029866503727536,0.2524514997393946,3.5227932186725672,0.012113995002341638,sd15_pilot,-0.02500000000000001,0.35066861585070574
sd15_0020.png,677,3,0.7231219474935355,0.563544780992078,45,0.04565687174502351,0.6301299038846203,9998.348224391877,3.666284186681125,37.37315583766468,28.944532079119142,,85.4536643227518,2.0,0,0.05734784304953755,-0.010203454977433246,-0.0675512980269708,4.0,12.509848536442036,10.599353099522109,0.706153796357639,10.000750034890707,0.706153796357639,0.3744352334149319,0.3317185629427071,0.37010723225642295,0.336046564101216,-3.174328253502491,-2.4366098002799284,6.589412064956769,1.4005114722612686,39.59382847983814,0.19356116332983114,sd15_pilot,-0.175,0.05831483479765498
sd15_0021.png,181,3,0.7885518129358597,0.6024550284554869,44,0.09228534091591395,0.7868767487751449,546.3932001975472,60.71149888990177,1.05777606304531,0.8882023546267501,0.33586760049726005,1.3072999654254482,1.0,3,0.18710541764599342,0.07711639050594532,-0.1099890271400481,7.0,8.662673140744198,12.044375427967587,1.541774628958808,7.758771572358123,1.8400675006640164,0.857128393514019,0.6846462354447889,0.9759738787368195,0.8640936219271969,6.567074533548234,6.0165183684278025,0.9283508287781664,0.6803214426075568,2.659860680872848,0.05388603058194376,sd15_pilot,-0.01875000000000001,0.1468358487161484
sd15_0022.png,475,3,0.9886329324443818,0.8264567703239047,197,0.32157052359394334,2.130690579916484,935.5605076063439,37.76557649319619,1.2979011659822248,0.7548010128113087,0.3287580805696663,0.40463903724071415,0.0,2,0.15573511993995348,0.06998392071281723,-0.08575119922713625,6.0,7.104554478222609,8.56491441747444,0.3998381030207705,8.182362209907268,0.5475495335665901,0.09136268067368958,0.3084754223470809,0.12519922907762515,0.42235030448896493,5.728145820355889,5.473422936996602,1.1644305561914323,0.16558628042353385,1.5029353419824203,0.05837922456083046,sd15_pilot,-0.16874999999999998,0.1701610042212388
sd15_0023.png,652,3,0.8493052071137587,0.6807790573808112,230,0.2191223138536802,1.5618857201057075,557.5853445925145,59.70330193946633,3.6223414503909055,2.7629547603064717,,0.4312447546400424,3.0,3,0.2751558194364472,0.11550579620724966,-0.15965002322919752,9.0,3.1190053648574914,2.9720898206590904,0.8218816241456999,8.178034740366725,1.3767738043297872,0.21741783522498137,0.6044637889207185,0.2675324333633373,1.10924137096645,2.5909107737672725,6.558655277730048,0.3144189982634428,0.297637476530853,4.0348466065907065,0.07481650943487031,sd15_pilot,0.0,0.2751557574325849
sd15_0024.png,523,3,0.9453870327690884,0.7871422593977397,101,0.12850275212780915,1.1808352903070045,80.0003076455516,151.92740937716056,87.16899907735396,50.340671060329186,,15.399445924054202,2.0,3,0.3428628671661179,0.12290728560084518,-0.21995558156527273,3.0,9.920281331752193,7.4407688803981635,2.0381946307877383,7.16450991782652,1.3498236845843783,1.8733863211552446,0.1648083096324937,1.4082109844806219,-0.05838729989624358,2.4644171960345593,0.35038587011303335,0.3365055581500597,0.5390244389947447,87.48136515953775,0.5922743762114835,sd15_pilot,0.0,0.3428628575534637
sd15_0025.png,563,3,0.8770540666990588,0.6831690088589117,125,0.15088010980889083,1.1164025897840346,1886.6843442801903,19.252621024060186,0.8065881762094733,0.5726166286787008,,0.5135465334251983,2.0,2,0.2544194405095681,0.10434316169260027,-0.15007627881696783,9.0,0.9233471925167389,2.691640803113662,1.0750240244157605,5.239681127109615,1.7832072955657279,0.5215305219053139,0.5534935025104466,1.4435804989755119,0.339626796590216,-0.7471628418396625,0.5078657325896287,1.2878046554784497,0.447191511251085,1.8882749337996452,0.29349443182522905,sd15_pilot,-0.175,0.21136653277047557
sd15_0026.png,744,3,1.000222317765965,0.8491085361010104,241,0.2630767657353047,2.0734171055116257,300.6936679658603,93.56315803484243,83.96614083954809,48.48575097914135,0.031895711360492844,0.9012715999668655,1.0,3,0.4958036401997521,0.12775603794119905,-0.36804760225855304,6.0,4.054659859943531,4.5599115632598926,0.08230401555870781,3.2447027437703673,0.112033100805359,0.023432821034486295,0.058871194524221515,0.030632680935561485,0.08140041986979751,3.2095378874460794,2.370625898892011,0.37853001587190144,0.20045373134338287,83.91193841407262,0.005884895840522083,sd15_pilot,-0.006249999999999999,0.49444805529721836
sd15_0027.png,156,3,0.7488673876320573,0.603316253724105,34,0.1390620327263948,1.2009052469232309,353.3212424088343,84.33372905605113,10.776953203861993,7.760698632214772,0.609619880584742,6.44968657066857,1.0,1,-0.6671612978657793,-0.1269645522807501,0.5401967455850292,1.0,,,,,,,,,,,,3.5364265923225036,1.585943690218538,12.520211602967633,0.05325188200783141,sd15_pilot,0.0,-0.6671610827305796
sd15_0028.png,281,3,0.8802170154243644,0.6908214214154519,104,0.28032088202485567,2.257306735108192,5555.253516273166,6.593546381731896,5.575117473021962,4.351104923424743,0.33793959140017826,2.5867335357655326,1.0,1,0.5659648354480834,0.11533848394076884,-0.45062635150731456,5.0,10.48051061436466,11.137815104731384,0.9117998534592449,8.277082960775166,1.020244827721589,1.3991899299145536,-0.48739007645530874,1.8829335534987148,-0.8626887257771259,3.316068451112219,0.3702261700491265,5.011997354746158,2.8019372184372675,10.678523044488967,0.38643839229955135,sd15_pilot,-0.175,0.552193857962222
sd15_0029.png,379,3,0.7595736332484491,0.5953074427941972,119,0.1875642251395123,1.4243459312908553,490.3691213744589,66.2544930444377,8.931940650423385,6.250272705390832,0.7140835115883263,58.925419782516556,0.0,2,-0.0022623534796164524,0.07951436852719851,0.08177672200681496,3.0,1.8118520611032918,1.8118520611032918,0.31266235211174553,1.3386235319200197,0.18620431514136682,0.10936239173905937,0.20329996037268616,0.0834785284431927,0.10272578669817412,0.3361425226172883,0.2843726204691803,1.1171365870668617,0.5222934290864957,9.482689972892977,0.059240080798079436,sd15_pilot,-0.03125000000000001,0.03753072793786105
sd15_0030.png,347,3,0.9872842788625854,0.8294341426757337,157,0.3635165082704257,2.462116664659059,761.5516853498033,45.58377791767725,28.812530660147296,17.159625422862458,0.763677877757505,25.46014157904774,1.0,2,0.34138217018977945,0.09841468263896447,-0.242967487550815,1.0,,,,,,0.27663061466188177,,0.47051004122456375,,,,2.718307669062026,0.5368425403903475,29.919436682139146,0.05041199605085334,sd15_pilot,-0.037500000000000006,0.34439500919190935
sd15_0031.png,306,3,0.9534265071969696,0.7949434947152079,130,0.29442412644435323,2.1426199214715766,693.5976323691385,49.53366575277,0.6709953911244071,0.42495612865006366,0.05250613917198624,0.09359937050796155,0.0,3,-0.09083119492260172,0.03725162768711876,0.12808282260972048,6.0,5.692216307738719,5.318190844409958,0.26360143035047123,4.706638936270611,0.33960945270499465,0.05223875409786949,0.21136267625260174,0.0640648505951118,0.27554460210988285,3.9192468758535117,2.8846980263920243,0.7133528888480962,0.20595802196045668,1.034271889669673,0.015604027548469743,sd15_pilot,0.04999999999999999,0.006489115695577641
sd15_0032.png,379,3,0.9357119428420047,0.7661818075695778,134,0.24471533621701053,1.5274145461990853,685.391623474462,50.05445808296131,2.4449119010656517,1.4862024898933044,0.5923438598798652,1.2474157104112087,1.0,3,-0.1590182977015503,-0.03726683993905988,0.12175145776249041,8.0,7.279437961641196,7.328881227151615,0.45686430645370013,7.764168038704675,0.5487164345258595,0.9194323362924672,-0.4625680298387671,2.075666461798683,-1.5269500272728234,3.4311079070343835,-1.9300371253507134,0.8253408471638507,0.2568236895998796,2.9791863763215014,0.08736360135542981,sd15_pilot,-0.13125,-0.21324601199422633
sd15_0033.png,516,3,0.9696788121312885,0.7919010904074819,301,0.4894271125161612,4.097241875061226,400.07773101942,77.3087552114134,5.650570008528916,3.513843012429711,0.5672710846665593,2.8920723903835825,0.0,3,0.08448148120989218,0.07406654785243427,-0.010414933357457912,8.0,10.217492224504886,7.953567178473404,0.44366960329932237,12.83417801631737,0.6075767977390134,0.36689373261088676,0.07677587068843561,0.4394915075678947,0.16808529017111873,1.5294883000702608,2.2263409226530406,0.7048566389587523,0.2103811100358896,5.923610697703237,0.018067579671542724,sd15_pilot,-0.05625,0.00688843433325248
sd15_0034.png,551,3,1.023053384932328,0.8565553487833881,216,0.3128326787026924,2.2712113041750697,11559.940623055987,3.1712911029415976,18.77517267751844,13.566598486635318,,9.261529170033965,2.0,0,0.13989524224740402,0.036980084807822555,-0.10291515743958146,1.0,,,,,,0.8494052847453313,,0.44843491518285594,,,,18.15261005854274,10.442767795256822,46.154996495506076,0.1896196585735601,sd15_pilot,-0.175,0.11515380404377373
sd15_0035.png,170,3,1.0026907401332532,0.7909050025920766,80,0.2678097022520146,2.319845428838959,398.1747898983417,77.57539319292445,17.505864622461274,14.7501715723872,,0.5055547509364121,2.0,3,0.7288712533375463,0.06602966544059741,-0.6628415878969489,4.0,10.799361315914997,7.118502529489837,0.7255660785071365,8.0772561803285,0.7255660785071365,0.1451928905073463,0.5803731879997902,0.1451928905073463,0.5803731879997902,8.535830415817795,5.869834299878428,0.8222794465788955,0.4561907198274797,18.175441796678815,0.014526757983552583,sd15_pilot,-0.02500000000000001,0.20942873415709284
sd15_0036.png,406,3,0.9204776235643679,0.7230041209513285,185,0.3415802138095104,2.5515454681481886,2902.595343163622,12.582467222599321,1.6563243586175815,1.0393836699722208,0.24789622273276496,0.764317816681862,0.0,1,0.6425667892295311,0.1464709388960762,-0.49609585033345494,3.0,9.787278764523174,5.0757184779602404,0.7973585598797808,7.125204226790362,0.525266532358518,0.31558248951619605,0.4817760703635847,0.3164104270714727,0.20885610528704524,6.469897387788584,3.6400682191037683,2.7313736678064537,0.6834261050971946,2.537818137049794,0.057266253059998704,sd15_pilot,0.175,0.41527928034983796
sd15_0037.png,273,3,0.907736329181142,0.7196203720567712,81,0.2040490207888512,1.721921091895525,203.21318391290393,115.16554090975878,82.94952290789618,47.961815181564255,,236.80571349640246,2.0,3,-0.055413446699539404,-0.030312008000789703,0.0251014386987497,6.0,5.4957581758571745,5.4957581758571745,0.39509523031881066,5.560602214138072,0.4580852835427187,0.25911979447855904,0.13597543584025162,0.2561429202581129,0.2019423632846058,0.7031039744035201,0.8925831795784518,0.30489292399451834,0.28867021687668937,83.73735344709301,0.05028301594598521,sd15_pilot,-0.006249999999999999,-0.0988846863245022
sd15_0038.png,599,3,0.5938726573703722,0.412168706538382,74,0.04053179548158379,0.40825768415620295,1863.8809195841607,19.483677910386724,4.089986053240452,2.3746936986206917,0.42529255455560894,1.8372523133259069,1.0,2,0.4356059915384142,0.11667029333764833,-0.31893569820076584,3.0,7.794200508771717,5.767091233638341,2.9525300016468288,5.727313971067937,1.9205481487258091,0.19352459310049763,2.759005408546331,0.19352459310049763,1.7270235556253115,0.8428757206975108,0.44668139636908233,0.6576645159250597,0.3281714991953911,4.541368777866639,0.03446355772183827,sd15_pilot,0.175,0.4255719397956116
sd15_0039.png,198,3,0.90066258773283,0.732579853980934,44,0.13058350874861857,1.149957741471877,561.1608437794539,59.3875969660815,1.9483310775265892,1.3239047831913917,0.07290659613722887,0.05703082098326868,0.0,3,-0.06149506126981419,-0.10792706899340265,-0.046432007723588464,8.0,6.644945820793195,6.709302807292105,0.1323790338692299,6.917672692687998,0.21692733428611222,0.117166053741522,0.015212980127707887,0.1961144512027735,0.02081288308333873,4.523217884996459,2.4586594000775737,0.5643777921920289,0.35369211346361845,2.4313425612786976,0.012106132837097688,sd15_pilot,-0.043750000000000004,-0.20848304534963846
sd15_0040.png,551,3,1.0002517007634228,0.8306011624787536,174,0.25608604594763484,1.427860140388742,1249.1686576467382,28.736994777759435,0.8559878391713909,0.6690478214621537,0.1628701514973502,0.3759496328969822,1.0,2,0.07015890133601199,-0.061773139738400484,-0.13193204107441248,8.0,7.464685764423754,7.937652354432753,0.6319857110534568,9.199958485084643,0.7560017650851694,0.0746400951209445,0.5573456159325123,0.15615349966791214,0.5998482654172572,5.056809783896303,5.634805595866002,1.6390487289542317,0.2601070670229044,1.36549247628123,0.03791062877586982,sd15_pilot,0.018749999999999992,0.09290908430640554
sd15_0041.png,244,3,0.7681056128057158,0.5437712135041604,77,0.12818253433493534,0.9801040687424242,307.1996356141183,92.33834656076714,2.5046609070805914,1.7078557088247734,0.7711913537644458,34.39565824279955,1.0,3,0.1030481243185899,0.07292461478492429,-0.030123509533665604,4.0,3.35831365620586,3.35831365620586,0.10894202772825912,3.3395796585964352,0.10894202772825912,0.016010103003806453,0.09293192472445266,0.013855377555015647,0.09508665017324347,2.7732697579677374,2.9838072466673915,0.43933815195312825,0.2621088622511687,3.041173220803769,0.006740504793220737,sd15_pilot,0.04374999999999998,0.052575680601160246
sd15_0042.png,504,3,0.9059290232267034,0.74415522937724,171,0.2395057134692413,1.5688033816565659,1630.6582833370705,22.205248598736127,0.7480466775213301,0.4635131229683887,0.08002472035504422,1.9543934406432046,1.0,2,-0.05365947861891851,0.00811929695608904,0.06177877557500755,6.0,8.573192743265619,8.573192743265619,0.45402242416482785,9.997558918036937,0.7873904995126595,0.5478566460943077,-0.09383422192947988,0.7853743369049919,0.002016162607667571,5.43164261098837,5.781416071710014,2.5108613229386796,1.024931724875971,1.8289794132629862,0.29928368742608324,sd15_pilot,-0.175,-0.08724964223960252
sd15_0043.png,479,3,0.7999862541650168,0.6113512391750845,72,0.10074459800529309,1.0498733705064396,6717.723992415861,5.454466582141743,80.40463217679383,46.56921389949435,,13.887341621509595,3.0,0,0.40394783663505895,0.1706800555269573,-0.23326778110810165,1.0,,,,,,,,,,,,5.352573894455566,4.396058775003219,86.64756922195733,0.3420055144173866,sd15_pilot,-0.175,0.397147356087719
sd15_0044.png,208,3,0.9597684298890049,0.8001579802486075,48,0.12774869980931905,1.3227746644322573,1532.824109905233,23.583979692098573,42.22293146225014,24.407752757992053,0.19349636438446643,0.8710354759650327,1.0,1,0.06348824379754414,-0.013605585373672957,-0.0770938291712171,5.0,9.45000968356734,8.893811394649745,0.45760068336769644,9.384949206496954,0.3669647218864811,0.17182235269439294,0.2857783306733035,0.4747875502055785,-0.1078228283190974,2.7971594812060303,1.9062854119801766,13.1119807692532,13.622920182914127,52.79019141230112,0.27964066854056646,sd15_pilot,-0.175,0.2557612392719465
sd15_0045.png,350,3,0.9622554202339194,0.7992492725754641,89,0.19153783916572584,1.3860917882869639,584.1337260842829,57.42959775632914,0.143403263547782,0.0926378060955718,0.046547925820823434,0.010532474505308443,0.0,3,0.0471730177415528,0.011133657744047287,-0.036039359997505516,7.0,6.533759102373124,6.0671444157992225,0.2937339689414209,6.937865377017742,0.5573504458979683,0.04842951556408748,0.24530445337733342,0.1772290303328452,0.38012141556512313,5.100041997645645,1.075909008936022,0.5202287105547976,0.13415940643037177,0.4806997951387706,0.010839030523085153,sd15_pilot,-0.02500000000000001,-0.007502756211910655
sd15_0046.png,716,3,0.7898861122411254,0.6322989853834416,64,0.06510891149662765,0.7771516309423058,11585.129159774457,3.1643995496394846,73.21081084276182,42.45150784351156,,8.835241614915045,2.0,0,0.07871501826312777,-0.06632881369793919,-0.14504383196106696,2.0,10.673077618329119,10.673077618329119,0.40854486943981705,5.336538809164577,0.20427243471990852,0.3052314087451755,0.10331346069464153,0.4394868126111051,-0.2352143778911966,1.536473858589373,-5.608041893055852,5.315740809431319,6.74241842420286,78.08743905921354,0.17716767853877963,sd15_pilot,-0.175,0.0918447893637957
sd15_0047.png,175,3,0.8499777130274402,0.6845652018870224,77,0.262309498780266,2.0210622803685547,433.198960745655,72.90586736879422,68.0818863131395,40.43221419132657,0.4714925753364487,148.6460798407963,1.0,3,0.8283195982247379,0.20548157243463805,-0.6228380257900998,0.0,,,,,,1.180698359258022,,0.590349179629011,,,,0.5526393078118287,1.0330890663817303,69.67696309984781,0.028516497670966402,sd15_pilot,-0.02500000000000001,0.7361948478028961
sd15_0048.png,654,3,1.0012859963217868,0.8431797255583193,206,0.21633970696786547,1.4441476957336705,489.42336813228553,66.35577894108968,16.164028741255976,11.848234153504343,,0.8550498567104495,2.0,3,0.09486711555377325,0.02597701430287458,-0.06889010125089867,6.0,4.22802197560548,3.545735731045178,0.13572139092245372,4.655712918968991,0.14682440998813107,0.036766478050610285,0.09895491287184344,0.08887283587957784,0.05795157410855323,2.8356672120537425,2.9164417187867664,0.2840140780548592,0.29540035293359157,16.565820822831196,0.005072106842373844,sd15_pilot,-0.012500000000000011,0.08765325281085601
sd15_0049.png,246,3,0.8493739765385515,0.6416765329842266,65,0.08968023729197552,0.7869028977658405,603.5784991745262,55.86250350398221,6.672790255418789,4.876588169293056,0.5894659935167865,0.1654235515567943,0.0,2,-0.03393218687333244,0.05090018766284643,0.08483237453617887,4.0,7.34035412551124,6.528575726374322,0.7785685188717939,5.556485227713825,0.7785685188717939,0.7421177491231816,0.03645076974861228,1.397394362003312,-0.6188258431315181,1.1101298791900405,-0.9548459584342268,2.2520058896249946,1.035706845749922,8.465596536690837,0.13746824176447375,sd15_pilot,-0.05625,-0.12487615530404916
sd15_0050.png,539,3,0.9133951843638294,0.7409943972527647,145,0.17412630981198146,1.3344364939855864,1406.0326492818554,25.643180600016436,85.76695811464289,49.52477728177059,0.08162574676408343,7.845457333604463,1.0,3,0.18796050663397712,0.03748340771579173,-0.1504770989181854,7.0,3.8308516516714257,3.895037917956418,0.14257990405450105,4.591272909652371,0.18221495834757961,0.2647554785469586,-0.12217557449245753,0.5794956942477856,-0.39728073590020596,1.3394639928645593,-3.383526349074206,0.38996143284766704,0.30078767238804355,86.55976419452519,0.036564215020013016,sd15_pilot,0.08124999999999999,0.0573589145707738
sd15_0051.png,380,3,0.9483321890598904,0.7749258438870076,179,0.3887611176161264,2.534385339868468,1370.8430936565626,26.278874371866344,4.4074145126992335,3.3264655559171232,0.5286113155151413,0.16079563204736547,0.0,1,0.014636271124788713,-0.026683752363396707,-0.04132002348818542,6.0,11.404469730214423,10.185324163825785,1.317645374508933,11.151272190930117,2.1303103567003565,0.2640628766148869,1.053582497894046,0.6302598782589346,1.500050478441422,8.645613568916538,7.9248738081651915,1.373307715963968,0.9206949204709424,5.172633509004767,0.12584147407252871,sd15_pilot,-0.012499999999999999,-0.05745677201007593
sd15_0052.png,395,3,0.9664200018995572,0.7845265357482406,150,0.23621235221342624,1.7625375331194415,1988.4841998567838,18.28406893544144,4.708293701871369,2.851852442555357,,7.358094745224732,2.0,2,0.08817026934347705,0.14191960997070163,0.053749340627224584,4.0,8.038218599866473,8.789002580814493,0.4842670823168804,6.246852371763536,0.39616459512974833,0.5992880990079787,-0.11502101669109832,0.8000121176850992,-0.40384752255535084,3.762700973413467,2.877750794886997,1.3637755062100467,1.40648338169522,5.878014568308397,0.25590334905746376,sd15_pilot,-0.175,-0.05444560107663654
sd15_0053.png,536,3,0.8073214732544916,0.6357557631061512,162,0.19733818049550372,1.6615999321837593,258.9896585085389,102.03055167613617,5.205592030625027,3.9239090802780425,,1.001761865839658,2.0,3,1.401412852810044,0.2065361086822889,-1.1948767441277552,4.0,1.3487425248140517,1.3487425248140517,0.04582998787411929,1.1687230855550996,0.04582998787411929,0.013224822398004488,0.032605165476114806,0.015221769219811776,0.030608218654307517,0.6025955802626418,0.46290852574026253,0.2662113227249632,0.16277158803880012,5.47454551231992,0.004979894070006411,sd15_pilot,0.0,1.4014128703089261
sd15_0054.png,559,3,0.8544978434489731,0.7069512282677203,197,0.2879168785181715,2.3811646721400783,553.7323748865512,60.04693376178538,87.3849717585289,50.460946003356845,0.5292814843046976,8.118909472469664,1.0,3,0.039837037033198186,-0.030526437892505642,-0.07036347492570383,5.0,9.119069840817911,7.473473420238184,0.2402808952846449,6.65658651295693,1.0143215696551051,0.22528746174949887,0.014993433535146039,0.4757032808253805,0.5386182888297246,4.9639242750100205,0.5363898980121498,0.682411498532528,0.1407061709871368,87.75015810442744,0.04409089594609295,sd15_pilot,-0.006249999999999999,0.01419043939772946
sd15_0055.png,286,3,1.026590709142924,0.8485607006041546,159,0.48503884019258525,3.7528620580035508,609.7715267847124,55.37978470498343,21.95748036312324,13.863793462365287,0.19362139004986306,0.5941412086706601,1.0,2,-0.06669053415760318,-0.0750437699424773,-0.008353235784874125,6.0,6.181911776275499,5.873752977826644,0.4010531374162696,8.780408995934527,0.5408136484563171,0.14179202978977923,0.25926110762649035,0.21185421635478763,0.32895943210152945,2.7358889366318735,3.795250938468098,1.0615422089104043,0.5077318057412264,22.815172055054635,0.014421705911967193,sd15_pilot,-0.075,-0.03203986240854406
sd15_0056.png,406,3,0.8948351617443594,0.723364585502695,159,0.2911271680514331,2.2983494409579315,1567.340133938004,23.078693231762337,69.99695829345498,40.454834351504715,0.039839307938246415,7.964735431611659,1.0,2,0.20102673039430075,0.08048216643570605,-0.1205445639585947,4.0,2.92186107864596,3.0993098953102733,0.38464789639000996,2.7032473979197444,0.38464789639000996,0.6891174579357084,-0.3044695615456985,0.5585212743963872,-0.17387337800637725,-4.377195650225013,-4.642445517121875,2.4611741727042897,1.155826739942185,73.70378176435459,0.01842775038055565,sd15_pilot,-0.175,0.24642473720330726
sd15_0057.png,419,3,0.8815676717352509,0.6878977341521357,148,0.24950689905936196,1.605246508587576,705.6200174507754,48.78876202584355,3.37733808176246,2.616758195541359,0.7092192507962849,1.1834649644971282,1.0,3,0.0025014736399728843,0.05190119603300958,0.049399722393036694,9.0,2.73053891802486,2.2887013975323764,0.5980165922539169,6.403266135276462,0.95068635141158,0.16906186703846116,0.42895472521545575,0.3281499509572834,0.6225364004542966,1.7176372827329152,5.2179200129401355,0.8996954340388595,0.5322743605906407,3.9991121581273203,0.12826140849804044,sd15_pilot,0.018749999999999992,0.004792704824756244
sd15_0058.png,299,3,0.633480586522804,0.41689089796535084,17,0.020851777121785438,0.3932867801203517,3618.6829702828263,10.107036802808794,18.19918944231962,13.014844613179424,0.41506862608671585,14.864453070719911,1.0,0,2.6538240142717413,0.3908100200606568,-2.2630139942110845,2.0,6.712163956694451,,0.6347351005602118,3.356081978347244,0.3173675502801059,0.7604966109633873,-0.1257615104031755,0.38024830548169364,-0.06288075520158776,0.18586034617993263,0.09293017308996054,1.9171600150472692,1.6495594827238282,20.525442042850212,0.06616051307614107,sd15_pilot,-0.175,2.21184296046597
sd15_0059.png,367,3,0.8626349453308096,0.69875229387408,91,0.16003796970611087,1.1885663691608988,430.0343906561707,73.30782763478065,1.370568694434013,1.0084048948785,0.08054550473615635,0.040115372227896066,0.0,3,0.12320760807264186,0.0697371121878112,-0.05347049588483066,9.0,4.315252590589429,3.629603244402287,0.15140043873633813,6.669510851704212,0.23255140082505177,0.028639305904295753,0.12276113283204237,0.0602501001166309,0.17230130070842087,2.594036942172199,4.285274348699254,0.2892596109268017,0.1839522552369341,1.6802068829821386,0.0055043353191720585,sd15_pilot,-0.012499999999999999,0.14933560490891784
sd15_0060.png,273,3,0.7133230871441847,0.538146079223033,29,0.04080618411542433,0.437512126131251,6708.198594626,5.462200007845024,19.983263505910287,14.870890577946309,,12.461411496392065,3.0,0,0.33008572260960156,0.039398554130187446,-0.2906871684794141,3.0,19.74339190149588,2.4916279514718678,0.535458190799174,10.490217883572114,0.38086566635248786,2.774405243820456,-2.238947053021282,1.387202621910228,-1.0063369555577402,-4.843989771220272,-1.8034729527859792,3.6881503276133265,2.795443055816663,23.69133909933984,0.14566232487704764,sd15_pilot,0.175,0.3271684193163572
sd15_0061.png,229,3,0.7567806456624916,0.5899728502710864,48,0.1029238801561298,0.8442906223780344,504.0005677476629,64.82455482492509,2.316173970113013,1.364068648541643,0.0003078393749614872,0.054939040202107395,1.0,3,0.07944807377686813,0.041419576999423224,-0.03802849677744491,7.0,2.7560052551586756,2.7120153079066625,0.5536770385024559,3.6034038516108544,1.117905747059568,0.31796089853870546,0.2357161399637504,0.7136073449912037,0.4042984020683642,1.5408749187750204,-1.1655460007804677,0.4959544030921138,0.18298251936914095,2.6197306894937973,0.05525391128187211,sd15_pilot,0.0,0.07944807849439839
sd15_0062.png,518,3,0.9340473259068527,0.7866865085979733,202,0.2752658298021091,2.326307454957088,15999.94055442984,2.2915341879279016,69.31831248348767,41.349861133157845,0.9745460149548071,9392.675089397724,1.0,1,0.48479948141076146,0.1188197540772089,-0.36597972733355255,7.0,8.337093875073686,9.56758412525707,1.537058296595398,8.81731150804213,1.5143265276568552,1.8641536244406414,-0.3270953278452433,1.295472020459786,0.21885450719706911,3.039010671559379,3.467994354472216,18.353022167435295,12.732840172324096,84.6486182471479,0.21801295721305777,sd15_pilot,-0.175,0.4845220798619526
sd15_0063.png,581,3,0.7020710881725771,0.5450888235048169,83,0.052519869855974566,0.681042783910727,80.00037614837366,151.92738628939222,87.43228319322282,50.504371706170694,,391.03809287859025,3.0,2,-0.21834919860187296,-0.09748864107170552,0.12086055753016745,2.0,3.6979536499569456,3.6979536499569456,0.08526869052331065,1.848976824978491,0.042634345261655326,6.16957134269569e-08,0.08526862882759723,3.084785671347845e-08,0.04263431441379861,3.6629550988947877,1.8314775494474071,0.33504775190664166,2.9263875841967417,87.79818703505877,0.6091530269374738,sd15_pilot,0.0,-0.21834922677889945
sd15_0064.png,354,3,0.848840306506601,0.6659574398350754,74,0.1251220767707177,1.1884526459604245,15999.936340785378,2.291534791251324,26.119694516567527,15.957434759505114,0.7150775227367715,12.160111615520327,0.0,0,-0.04600885699839585,-0.0021587347509695043,0.04385012224742635,3.0,20.200361237245865,22.103266503009507,0.21633548676503978,12.055008581486021,0.19307307592323486,1.359851824341277,-1.1435163375762372,1.2875105401804898,-1.094437464257255,6.222214982863196,-1.691247003261509,15.644792393368874,12.387839573677988,45.246671658381246,0.02145671065413923,sd15_pilot,-0.175,-0.046129750166605366
sd15_0065.png,397,3,0.8597614636064221,0.6785480089869277,119,0.19620885694848816,1.3828176798239382,461.51083692769754,69.47293074426776,3.294575896488766,2.303556537490117,,0.04105988831282433,2.0,3,0.3954737470470192,0.07501237885831424,-0.32046136818870496,7.0,3.8472398469805986,3.5923850055676234,0.22575807116208946,3.684830141736657,0.5581556946898365,0.03858350725284776,0.1871745639092417,0.049403729014422026,0.5087519656754145,2.8499093985614214,2.446533034022452,0.5041393198789365,0.19061156558554015,3.673569615973747,0.008380749174378522,sd15_pilot,0.03749999999999999,0.39490056198823065
sd15_0066.png,452,3,0.9237584171725883,0.7557176385865294,120,0.18432327391717815,1.468075727321689,2588.256515961817,14.096035349762175,85.68082748820993,49.631305801008196,,31.550175962984145,3.0,3,0.5632319803270813,0.11100157716632042,-0.4522304031607609,6.0,7.269015287421529,7.269015287421529,0.6325899284816456,9.19661847815694,0.6907259186987655,0.6526465823367542,-0.020056653855108575,0.9932808576551668,-0.3025549389564013,0.977276448732562,0.7958018629684638,0.9814642229009586,1.5060875640482472,88.25986303516406,0.5186385820135173,sd15_pilot,-0.175,0.40613242620061096
sd15_0067.png,113,3,0.823842190497569,0.6587933521015349,20,0.05452166978994868,0.8550317902802136,148.0151799961002,130.35443935764962,41.28590129585505,30.851368842396326,0.9911128875454546,88.69248864097497,1.0,1,1.0445932318480908,0.036397576413050525,-1.0081956554350402,0.0,,,,,,,,,,,,0.8347718007536883,0.3791619053026144,41.943724532533416,0.013941002341513596,sd15_pilot,0.0,1.0445932345571893
sd15_0068.png,365,3,1.0609856942788105,0.8818637388589728,149,0.32590314181225155,2.2195107555246656,653.3700286659604,52.18830595239103,3.3891860626983714,2.1197793114522194,0.0859497803041688,0.1339496711636206,0.0,3,0.20904566407292535,0.08838098105412728,-0.12066468301879807,8.0,6.5767141576337576,6.3026107058576635,0.17794909797971847,8.758844128993005,0.32404791122941123,0.039257833244104035,0.13869126473561444,0.06204889670730829,0.26199901452210295,4.753945398933227,6.009427463353754,0.36252835520203935,0.2391214823212106,3.9419361573230867,0.007624939669875599,sd15_pilot,-0.02500000000000001,0.2265565033658189
sd15_0069.png,308,3,0.7242656406974625,0.5426420981632901,68,0.09577375993807787,0.765672621847258,664.2722256735278,51.44304367518184,5.384000337220499,3.6471561980549283,,1.416592758726262,2.0,3,-0.2349634551205959,-0.12116276943093118,0.11380068568966473,5.0,5.952411736251262,5.952411736251262,0.4694604070235031,7.521352795031939,1.0927289463960754,0.5273565785194649,-0.05789617149596182,0.5273565785194649,0.5653723678766105,3.5933523100374023,5.211755594221616,0.9669794919797056,0.45750982267104695,5.864792851700432,0.09130722380393785,sd15_pilot,0.012499999999999994,-0.2469090137279707
sd15_0070.png,500,3,0.8808143382619837,0.7067034952990556,155,0.20976437098016082,1.4824181545638546,1120.6640631160788,31.872854458262513,83.7586489689336,48.38994714983768,0.12380799423529815,10.001381266876084,1.0,3,0.25034442184428396,0.021118509272818442,-0.22922591257146552,5.0,8.184984548619209,8.684739719153603,0.9949274139833948,6.17391279710086,0.8981055660933044,0.4678549488261212,0.5270724651572736,0.5455873443821471,0.3525182217111573,2.185515880168751,-1.6238486725147103,0.31770313679278234,0.4729574651485017,84.99588327130446,0.05040402665028867,sd15_pilot,-0.1375,0.1856256165051554
sd15_0071.png,354,3,1.0006869390995703,0.8430633881738108,171,0.39637918687926277,2.7790073550088117,584.2870321704053,57.41692792455912,2.115181958440701,1.3592631076656998,0.21907345800542014,0.10135412526146256,1.0,3,0.07821125612361157,0.05714319378625132,-0.02106806233736025,2.0,4.993048905811416,4.993048905811416,0.68215520644873,2.4965244529057795,0.341077603224365,0.09497946502422216,0.5871757414245078,0.14483390361723325,0.19624369960713173,2.520843794332369,-0.23440888991145314,0.6223959942768792,0.36281720516797433,2.6550806828128644,0.02810960243870997,sd15_pilot,0.062499999999999986,0.10556810003080186
sd15_0072.png,331,3,0.848824998575217,0.692632811784859,121,0.22025030036342222,1.849906635717415,5477.956517293016,6.686375400232125,77.7858440759309,45.2234628817442,,36.692402625444466,2.0,0,0.3370251190218706,0.1721555300267904,-0.1648695889950802,4.0,13.129401185796894,16.32289299529048,1.3346848748961526,9.961704174796097,1.3346848748961526,0.5539657039031498,0.7807191709930028,0.3395428224596535,0.9951420524364991,9.084708618429877,6.755372131367612,12.12669825645452,13.824836615594098,85.46941427933803,0.4467936474899378,sd15_pilot,-0.175,0.3597799492693241
sd15_0073.png,522,3,0.9634002590776467,0.7910139559552453,214,0.2571647610518579,1.8558940754629698,852.3046465777519,41.15755412689904,7.463424289124561,4.513397191236282,,0.7237450789490579,2.0,2,0.057441281619713846,0.1104617497032252,0.05302046808351135,8.0,4.891556045789267,4.501392984504442,0.5095609586692729,4.86272416045236,0.7758184085454092,0.6267024479384578,-0.11714148926918488,1.3618265702911505,-0.5860081617457413,2.990688891910388,1.9392286413235351,1.6953345088015885,1.5080642136367701,9.057625432525198,0.21199957896451738,sd15_pilot,-0.043750000000000004,0.04765989576369223
sd15_0074.png,342,3,0.8586213427748982,0.7189485612121558,59,0.12074545441987779,1.092993185179782,696.8914166462113,49.32747180200193,87.44147653427095,50.495032768404734,0.13013314189715594,24.263643076805888,1.0,3,0.2787647860290917,0.06210169205518701,-0.2166630939739047,7.0,3.4918447313274648,2.5254298324714206,0.08074856118956664,3.878177700008536,0.1342424947686296,0.09141595332459218,-0.010667392135025544,0.14960363570959823,-0.015361140940968632,0.21142803053554804,0.863697690261156,0.5997918235314691,0.22385006105174765,87.59280906048598,0.022529619019603483,sd15_pilot,-0.01875000000000001,0.2665126234634305
sd15_0075.png,378,3,1.0007698022878329,0.8238780056627084,190,0.3968380197974596,3.086594948170834,554.6073610134046,59.96858258865488,0.12724628310036223,0.10338987590520511,0.19378726292696127,0.3112976033884992,0.0,3,0.20152937368446944,0.03397017219064358,-0.16755920149382586,7.0,4.424730315706853,3.7494282913792554,0.2265124259108724,6.077655246473826,0.2850182806556094,0.03613162666807668,0.19038079924279572,0.06272892562200294,0.22228935503360647,3.0288980840272295,4.723149722432206,0.5258739369590725,0.29472662475695355,0.8312118809602524,0.007746029666462079,sd15_pilot,0.012499999999999994,0.1475791081361112
sd15_0076.png,595,3,0.8189925624757475,0.6593072615854682,101,0.10944358790075767,1.0088344048612978,12353.415185868213,2.9676894910377136,78.26763012906001,45.289390050049214,0.5738700439067828,17.408145441237345,1.0,0,-0.06034157315031763,-0.08925134632471554,-0.028909773174397912,3.0,15.616167816210988,13.933063542922913,0.4409325069643799,8.738895155897183,0.3812540314446218,0.7551870784630736,-0.31425457149869374,0.7601072826957944,-0.37885325125117264,3.6358581027254413,-4.061996669496246,6.410076929958352,5.742637168237729,87.80145691483457,0.35204064802197593,sd15_pilot,-0.175,-0.06221894194612121
sd15_0077.png,359,3,0.9276996066525577,0.7720178151545034,91,0.14828239837514096,1.1775392402749794,421.3064740103699,74.43639961706704,3.7705165890407812,2.719246968840564,0.2444261202017398,0.10257212881979198,0.0,3,0.19355448555040045,0.03594103645755575,-0.1576134490928447,8.0,8.064807255905864,8.278881807166492,0.37971683092754605,9.662888839506426,0.4714507165129098,0.3851631428425,-0.005446311914953927,0.34477867226750814,0.12667204424540168,-4.70496813697928,-5.008646541765252,0.6382829303305767,0.21794145706115567,4.029380760532855,0.013774428352136492,sd15_pilot,-0.006249999999999999,0.18965423710537122
sd15_0078.png,493,3,0.8521338914149749,0.7285604856409463,65,0.07516497158956743,0.997600134435511,3173.173966976129,11.517094835987724,0.6486434859971979,0.5236416872828498,0.40677640162299983,0.6276367723849036,0.0,1,0.17041851914199768,0.09788339818565761,-0.07253512095634007,1.0,,,,,,0.10691308705854397,,0.05345654352927198,,,,2.3560782077007634,0.4002064674391003,1.4568394651363723,0.04806893882693399,sd15_pilot,-0.175,0.1689007516530846
sd15_0079.png,404,3,0.9254975333431226,0.7563301752918743,118,0.19116634878505875,1.34163892111834,496.96698398121873,65.55545257089551,2.1269979743444196,1.4771503387818732,,0.14258882929892097,2.0,3,0.6494073520320724,0.039667879681448026,-0.6097394723506244,9.0,5.389257289193627,4.631311941078245,0.251928736554043,6.266325316123074,0.46574906597194676,0.040712892398888645,0.21121584415515438,0.1662531667118654,0.29949589926008136,3.7571451798931825,2.8261002799182635,0.37864939826359356,0.20039493174530348,2.52853862719106,0.007718900748959661,sd15_pilot,-0.01875000000000001,0.742802039588776
sd15_0080.png,958,3,0.9066751593094265,0.7586375584200139,144,0.12170930716528636,1.0586685617799,80.0002787204137,151.9274191259112,87.16691336711128,50.34160090702536,,16.774598543819035,2.0,3,0.1017314455357935,0.024416630577291598,-0.0773148149585019,5.0,3.464914717719525,3.1969980734524963,0.7693838877295422,6.716588003674944,0.8076546782886576,1.2814662397886423e-06,0.7693826062633025,1.4810296100620235e-06,0.8076531972590475,2.9718419865921377,6.213684943453458,0.39760960006188883,0.07179403045131252,87.48645002979084,1.172245439785312e-06,sd15_pilot,0.0,0.10173144763913344
sd15_0081.png,281,3,0.8312955293803475,0.6500187620103484,105,0.19356411794014722,1.328084757657621,533.226533585572,61.93763818974652,1.4483126970280011,1.0722691023120663,,0.5284379478505973,2.0,3,-0.0003393633891690673,0.033319494650163706,0.03365885803933277,4.0,5.361722095806723,5.361722095806723,0.2771258914280952,4.379259241815233,0.2771258914280952,1.0395760446161968,-0.7624501531881016,1.3545763673236713,-1.077450475895576,-2.751495912965323,-6.016584768334638,0.6381287485015752,0.1559298674288923,1.6780800994411607,0.03294654662832023,sd15_pilot,0.0,-0.0003393602446528643
sd15_0082.png,339,3,0.8561938474561754,0.6815961648677825,119,0.27021366274189484,1.8367672495032181,653.1164692033748,52.205878014405975,10.024174635941066,6.266345290826192,,0.3109303095874858,2.0,2,0.22704896972021904,0.12612164897066325,-0.1009273207495558,3.0,11.54008072763406,4.348687373187012,1.5492582460748174,7.603103312550063,0.9387501458949119,1.4577978887797869,0.09146035729503055,2.284361168557852,-1.3456110226629403,5.135652236175463,-1.0497645895944245,5.04429266320687,1.004563656294084,12.673054338237412,0.11516644764248682,sd15_pilot,-0.075,0.12402860518353742
sd15_0083.png,340,3,0.9454970855773859,0.785563896840794,130,0.28264241702744314,2.5314749062866175,192.47691331053625,117.94699449899835,87.1659819218469,50.33819061648267,,7.603246179175944,2.0,3,0.2582891903281187,0.10405310592271133,-0.15423608440540737,1.0,,,,,,0.5903612722387219,,0.68318166594293,,,,0.42667339527387455,0.15351716774389504,87.5375230754033,0.1326272593803505,sd15_pilot,0.0,0.25828923148391636
sd15_0084.png,334,3,0.836182353050105,0.6792217606229749,86,0.1314694075403473,1.119702733772923,6595.994179868583,5.554973171857167,69.55100396613068,40.959259403880054,,20.060578935868325,3.0,0,0.5393393526569404,0.16150659055627614,-0.3778327621006643,0.0,,,,,,1.5344130421247568,,1.4321626860615493,,,,8.712983171978076,13.98973136737053,74.30834532178734,0.2895649720177588,sd15_pilot,-0.175,0.5400621637027442
sd15_0085.png,388,3,0.8690140110663735,0.7155616595708177,91,0.1506487829695444,1.3321936405878576,707.0461083614671,48.70179506791269,0.4485811633524577,0.32768369065929925,0.0271875899211967,0.008962034260684676,0.0,3,0.22370098542419525,0.06777515879383345,-0.1559258266303618,9.0,3.9863588339343963,3.662120494385188,0.13734507823498765,5.687831111732104,0.22300158669467374,0.03218689014473064,0.10515818809025701,0.05239471161405662,0.17060687508061712,2.0925080374780274,4.050334553395634,0.4828930652763501,0.2148147742592664,0.8333975924634208,0.009244832603835414,sd15_pilot,-0.03125000000000001,0.21477603341107632
sd15_0086.png,567,3,0.9494363867077709,0.7620590883508895,146,0.17431453043479997,1.2999250236394595,617.755344068764,54.76871279821034,6.304370980897417,4.952563801597922,0.25119258931532107,0.20931404707653264,0.0,3,0.639819633580696,0.14671661824861681,-0.49310301533207923,6.0,4.408321131688695,2.3952675041420104,0.07744652090564141,7.174390877351821,0.2649248182446846,0.064582268218222,0.01286425268741942,0.2053637709648597,0.05956104727982492,3.0511538647195984,0.8626386480090753,0.23934856248136493,0.15763081108955496,6.552575579272847,0.0057122683678002,sd15_pilot,-0.05625,0.5690572955931055
sd15_0087.png,211,3,0.9192729023019851,0.6995032295235325,97,0.2919116043949151,2.1315924732909877,2036.1069719082486,17.863395421279645,24.485626010319024,14.674102282041527,,2.2563375494334665,3.0,2,0.14533555459710334,-0.03620979745201258,-0.18154535204911593,5.0,5.970607409933952,5.133759295363376,0.8642993405094774,5.096265638302813,0.8642993405094774,0.20861260207634658,0.6556867384331309,0.33993611661419765,0.5243632238952798,4.291134753990762,2.2094293064777477,8.178448781547058,8.179386683291098,31.080728288168267,0.7576844333115059,sd15_pilot,-0.13125,0.12460172237889089
sd15_0088.png,477,3,0.8487372906082575,0.6723440968163148,208,0.2989256959760004,2.7775398027269915,4177.23363220053,8.761257602008293,68.5388920251016,39.91639884866755,,6.666585624117525,2.0,1,0.48613490883760424,0.18722658778518986,-0.2989083210524144,2.0,23.738876298985154,,1.5398553934153139,11.86943814949259,0.7699276967076569,0.6090921340199618,0.9307632593953521,0.4720999535952317,0.2978277431124252,7.030254425983372,-1.1681543912141166,4.396350452976594,2.2731422768108773,71.87533614178224,0.16146439301579427,sd15_pilot,-0.175,0.5580741564853217
sd15_0089.png,182,3,0.8078862341990067,0.6233477175849413,42,0.09802119093119804,0.9213359780633474,418.00850650220116,74.87061638517832,1.1623593664244254,0.6881011417141328,0.23165118773956703,0.5526415835256416,1.0,2,-0.508454729156323,-0.1719075953207534,0.33654713383556956,6.0,6.193981966013486,2.0485186891917913,0.3444239924134429,9.29254894436584,0.4983575653077166,0.3077120472286401,0.03671194518480281,0.4991305199782641,-0.0007729546705474988,0.3301741640195148,2.5365609197711336,1.7499913097765822,0.1859915070824908,1.2833094722353258,0.05112179392162385,sd15_pilot,0.0,-0.5084547383995676
sd15_0090.png,617,3,0.9380631673498815,0.7561380453276865,225,0.2789705679969604,2.2826026930134464,910.9929471230448,38.709187274700916,85.42599126432131,49.337776303498494,0.029293100741402293,2.7372478056392526,1.0,3,0.6568034754833811,0.25977432865003913,-0.397029146833342,5.0,2.9900716633717668,2.8102701002764228,0.7984037652507898,4.208694875999888,1.3545847721325064,1.22076743827117,-0.42236367302038014,0.8068383153870027,0.5477464567455037,-2.4084842477099357,0.9013881652534677,0.3076411018591073,0.3490989365000505,86.0201200303089,0.06598563433125432,sd15_pilot,-0.08124999999999999,0.5782318376104459
sd15_0091.png,552,3,0.8930076148099696,0.7202440230097683,211,0.291477717901377,2.313085245578614,1605.7862262653966,22.54044728701993,23.552633171522984,18.15329721879309,0.8753648527144634,56.12693249561886,0.0,1,0.27409531950588684,0.11929159266924372,-0.15480372683664312,6.0,7.691004441475701,6.985759836358717,0.43168831689003273,8.052979891652612,0.4826502405460955,0.1318384883534489,0.2998498285365838,0.20488151398870347,0.27776872655739204,2.906850325476289,0.8919816708602308,1.215877166953513,1.3174245758520462,25.35685736513094,0.02573467482334133,sd15_pilot,-0.05,0.45909399257751116
sd15_0092.png,445,3,0.8218501246325849,0.603477279620782,145,0.1820427383214952,1.2237694891563067,452.96336952302545,70.47926913402743,5.345958763085022,3.9147710549972445,0.5098085522752023,1.2427098728923296,0.0,2,0.4387507639299171,0.14171535243074795,-0.2970354114991691,2.0,9.224439093097173,,1.6462399534189043,4.612219546548601,0.8231199767094521,0.11400864456435711,1.5322313088545472,0.0980838627342826,0.7250361139751695,8.013644651878163,3.0428569008661692,1.3910103707450105,0.29478786083584263,5.910978473298259,0.030524115757782216,sd15_pilot,0.006249999999999999,0.795781964311425
sd15_0093.png,207,3,0.8163642732575217,0.643815129490936,68,0.16126098212295095,1.3587374342797525,480.2072499281804,67.35730621046878,1.297334759017005,0.749328692093663,0.5217680621042889,1.7365664553343083,0.0,3,0.2725462359754909,-0.08401600556748057,-0.35656224154297145,5.0,10.415012076807223,10.415012076807223,0.28309007440112266,11.392284616059237,0.36174643482891744,0.18672499784071706,0.0963650765604056,0.18672499784071706,0.17502143698820039,4.5355371444079715,6.213843087813155,0.9573591824532225,0.2112627687338404,1.720314088813975,0.017317474517637967,sd15_pilot,-0.012500000000000011,0.28249704743281145
sd15_0094.png,312,3,0.9891846227883058,0.8241309056848928,84,0.2140551177618108,1.6042804456323974,807.7664970263905,43.2223942681662,4.89555194355971,3.094218157861296,0.20073048737354926,0.2364257326464778,0.0,3,0.0785075850818413,0.049469263548849174,-0.02903832153299213,4.0,8.329227366401613,7.768910516598064,0.36115752988600525,6.366903713841006,0.2886578821686938,0.10178460078129259,0.25937292910471266,0.1442410631453086,0.1444168190233852,5.397577439525046,2.1889296319354345,0.9265307511537516,0.6155918468654704,5.637122385523792,0.01835405070416184,sd15_pilot,0.07499999999999998,0.03786321816245897
sd15_0095.png,453,3,0.896361854644121,0.7159577214578539,152,0.2159243982296633,1.5213447777125841,404.39033537154774,76.71017011932487,0.8832289678073266,0.5153698877613786,0.4917375100000355,0.1441120328858818,1.0,3,0.2514001243684959,0.13003033466184977,-0.12136978970664614,4.0,1.3157962721222352,1.1477580064188309,0.8937862837940758,1.1847416421739771,0.8937862837940758,1.4547666345385712,-0.5609803507444955,1.8086790674897548,-0.9148927836956791,-0.1971885484193816,-5.436903858199051,0.22954191921736453,0.3136329985127202,1.5208424617811422,0.0649758991436335,sd15_pilot,-0.03125000000000001,0.6146263406591811
sd15_0096.png,719,3,0.8711924785418667,0.7061160384688722,112,0.0905047799912887,0.9105222545529534,5951.336113978821,6.155596074134024,10.260125567525535,7.7164332009854375,0.7349294911138947,2.004766248813669,1.0,0,0.021542445368335494,0.011473755753710568,-0.010068689614624926,2.0,14.216334446881566,,1.154913517110809,7.108167223440831,0.5774567585554045,0.7530162929180451,0.40189722419276386,0.7530162929180451,-0.1755595343626406,4.978800681766915,-1.4095684303858773,5.1561193287582645,1.2114998718155359,11.765758358922046,0.040546729554768256,sd15_pilot,-0.175,-0.021234233051361295
sd15_0097.png,502,3,0.9720508166729689,0.7999922640772003,269,0.42556374220438775,2.701401381272202,628.8952729579075,53.936601655832334,1.3437176732346927,0.9943699588386034,,2.563445335835589,2.0,3,0.07042843723844838,0.07775623561003064,0.0073277983715822614,6.0,6.935385375134137,9.610661537158844,0.48795375797856355,8.13690185246283,0.488331338190084,0.04840958390550787,0.4395441740730557,0.15987261809345732,0.3284587200966267,4.048619226216989,2.5945819000575305,0.38211159048941273,0.12651901406368823,1.6009241983142715,0.00765587762412209,sd15_pilot,-0.006249999999999999,0.0665203801769706
sd15_0098.png,946,3,0.8817020830941422,0.7242411775151344,164,0.09786148636246755,0.9439241364695008,1065.17568377377,33.442630120654044,88.63188384602621,51.174680292344675,0.09592852322321886,181.05102294584975,1.0,3,0.317673398229786,0.1058644003259045,-0.21180899790388152,5.0,11.343765688681314,12.47833014165213,0.4763794727315731,9.962700918097642,0.5325669628616669,0.24927682418505093,0.22710264854652218,0.4672903341993617,0.06527662866230521,7.351340728374661,5.135233491115216,0.7289789637551649,0.13647467647941677,88.94124834685275,0.104134993725329,sd15_pilot,0.05624999999999998,0.27568878471744784
sd15_0099.png,332,3,0.8840171596442711,0.7245189036149368,75,0.13072633792928845,1.3691807014714605,833.4434100618539,42.00851391834938,86.56557124581998,49.99151207550168,0.12864721519086667,6.505937909193521,1.0,3,0.006028503079074543,-0.1116203439527701,-0.11764884703184464,7.0,12.282041384853043,6.924038238468313,0.6264531054320281,11.980288526527696,0.4943808354428971,0.09681316371244453,0.5296399417195836,0.19015102588195942,0.3042298095609377,10.023102546720384,8.193902214116417,0.8403220689833382,0.557361673756213,87.40513288525722,0.024211486754884846,sd15_pilot,0.04374999999999998,0.011648272395823778
sd15_0100.png,554,3,0.7500588290531104,0.5855742091436417,80,0.09804867235392865,1.0121950317701869,6297.959797874835,5.817406411607335,9.523849138273349,6.778920421536179,0.4672220629552657,2.0360348809894155,1.0,0,0.19276082892061674,0.006522660603614505,-0.18623816831700224,2.0,23.81073801478919,,1.0325739774659572,11.905369007394595,0.5162869887329786,0.30311831590610794,0.7294556615598493,0.17839053062222376,0.33789645811075486,15.347001923065164,6.366772770110803,4.138983023792077,1.422392722206106,11.591489208249278,0.06969517012253865,sd15_pilot,-0.175,0.19154134394033928
sd15_0101.png,190,3,0.9226317521396754,0.7483126982657552,74,0.21655806191332475,1.468311106549438,682.0159773674493,50.27167814783816,5.826356512646299,3.4856910928092706,,0.3162467105633952,2.0,2,-0.25321006511745514,-0.021969169032071134,0.231240896085384,5.0,8.067999189440908,9.791730500504585,1.4394761087350654,8.610943170845916,1.4394761087350654,0.8113730195821933,0.628103089152872,1.0111389630818506,0.4283371456532148,6.056664671300002,3.52334683269099,1.2060377638303634,1.2552174207725035,7.603521957284935,0.1977116660752712,sd15_pilot,-0.15,-0.2347088854081969
sd15_0102.png,524,3,0.9783520461062498,0.8216921172123531,191,0.29979743667557923,2.4454444273612994,1367.6490459806655,26.33811044719555,86.78436324296449,50.10867522419015,0.0755475302040082,122.7389951215521,1.0,2,-0.019064884644399926,0.009999994972553217,0.029064879616953143,5.0,7.699207674950012,6.246038125587168,1.552781541835997,7.7967253734170585,2.0716036039469587,0.8011494449655863,0.7516320968704107,1.662090199597805,0.40951340434915373,3.9228350725559347,4.110438052059132,1.296539965196295,0.47387906783479433,87.44538650125757,0.05742307875511829,sd15_pilot,-0.1125,-0.04801680813353393
sd15_0103.png,441,3,0.7091616646483287,0.5442453811514216,140,0.16401347320227094,1.666267944752781,809.6854611115641,43.12936990288289,87.13498507966582,50.31193963424759,0.15152186991249542,277.13666594880056,1.0,3,0.04168323505534244,-0.04227630660530468,-0.08395954166064712,6.0,4.721514118661325,4.7114953081150075,0.926630877706712,4.6365588116539245,1.0384033748056773,0.5001621550991935,0.42646872260751856,1.669534133476886,-0.6311307586712087,-0.898052036808993,0.5745292487461642,0.9885640358959722,0.4830472057323721,87.79748810517025,0.08120480602996455,sd15_pilot,-0.006249999999999999,0.03947991473809109
sd15_0104.png,142,3,0.9162155629836956,0.7423215952896881,42,0.17456386213468064,1.5264262348289397,1087.955219168835,32.78035746436134,22.510484573867558,13.148192391772586,,0.392556357383134,2.0,1,0.1357339845156038,-0.03653756189700652,-0.17227154641261033,2.0,0.21971934265157197,0.21971934265157197,1.1825759749228837e-07,0.10985967132578857,5.9128798746144184e-08,0.19409462094730223,-0.19409450268970474,0.11565276606822517,-0.11565270693942642,-5.769732692257915,-3.040448700307235,3.3269914256651054,3.3955987549982676,27.095954592875216,0.08653402909592241,sd15_pilot,-0.10625000000000001,0.1882980560314924
sd15_0105.png,342,3,0.8355304905267442,0.6550553231599925,75,0.14418433507090256,1.1075978878450154,691.4481424269724,49.66909881275186,1.8088394562826835,1.4359240203961403,0.34986160329357197,0.5528116776679252,0.0,3,1.1259485812672185,0.3113941856719947,-0.8145543955952237,6.0,3.734839430466622,3.7559118000032843,0.3485675627570881,4.396088320536231,0.41376379109952666,0.5342581412720095,-0.18569057851492143,1.3648552286303137,-0.9510914375307871,-4.723466043756451,-6.5638051272967,0.7351378271977699,0.16410469999712043,2.136539067077114,0.03462132298343719,sd15_pilot,-0.043750000000000004,1.1672358825628866
sd15_0106.png,383,3,0.8377284113809067,0.669142781443699,111,0.22012934411879415,1.591749427168493,6452.152976913705,5.678612637871012,3.7874475753155394,2.2171221539053914,0.8410394031372951,20.68331663854237,0.0,1,0.3775224300835214,0.12262613992679317,-0.2548962901567282,0.0,,,,,,0.4302333438877426,,0.8857347270314389,,,,12.51094831017196,5.867817615288021,18.49004057670121,0.38851176388057407,sd15_pilot,-0.175,0.37768416647801506
sd15_0107.png,124,3,0.9232637851578346,0.7682626316662201,67,0.4206880419459016,3.2934420136482925,863.589871330345,40.663997162551794,68.39736173841627,39.88751016821869,0.15762982252525382,2.805027558375965,1.0,2,0.18153606892238439,-0.04717033906068546,-0.22870640798306985,0.0,,,,,,,,,,,,3.430381644991165,1.3588428535102555,70.00981856080386,0.08190947797483449,sd15_pilot,0.15625,0.19649348089300278
sd15_0108.png,678,3,0.9549559991654177,0.8049262892252396,210,0.2174709606617451,1.4996578016340145,458.97228347712183,69.76917721362828,86.91677739011527,50.18613647892646,0.03219964568631653,1.527251755857285,1.0,3,0.3366956946438052,0.08636478949029425,-0.250330905153511,9.0,3.6109759317504535,3.1204437416824606,0.134667211750509,6.125245456371309,0.46529300915666205,0.044119621892473315,0.09054758985803568,0.06882780303698643,0.3964652061196756,2.553657559874947,4.9627814207194,0.6021470427519091,0.27705827739739486,87.31248640641628,0.005833369420651297,sd15_pilot,0.04374999999999998,0.1890006323677833
sd15_0109.png,297,3,0.8212279924733211,0.6286972751834307,87,0.12805232991234178,0.9371675144994617,533.6347604833952,61.89895240948366,2.7646894908092463,1.7102074986187898,0.5633746908267707,2.414802393403468,0.0,3,-0.056201496854911936,-0.008521243772609877,0.04768025308230206,8.0,7.107115820504376,9.83434939681468,0.7613491177927334,10.998171427360235,1.566823704277259,0.8158636951496945,-0.05451457735696108,0.7091601374095968,0.8576635668676622,2.0219624884718623,7.01745577005613,0.7790234402190599,0.2020226689695813,3.018361765456096,0.03151246393624203,sd15_pilot,-0.012500000000000011,-0.06512610462066903
sd15_0110.png,644,3,0.9394025088297957,0.7736706940884682,195,0.2551464617835507,2.141895613295932,3362.0170480905513,10.874175318753865,48.329688899981534,27.912689644334712,,105.60636462996003,3.0,1,0.13462722382673797,0.08719648300019311,-0.04743074082654486,8.0,9.161789343484283,9.588078348470816,0.3369472284299766,11.051388266166446,0.5808462583710665,0.4239385978864627,-0.08699136945648611,1.0001679121157885,-0.41932165374472197,2.626867261152518,2.3397436319038807,3.6221999171633334,1.9643998569293382,47.80405271752539,0.057259529249336645,sd15_pilot,-0.175,0.13445969127992363
sd15_0111.png,416,3,0.8768407912939202,0.7035710809342827,119,0.20613943274773527,1.7290584297009537,6549.491756436409,5.594351937719607,31.363586775103457,20.139619229347286,0.41314623607934375,9.296328887890507,1.0,1,0.07000249200263098,-0.03886637988474151,-0.10886887188737249,4.0,11.072028974982992,11.072028974982992,0.48516483984890035,7.526308764591403,0.437403018397569,0.8075375091482431,-0.3223726692993427,0.8075375091482431,-0.37013449075067406,2.1416374196904275,-1.4516583981188438,9.066930495123174,7.084170683866121,50.17479860403735,0.11543079262240978,sd15_pilot,0.175,0.07122006840944461
sd15_0112.png,240,3,0.8398373082510475,0.6765058263104716,48,0.08985340055178825,0.9847661238533131,15999.936340785378,2.291534791251324,40.633304659153595,27.282676610033537,,87.86946896698382,2.0,0,-0.025016569066790506,-0.07468276723867318,-0.04966619817188267,1.0,,,,,,,,,,,,18.543866581969823,16.715893267301894,77.26138327986081,0.14183040324074625,sd15_pilot,0.175,-0.018118985458876802
sd15_0113.png,574,3,0.8842261384276103,0.6912002641546194,172,0.1974251543551286,1.3548745753837876,3460.55111471621,10.566326787256719,1.91970781998306,1.1365542550673242,0.4050434207435225,1.0558686107726127,1.0,2,0.23776344903398583,0.06609861276692885,-0.17166483626705697,9.0,4.129920461963335,4.709737774595254,0.22536412043938903,3.5084266238189032,0.3721301659227696,0.21772021025847588,0.007643910180913149,0.41860389649629015,-0.046473730573520555,1.6670083325316183,1.3638241686660972,1.250602165967289,0.8287136948198731,2.8839896849489413,0.19249093353630373,sd15_pilot,0.175,0.2472106099264243
sd15_0114.png,183,3,0.9843791956261309,0.8229623090299738,66,0.300774197958804,2.088182497482645,690.9269731965953,49.70204069588712,1.891215414291608,1.5053714289532898,0.3809759756467807,0.18135271731755886,0.0,2,0.05928081789769912,-0.07230194362401421,-0.13158276152171333,6.0,5.706439241737647,4.8571392662463095,0.32291135293155815,6.018953870293935,0.4393409222894027,0.08853560754452339,0.23437574538703476,0.33314834268330085,0.10619257960610184,2.1779337785443076,2.032401494640903,3.919937624707363,1.1551129163077942,5.0341679676690845,0.1141035094456484,sd15_pilot,0.062499999999999986,0.2541634689557739
sd15_0115.png,428,3,0.9702386437227712,0.8058187924147023,192,0.3058464933108256,2.316342563608508,391.3348775477808,78.54669321578663,2.6279931606293587,1.7913978406769062,0.3771936845550977,0.40578061186154035,0.0,3,-0.05092866598608925,-0.022535152668538005,0.028393513317551244,7.0,3.035999812534214,3.1089089617761045,0.21976596918815794,4.257267877611893,0.2639490778333258,0.0175323226404962,0.20223364654766174,0.031028782231639074,0.2329202956016867,2.279279888382456,3.2927895096410826,0.23000413655740037,0.1879974413526823,2.9766726300594146,0.004240990374559698,sd15_pilot,0.0,-0.05092867473162155
sd15_0116.png,729,3,0.9576892737428666,0.7966008910427035,196,0.17760858125081963,1.4115183251680765,964.223169689094,36.71926300428199,87.3457771989258,50.437358421857496,0.13642862736281922,16.28002779643021,1.0,3,0.04618934800631602,-0.009863292681834501,-0.056052640688150523,7.0,7.846157855756292,9.114853410855616,0.28742296418945834,10.185712814756315,0.38849820693764325,0.13414240548277467,0.15328055870668367,0.23812958239754956,0.1503686245400937,4.508586683525763,4.065528531665979,0.7208068857237954,0.16627928572881404,87.91557453889419,0.025018317871157464,sd15_pilot,-0.06875,0.04315616416620638
sd15_0117.png,262,3,0.699046087415914,0.5296795904694499,88,0.16683448685414162,1.4359615851057848,878.4767560895556,40.030015284298926,1.7307129790395805,1.2975748133087965,,1.2190954862102257,2.0,2,0.6981560622610641,0.3082434982091875,-0.3899125640518766,3.0,10.011361364522555,11.253859011529954,0.35589431360810586,6.318414501872227,0.28130517333258265,0.7777728393492831,-0.42187852574117723,0.5805553305213826,-0.2992501571888,-3.8994317680559796,-1.821085858216148,1.6709944503393177,0.18669848829282654,1.9719935259124959,0.03316574802710931,sd15_pilot,0.06874999999999998,0.6428909578944417
sd15_0118.png,488,3,0.6175945807592522,0.4386286900504868,17,0.024189360606961106,0.4360296254426099,3368.6538726118138,10.852879341288697,0.42984382633812857,0.3183315869522557,0.09771437829308365,2.0075700052999133,1.0,1,0.2655424304154673,0.05948453116475594,-0.20605789925071138,9.0,12.574043184546467,6.560546201631827,3.248987876929952,9.947800266247867,1.9756120998619062,0.5060493200535614,2.7429385568763904,0.9557667157407241,1.019845384121182,7.115359502508858,-2.739943052752409,2.12890440243517,0.41709793996317895,1.558500478403959,0.0763071056457301,sd15_pilot,-0.08124999999999999,0.2598208481974914
sd15_0119.png,227,3,0.8244904670665711,0.6412394481176427,58,0.13627554788465945,1.1068498322162421,603.7289914206312,55.85068158734615,0.9432377574049013,0.6344111418998754,0.03613756251154711,0.018111571947169426,0.0,3,0.7487071641425644,0.20289507641329485,-0.5458120877292696,8.0,4.197344597225809,4.448673879585052,0.1332228572943066,4.306962723656209,0.2481394160785717,0.05595426261994474,0.07726859467436187,0.057361175227628625,0.19077824085094308,2.2691474999272976,2.585127762602313,0.5649983009146916,0.2201231267708429,1.292551414259587,0.010554939253655868,sd15_pilot,0.02499999999999999,0.8048067435201695
sd15_0120.png,573,3,0.7323156914327753,0.583938152186437,39,0.03657074584940127,0.5536911648937338,15999.936340785378,2.291534791251324,87.31595735827358,50.42006443335952,,471.1204332934547,2.0,0,0.07916073580689043,-0.031111137097564967,-0.11027187290445539,2.0,12.479878702478693,12.479878702478693,0.5480271983616856,6.239939351239357,0.2740135991808428,1.21160310458919,-0.6635759062275044,0.9813837323269627,-0.70737013314612,2.0924361190513867,-5.586160070301336,12.138192872190054,7.29759258738331,87.58607563843478,0.23225611309469624,sd15_pilot,-0.175,0.07910755012450532
sd15_0121.png,311,3,0.8309334109147865,0.6541737250823143,84,0.17021375996705604,1.2226379722164995,1388.5791155112663,25.95465185812033,7.206506390528517,4.459740361477021,,0.45596840361121305,2.0,2,-0.4131202459502207,-0.1513282099467248,0.2617920360034959,6.0,6.293694058145013,5.685404934694928,0.7350575967867847,6.591375876026477,0.8186477902668003,0.544031616892406,0.19102597989437875,2.430206860277174,-1.6115590700103737,2.3424716950482782,0.9815289327641477,1.1248172577297513,1.1650214534215155,9.073048206248547,0.1251132484968808,sd15_pilot,0.08749999999999998,-0.4249233470575293
sd15_0122.png,595,3,0.9794114673254373,0.8314810408458291,191,0.23085505590953917,1.9673565135055169,676.4037183251216,50.63674872529922,87.47746734203669,50.518146859351035,,365.7070905845667,2.0,3,0.09456799029583474,0.03910749645771738,-0.05546049383811735,4.0,13.106410142824338,18.500234198004073,0.480706357063283,13.029397948778088,0.480706357063283,0.31674926963393624,0.16395708742934678,0.4586582517708204,0.022048105292462594,6.85156298398327,3.1488280256357406,0.4011499750559946,0.24756113653150605,87.71755503862384,0.4866017107685723,sd15_pilot,0.02499999999999999,0.06439449269880237
sd15_0123.png,251,3,0.7278601406185746,0.547521126956708,48,0.07342468267476683,0.6348874552457872,1223.1686096624453,29.32177646708922,0.5088895303592551,0.2953368651452658,0.12045803235129987,0.15392508381386907,0.0,1,0.23400553066670027,0.00018780849255428667,-0.23381772217414598,4.0,7.246378840749536,6.898001659914506,0.705078428433831,6.416215255636223,0.705078428433831,0.2709953049505476,0.4340831234832834,1.0292763833647318,-0.32419795493090087,1.4791275985859125,-0.8134835972119401,1.1622834072779422,0.5790181013615538,2.00296607842461,0.04441659809571583,sd15_pilot,-0.175,0.17605239969946207
sd15_0124.png,294,3,0.8497209760819069,0.6665061215701085,60,0.1281852566785431,1.061928249233546,547.0088310225907,60.65524230670404,2.15048320000831,1.5491510535442146,0.1785455587966801,0.03346504918931001,0.0,3,-0.2339418157082025,-0.14443080347164683,0.08951101223655566,6.0,9.548847718810464,5.270212080371372,0.3986541449183907,9.773200878327579,0.8880532036098518,0.13000651584811518,0.2686476290702755,0.1469838702151618,0.74106933339469,6.599610549441236,5.973012138395985,0.9779991019930115,0.35516204321773354,2.7598389157368772,0.020659518964539225,sd15_pilot,-0.05625,-0.22727640987634767
sd15_0125.png,361,3,0.9017219134452172,0.7617359008791265,107,0.20449524897610016,1.4029686832680226,684.1949414903124,50.13126238333875,2.3714453067279777,1.4011237209194178,0.22563826957585448,0.07937488189114747,0.0,3,-0.12303566309444025,-0.05478613654179232,0.06824952655264793,7.0,4.240863023641443,3.0833172696098003,0.23451260149507824,5.592120487473325,0.21165339972962505,0.08082640991561663,0.15368619157946162,0.13309554280442448,0.07855785692520056,2.6622774232431876,3.26103568676059,0.43158689333947603,0.2602189184853851,2.7228097385583623,0.01712733987966623,sd15_pilot,0.0,-0.12303567987595632
sd15_0126.png,385,3,0.7314531909506601,0.5584779534557381,84,0.11176618780789321,1.0784387023832678,7526.419148885943,4.869145149021236,63.76419180631733,38.78453445365926,0.7151620220553079,694.4933356100946,1.0,1,0.5696437045701678,0.10078020353424633,-0.46886350103592145,4.0,10.89480407679015,10.89480407679015,1.3183701598693567,7.915239352651679,1.0951257726053707,0.8673849221566092,0.45098523771274746,0.6106858786431868,0.4844398939621839,4.173507402343898,0.3127661796920478,2.12047492111884,2.426845799827488,66.55226763940526,0.11879677587339077,sd15_pilot,-0.175,0.5688213102998007
sd15_0127.png,108,3,0.8619278965152442,0.6733613912512864,57,0.42794454824060213,3.760802812828207,177.3344970412297,122.01216309362309,23.964353749444726,16.654117745132837,0.7778553072429466,10.950164776231174,0.0,3,1.0163495751897083,0.08149195458591885,-0.9348576206037895,0.0,,,,,,,,,,,,0.6028403026613819,0.2409421904354254,24.411882102019337,0.01486111384713851,sd15_pilot,-0.006249999999999999,0.25540338708207355
sd15_0128.png,737,3,0.9085343213980175,0.7535593248265039,236,0.23450396634255505,1.923165597006891,1320.9162246501917,27.23578975018202,87.32768057606623,50.430544029386695,0.6997872512911731,1334.1313316701544,1.0,3,0.5502723009855756,0.2296049161104804,-0.32066738487509516,6.0,12.895797600476104,16.832787723835178,0.8644904183308615,11.37462338941973,0.9723054211916788,0.3372607928629976,0.5272296254678639,0.5278261893893403,0.4444792318023385,5.8338187924561105,2.5113796195930735,0.7413589960492921,0.17453500289164622,87.52501112082037,0.1347944970911032,sd15_pilot,-0.175,0.6750649109195522
sd15_0129.png,376,3,0.8739162393041948,0.6945739827675116,97,0.1561480031393741,1.087720990856206,859.6658872832992,40.83432132245654,1.32670361509156,0.7900448677829096,0.5224315223371905,0.050088752705310144,0.0,2,0.17407830127426993,0.10159476751868812,-0.07248353375558181,7.0,8.029389204458779,7.660519609005782,1.525092665439125,8.499790464488512,1.6403027603826463,0.36286996413204964,1.1622227013070754,0.5945723701362993,1.045730390246347,4.312921974296483,1.1713533059767514,1.6924925338405667,0.3637292446966911,2.073217117570824,0.09517512507249032,sd15_pilot,-0.037500000000000006,0.17909028564749319
sd15_0130.png,464,3,0.9497221957329363,0.7959808690803329,180,0.3029197948400453,2.293076749733432,1135.5865428328086,31.474897891023993,88.35398936200001,51.015685286211195,0.14163318132499683,355.607468911093,1.0,3,0.05963857394426342,0.04060810109199975,-0.01903047285226367,7.0,9.717673613332108,12.917063118620366,0.2837728305340157,13.632376215028902,0.714814060092007,0.15730294609964712,0.12646988443436857,0.6651573089855902,0.04965675110641676,5.8314861827622035,9.840080919463562,0.39243961303736563,0.15046898847018256,88.52666070454997,0.0695373802612083,sd15_pilot,-0.075,0.12040302529643099
sd15_0131.png,358,3,0.9287856877982826,0.7716593966686492,147,0.30481431856177543,2.3211457623851546,1107.557241352119,32.23056251672843,9.273812227389229,8.200319472953382,0.292559414406279,0.6032983850717517,1.0,2,0.24187343185120336,0.021981378165099152,-0.2198920536861042,7.0,7.598357185915648,7.598357185915648,0.3576197855510035,7.018711407634766,0.3971014008079181,0.07296391263012447,0.284655872920879,0.09183658482563661,0.3052648159822815,4.906382105064655,1.1775365220505396,2.8278291375713502,0.3418883220195741,9.692213231563032,0.037855236364759126,sd15_pilot,0.04999999999999999,0.21957372821012422
sd15_0132.png,682,3,0.8736958856729842,0.7080333175592493,215,0.23471478807167542,2.0337501433177128,537.4399602620373,61.54043556530747,84.26010899599359,48.65669907646755,,9.513539894101564,2.0,3,0.32436385112285093,0.1129746071945642,-0.21138924392828673,7.0,10.029646272641115,8.928659813401072,0.6016572625543226,15.567946891301139,0.6900802427361628,0.16421007425616718,0.43744718829815543,0.48789688728842195,0.2021833554477408,5.621798829224244,5.12996192786788,0.2981740639755105,0.30340961862897364,84.9940495684781,0.0166220770833713,sd15_pilot,-0.012500000000000011,0.23041750700928554
sd15_0133.png,894,3,0.9524307862054435,0.7757744011427979,242,0.1811648125831869,1.3849901664468482,3819.2393301218494,9.57883164622362,89.2213470573284,51.554776514965425,,1301.003995720905,3.0,2,0.42947001000022655,0.20523694779984336,-0.2242330622003832,6.0,2.3274591570718184,2.2560882066501593,0.7483930399529743,4.56628547084985,1.0080627813117005,0.6460773452964022,0.1023156946565722,0.9180961708631883,0.08996661044851217,0.09488183466668243,1.9900337605172163,1.2536536258622115,0.26829381571933364,89.63148099894083,0.4425650070716832,sd15_pilot,0.175,0.44083238260615476
sd15_0134.png,740,3,0.9883330935099784,0.8189355223286287,169,0.17681501448477052,1.3134319927180895,680.2378720235447,50.38680801522959,5.052984142418794,3.0209886807381334,0.24829543768398,0.6629836672476382,0.0,3,-0.030766009149851725,-0.017379365700768146,0.01338664344908358,6.0,4.466590626941521,4.466590626941521,0.1609417109568243,4.783710274012536,0.1612928182251716,0.35475459915189855,-0.19381288819507425,0.41468103157490477,-0.25338821334973316,-3.1069031046020754,-4.764073358153798,0.5737050338746603,0.30337428021832724,5.377460710793866,0.010512504073421428,sd15_pilot,-0.012499999999999999,-0.023151585328057056
sd15_0135.png,301,3,1.0103564432295156,0.8440037414871631,137,0.3371046996810597,2.5066918115140617,1801.2789231710337,20.147174631803647,2.120626537227679,1.7358370410447028,0.4825351641709974,0.40492866449763737,0.0,2,0.12331642970137624,0.03371184292645757,-0.08960458677491867,6.0,5.490322347260922,5.490322347260922,0.406536221752682,5.073682211145264,0.43787026835164955,0.40811124730634907,-0.0015750255536670643,0.574386435311252,-0.13651616695960245,0.9304768471680989,0.37490608586298,3.0464671573847535,1.7938188682666603,5.903355616692807,0.1516263658348936,sd15_pilot,-0.175,0.19855738998258232
sd15_0136.png,345,3,0.8721382835952303,0.6956155178758036,75,0.11417593203782422,0.9156289160695381,13690.198980994788,2.678019719893833,42.321800081701156,25.06535533337997,,4.039600238738914,2.0,0,0.08044324625435295,-0.052814032667885646,-0.1332572789222386,1.0,,,,,,1.0280623223080005,,1.0280623223080005,,,,5.758704754915084,5.382618293305733,44.04188889200145,0.13629304547224283,sd15_pilot,-0.175,0.08077803981764209
sd15_0137.png,347,3,0.8499479462266388,0.676201299613227,130,0.24970091918302295,2.0030949002491925,325.9237719578958,88.94910937899658,3.5584607177689804,2.799955094202985,,7.0937482548714845,2.0,3,0.37307861519395946,0.10718165142972735,-0.2658969637642321,7.0,1.3007000743929031,0.9981711816934888,0.02444499369053954,1.469282726739633,0.039666906191063944,0.013539143087999861,0.01090585060253968,0.0198885579860808,0.019778348204983143,0.2832401909547202,0.6589447764393793,0.21558376622814104,0.11095051360662636,3.691983494874396,0.003780168391524008,sd15_pilot,-0.006249999999999999,0.32547319091055704
sd15_0138.png,436,3,0.733335105349669,0.5891545838718286,36,0.02899515946794131,0.5538877491807932,80.0005299542612,151.92733445161372,87.62311011285354,50.60488210272186,,14.044747000255093,2.0,2,0.04336068593107223,0.07640127677806985,0.03304059084699762,3.0,3.9708056808557877,3.9708056808557877,7.96298587957267e-07,2.249727921291619,4.1891174085151306e-07,9.72996798243031e-07,-1.7669821028576393e-07,9.72996798243031e-07,-5.540850573915179e-07,1.5883689909293905,-0.12418058698076573,0.4653740051390918,0.5324447747700584,87.88222409692015,0.8897756559530385,sd15_pilot,0.0,0.04336068324482145
sd15_0139.png,330,3,0.6885879398813645,0.5257742468822344,34,0.05998927020258743,0.6589872852802179,9753.153598245719,3.758389424707237,14.097832361888393,8.649781295159993,,1.0890879262108446,3.0,1,0.409884678577064,0.06175128911054628,-0.34813338946651773,2.0,10.860524082562865,,3.7502243184965636,5.430262041281441,1.8751121592482818,2.05132645201092,1.6988978664856438,2.1711689676201122,-0.29605680837183046,-3.1774397641783274,-9.694177533539099,5.42972798018819,4.170804296901649,17.83292478013901,0.2055331202123982,sd15_pilot,0.03124999999999999,0.4097390685255672
sd15_0140.png,967,3,0.6765609496441707,0.4814172619817255,84,0.06007832674638159,0.6084991292750317,5338.329889190211,6.860848481162094,74.6881840945148,43.93596894739359,,2958.72280631642,3.0,1,0.25324179713255457,0.0736946312620207,-0.17954716587053388,4.0,9.687954471201104,9.740176510451935,0.7150822653130651,8.860474858559714,0.7150822653130651,0.3403277535197802,0.3747545117932849,0.39329145082444894,0.32179081448861613,1.4231206311369338,2.7875022596837153,2.924437807715816,7.561286163603621,86.55210420240564,0.6952606651026773,sd15_pilot,0.07499999999999998,0.2185612855811313
sd15_0141.png,392,3,0.9419120388733979,0.7519195608575132,114,0.17061599044941803,1.2764975505542004,572.7949503126317,58.381053163791385,1.631729872516246,0.9662776932239507,0.6816773281276731,4.342957857430965,1.0,2,0.12405941552323785,0.11654171956914328,-0.007517695954094572,6.0,9.468557399963462,8.857935018185524,2.027750410035061,9.671497844429984,2.134686982136513,1.049389553245767,0.9783608567892941,1.3708744714828418,0.7638125106536711,5.858620452120894,5.798776242483126,1.196036265177951,0.1810566476563286,1.8958107687761134,0.08418451196781063,sd15_pilot,-0.043750000000000004,0.08291825298842959
sd15_0142.png,538,3,1.0333017832000846,0.8663433452975988,218,0.3571503870259676,2.361679770770919,554.5984641899354,59.969378326947336,49.638839349281625,29.650720786540276,0.0036194684096890026,0.20433972352302304,1.0,3,0.396831690928252,0.11996824572120068,-0.2768634452070513,5.0,9.69821712369189,9.006350415099915,0.9729289793816758,7.95434605840998,1.060251413461725,0.6606328997652664,0.31229607961640937,0.8709011201986132,0.1893502932631117,4.442278868811067,2.799915280645048,0.9974709510515964,0.8914829037762493,51.064032347422966,0.01331516625319379,sd15_pilot,-0.02500000000000001,0.356991978614972
sd15_0143.png,397,3,1.0191885068101725,0.8523827367748587,196,0.37560264662200754,2.6367807690161165,937.66698426831,37.686728468426566,14.585686796529671,8.48755925372017,0.006899246498071899,1.2718654625293815,1.0,3,0.4428856177023518,0.12141053511739808,-0.3214750825849537,7.0,9.189104397925295,13.972199186223714,0.3781828481321048,12.478270612715198,0.44131060720659265,0.1366444041266166,0.24153844400548818,0.19197868691808173,0.24933192028851092,7.206370979441349,8.118991720879064,0.9762270736700809,0.3685785559464931,15.279662306760406,0.014318873678449482,sd15_pilot,0.15,0.47643885215329385
sd15_0144.png,229,3,0.8370837439317971,0.6589742079254294,55,0.1444800897097738,1.3154756353526662,8584.145990773684,4.269769786402728,22.129876711890333,17.71791781020052,0.9840856927907315,22.59360429395138,0.0,0,0.3720236467101886,0.02178018222886935,-0.35024346448131927,2.0,24.961407256277727,24.961407256277727,1.4828526288506474,12.480703628138881,0.7414263144253237,,,,,,,6.015608883247998,3.5405803826666,29.14695019660888,0.05975407689581938,sd15_pilot,-0.175,0.3667534354859233
sd15_0145.png,376,3,0.909398733861872,0.7376976422107107,141,0.2496914215785498,1.8552885532483063,595.3969247634175,56.51219961668464,1.1614911267942034,0.6813523171695229,0.0575945380464981,0.10216624524767406,0.0,3,-0.005449894164921254,-0.007863211062806741,-0.002413316897885487,9.0,6.5492136432367545,6.332885305634317,0.21639720329899603,7.901099221495936,0.3129411180494883,0.041974561958640244,0.1744226413403558,0.05723751574343261,0.2557036023060557,4.959173399612577,6.07749096435222,0.37724711896695307,0.20894591532793078,1.4960286834366945,0.007109166331597936,sd15_pilot,0.0,-0.005449905248525733
sd15_0146.png,724,3,0.9513374018845581,0.7996782680848292,239,0.28148137587875266,2.14711185311871,725.0488677406775,47.62848916758986,87.37041131591603,50.443820335123775,0.011597325930479734,4.829732732179245,1.0,3,0.07100816945218691,-0.027158238621096897,-0.0981664080732838,6.0,9.218053099326701,6.24824448719384,0.34953306118646754,7.624768960770309,0.3537915423570568,0.10939674521945353,0.240136315967014,0.26677347834795695,0.08701806400909984,4.266151541620561,0.8478680418841051,0.5155005031554104,0.17654759817473495,87.60306757264254,0.009921045830783556,sd15_pilot,0.03124999999999999,0.16051606692674913
sd15_0147.png,144,3,0.8191006854953278,0.6642842420551015,36,0.10028412537267574,0.9607919194804487,2759.3067990027985,13.230214422622698,85.03488684118147,49.107402864295,0.22498920231372804,49.29212425393459,1.0,0,0.3479058724628872,0.13391775037984455,-0.21398812208304263,1.0,,,,,,,,,,,,5.113514441003106,4.409911272775845,86.98255003818164,0.19300846379263623,sd15_pilot,0.175,0.4490078329259798
sd15_0148.png,374,3,0.8534943068995889,0.6997514855245063,85,0.15733659905782318,1.560099278514273,1967.508558023926,18.475652348712533,86.48790213130349,49.94507732541384,0.586228462709134,15.25811154151526,1.0,0,0.5138846288782849,0.1285126003125009,-0.385372028565784,6.0,13.251458712789795,13.320026473135538,0.4923486633004597,11.585120771621106,0.5810285320956452,0.689942678755767,-0.1975940154553073,0.9966219773712304,-0.41559344527558517,4.9474014551345284,1.086582896544364,1.8549005507737097,1.706601113648781,87.90218916372264,0.19930205236404314,sd15_pilot,0.03749999999999999,0.5016700721245263
sd15_0149.png,378,3,0.8536344686198266,0.678637312001362,67,0.09951218373228857,0.8676430972358611,443.9348561699513,71.5701234237309,1.4279052720966945,1.0652645497265159,0.3054591960321235,0.2886521377615723,0.0,3,-0.11492846072785834,-0.07359858689706145,0.04132987383079689,3.0,1.6660993690980455,1.300233414521736,0.07160667277592214,1.2145568335591026,0.05117711737019803,0.18777156456686894,-0.1161648917909468,0.3945927744638409,-0.34341565709364286,-2.028077294429457,-6.299312038020722,0.9959202665758243,0.1781167526207351,1.7940632862061767,0.018801986422339077,sd15_pilot,0.006249999999999999,-0.10980714794231616
sd15_0150.png,450,3,0.853674619582262,0.6844392968772557,191,0.28054699362184027,2.6409692305264985,5098.94212540218,7.182131070622389,35.17177106843458,26.230729827363035,0.9097129955775705,105.58117563298192,1.0,0,0.3143357249283958,0.030015132726842975,-0.2843205922015528,2.0,13.95070426688676,,2.595973596765801,6.975352133443399,1.2979867983829005,1.3012107925619878,1.2947628042038133,0.6980242427198449,0.5999625556630557,-9.378179220640227,-11.237600354689166,3.636532712990706,2.6972483980576514,38.39235557062331,0.06372146243542842,sd15_pilot,-0.175,-0.1520761732333228
sd15_0151.png,368,3,0.9635015231969468,0.7885384015584004,179,0.40355623899083504,2.8525360550168193,684.755538058441,50.095255277925084,2.2606224255985694,1.565242957045594,0.15684959337203452,0.3285546607841159,0.0,3,0.0821987061742524,0.032666416845235524,-0.049532289329016876,4.0,12.289954537690052,10.583984523222787,0.5159540415745276,9.155162492415458,0.43926345421134805,0.026712077006136425,0.4892419645683912,0.20330337797078002,0.23596007624056803,10.021200100328224,3.342766375791526,0.7758062326647152,0.4980804634568366,3.5124183424966384,0.009765937341972451,sd15_pilot,-0.037500000000000006,0.10020721888885542
sd15_0152.png,356,3,0.9567027651448734,0.7946603399599793,140,0.25941037637926595,1.7188318701630663,1352.7278622861938,26.618346202565697,5.677228056139995,3.994817556145598,,0.5260278197105093,2.0,2,0.49930117455625367,0.0899157220385205,-0.4093854525177332,6.0,5.798500137051416,5.409759387045226,0.6659415260249721,6.495183423416632,0.9555825585230724,0.8555440520296651,-0.18960252600469296,1.543224408863404,-0.5876418503403316,1.0161256905235714,0.3706391684366652,1.0685290006248993,1.0822800456787598,6.920329796757482,0.16253058310235247,sd15_pilot,-0.175,0.4397931477781669
sd15_0153.png,756,3,1.0365749170138625,0.8708473141500095,399,0.4150007601463443,3.1594037968605386,242.60499292283455,105.66551341743397,19.194982364292827,14.11702342650629,0.5158186836361254,0.1586885377279471,0.0,3,0.7261710743342181,0.16443007312991142,-0.5617410012043067,5.0,3.88082524343056,3.27168438723288,0.20896684326037152,3.1919074151551845,0.20449516797578404,0.010289750074450765,0.19867709318592075,0.2810465451599531,-0.07655137718416904,3.2596678147276767,-4.509326040999936,0.2757518966817988,0.1510815130977858,19.426505310379728,0.004871484251203798,sd15_pilot,-0.012499999999999999,0.7418913515831103
sd15_0154.png,419,3,0.9549314042980928,0.7917187908277031,128,0.2547169031256459,1.5685810522348445,589.3417329491092,57.002034339005306,4.768185953993125,2.8383457124360745,0.6843225339061,7.643347710814188,1.0,2,-0.04277606996415506,0.0012068176563616584,0.04398288762051672,4.0,6.35099133435433,6.35099133435433,0.5251342584184404,5.560485312592827,0.4273165305669697,1.6996114552028754,-1.174477196784435,1.7492982608794247,-1.321981730312455,-1.0953241570520902,-0.665556145373281,1.0859493095499695,0.22992023707422063,5.054738284344151,0.04010423348830296,sd15_pilot,-0.01875000000000001,-0.09753214064341431
sd15_0155.png,333,3,1.0115905195080372,0.8506105019596581,192,0.4943777770910619,3.912490766625571,610.067817419625,55.35688267240253,16.78188382384296,9.805272332078804,0.13578515957716455,1.8737730566945894,1.0,2,0.42685587895082444,0.11025667953805318,-0.31659919941277126,6.0,9.340827465811824,7.777731772796407,0.44908318935190294,9.435831354205405,0.7840188577838734,0.025755400650146143,0.4233277887017568,0.04311667877250169,0.7409021790113717,8.108657737824792,7.9338446390218795,1.0195039465769913,0.6954777548022361,18.364646995261896,0.011658196494293258,sd15_pilot,-0.01875000000000001,0.2531171809063151
sd15_0156.png,426,3,0.950278882532045,0.7910441363753539,174,0.3167496457500245,2.4259050471653127,2354.733933890472,15.47777130817701,52.769516981279416,30.536418010458345,0.25823942944543143,0.4601508840665371,1.0,1,0.05013873772816679,0.10816964617801272,0.05803090844984593,4.0,8.075200113058397,7.148614723903366,1.5220614680081468,5.7436664390526815,1.5220614680081468,0.7464259101293931,0.7756355578787537,1.074281340302781,0.4477801277053657,2.12478560904151,-4.768032510062378,3.1048192661375307,3.0329262830432735,56.69917435626637,0.06607918013031724,sd15_pilot,-0.175,0.06742341927573048
sd15_0157.png,205,3,0.8582223346276602,0.6924861693365025,92,0.22278734699014283,1.6553954498845027,541.1398874164562,61.19541291737671,1.8432706692277776,1.469034196976721,0.78915000435916,0.6954726288610472,0.0,2,0.030310729697214933,-0.05834937885406655,-0.08866010855128148,6.0,6.026235945144239,6.026235945144239,1.777944226604391,6.24397300505465,1.401673529417022,1.3080120643970239,0.4699321622073671,1.2124351850735677,0.1892383443434542,3.1817984377636037,2.0484770253109597,0.6203355766468197,0.3476668699080939,2.48311163272579,0.20665304917159222,sd15_pilot,-0.14375,-0.09650087406203878
sd15_0158.png,264,3,0.6561790521510384,0.4616855922714056,11,0.006826607113715378,0.20132893185916811,8535.886072997548,4.293887546246647,11.5460700693625,7.576620952219038,0.7817240469533321,3.3266191975215276,1.0,0,-0.12293305584926384,-0.0614934422036737,0.06143961364559014,1.0,,,,,,,,,,,,2.379512344703639,1.7877789429462219,14.398465977707739,0.06894262007561186,sd15_pilot,-0.175,-0.12437465490553323
sd15_0159.png,259,3,0.9493762225185794,0.7612535990334225,67,0.14923641823147202,1.1490843374766784,651.1333682975359,52.34369037092458,0.9970020556368553,0.753106512100009,0.07551511558947081,0.05921981591277767,0.0,3,0.17811237841906213,0.16325222445435372,-0.014860153964708411,9.0,7.5581826607658344,5.967049000746056,0.14934671590462623,7.644831049412501,0.26021435905948564,0.04472476452444418,0.10462195138018204,0.047204700758674445,0.2130096583008112,4.261565723336664,4.093284389434986,0.4710174043998046,0.3109415028229023,1.5620573145392909,0.009595766276166333,sd15_pilot,0.05624999999999998,0.21302463729183008
sd15_0160.png,542,3,0.832026738839243,0.6489018472513013,80,0.07176042188216837,0.7965497575462684,838.2435015158895,41.78877670854487,85.5166130305219,49.438606904424724,,10.962863475166785,3.0,2,0.08683152066727551,0.07168664508308698,-0.015144875584188533,3.0,5.048004027243007,,0.38003725529492627,2.9256117954620935,0.28985820009860097,0.46384296534172,-0.08380571004679371,0.46384296534172,-0.173984765243119,2.147730453240938,0.7800569169916209,0.3214154184445761,0.6195878486994627,86.17192786999716,0.11968379635850045,sd15_pilot,-0.06875,0.06485584339188022
sd15_0161.png,216,3,0.9710168548590382,0.8006805010515119,66,0.18673887199104255,1.3685518239287742,388.76851482658196,78.91640675191606,2.9827000757644697,2.0368442108839013,,0.029993362453690373,2.0,3,0.8338264069829611,0.10488426916861848,-0.7289421378143426,5.0,5.574320373162292,4.133691096207068,0.17455527209138122,4.469696371753182,0.16075831146723107,0.045440626030018194,0.12911464606136303,0.03679580610260258,0.1239625053646285,4.360424497091968,3.530397949468133,0.5576778509856423,0.28909557941673597,3.187902522105336,0.010357402703788356,sd15_pilot,-0.0625,-0.027369330323610663
sd15_0162.png,628,3,0.8581055853691986,0.688179404550115,117,0.11536214409748234,1.0563307010166119,1561.7562334605923,23.15898396315346,88.78174094941092,51.25950791548839,0.06078963302135649,30.676771421623126,1.0,3,0.19906093573310324,-0.009759903584898533,-0.20882083931800177,6.0,8.98873174513008,8.697429304028214,0.791467041054494,11.634068935102247,0.7059821423684909,0.5359081021225336,0.25555893893196036,0.9773471815777239,-0.27136503920923305,1.4338922800521745,0.9395023554565523,0.390536333734199,0.17822500330209598,89.02771340608996,0.05174051546950178,sd15_pilot,-0.175,0.18169245344488194
sd15_0163.png,791,3,0.7006225224695134,0.5410193788444606,70,0.05169428567234926,0.8291023913579236,15999.936340785378,2.291534791251324,85.43605809538148,68.22480950019532,,34.604824033805684,3.0,0,0.1361714061367335,0.0467980211525193,-0.08937338498421421,0.0,,,,,,,,,,,,33.2095748424488,6.388397237531811,87.4966320372932,3.4106187014802267e-16,sd15_pilot,0.175,0.1366632761112485
sd15_0164.png,323,3,0.8243845964918439,0.6481221689159946,90,0.12543122327694045,0.8946895476071488,1163.9916503238046,30.74355991787277,10.56065332881883,6.3532483306756955,,2.6181765997293756,2.0,3,0.5583797459935725,0.22209351749384776,-0.3362862284997248,6.0,2.2653791010989184,5.602818504063229,0.6044792156458092,5.463767578458586,0.8568224635415045,1.312566552486972,-0.7080873368411629,1.6280669648320498,-0.7712445012905453,-2.788719810528241,0.8732682755761374,0.9744990769911762,0.4328759454547642,11.493123654738463,0.04011198288034618,sd15_pilot,-0.175,0.4863006669350153
sd15_0165.png,297,3,0.8278793814055364,0.6481208027269711,69,0.14078613223713984,0.9545822253975208,506.17685858183285,64.60133814899274,0.7413223492607841,0.5416775506659552,,0.06109131569539906,2.0,3,1.4130101403324968,0.16471412112523276,-1.248296019207264,8.0,7.303786769345066,5.7693201540510595,0.17162929480971645,7.315362480626227,0.3304354714278128,0.036668012525579385,0.13496128228413706,0.17242191931128303,0.1580135521165298,5.212499906530587,1.8978072173446812,0.3144181337286175,0.18705908887268383,1.058714320774686,0.008466360709125183,sd15_pilot,0.0,1.4130101403324968
sd15_0166.png,568,3,0.952622278604048,0.7767070533430854,147,0.22416107412296432,1.5319304778063276,699.7300720328103,49.151056394230295,5.598550767722315,3.412963513378689,0.25275906225340933,0.738549441708424,0.0,3,0.5592101156499522,0.1861314366878818,-0.37307867896207036,5.0,16.423423990950138,18.393675094900523,0.19636831580915048,12.196116548166904,0.19636831580915048,0.20061794887831974,-0.004249633069169256,0.36815748089609324,-0.17178916508694275,11.48206411433851,2.858187467259393,0.40745351965044485,0.2135942016390369,6.159573211576724,0.005218955735588656,sd15_pilot,-0.037500000000000006,0.48666737221185363
sd15_0167.png,209,3,0.8247457107208878,0.675640627363643,61,0.1478920715002043,1.37581999575757,323.5986558236979,89.35927261496852,74.69038519042304,43.32716410731197,,6.875100223427226,3.0,3,0.3759165903549847,0.03425752552927175,-0.34165906482571295,4.0,11.244597920792454,12.860464014336237,0.3264125303760914,8.431793977582178,0.3264125303760914,1.121966379079855,-0.7955538487037637,0.5609831895399275,-0.23457065916383613,-1.1144192600923937,2.2522853871397457,0.2782775030320579,0.25623964802044147,74.9763639135083,0.010047193221529051,sd15_pilot,0.0125,0.12956550834979652
sd15_0168.png,234,3,0.8071033837069438,0.6335122473191042,64,0.16407994408414064,1.3509551781088356,1200.6847976014974,29.846562522598138,87.7507785642052,50.67049148313405,0.15420949631206685,34.14392443951402,1.0,1,0.42839605874017717,0.14031691409628966,-0.2880791446438875,3.0,14.807654119989952,14.807654119989952,0.8086981656067476,9.54736372857902,0.42226144280890177,0.34728248281170293,0.46141568279504463,0.34728248281170293,0.07497895999719884,5.688322007127804,0.46430537333949573,1.679164192466725,0.7522333438968343,88.13802036060011,0.2661474997220857,sd15_pilot,-0.0875,0.44249741895137906
sd15_0169.png,269,3,0.7438028027204778,0.5583897778641148,47,0.07763051927431579,0.7123958587479231,518.8525398856115,63.32805169520214,1.2325575753480251,0.7260415034297426,,2.1045964832848707,2.0,3,-0.6632339402975256,-0.18202128055817757,0.481212659739348,5.0,10.268422281801026,6.079766001109242,0.46645094572042956,6.1445290405550566,0.48072211129519227,0.03944012173100475,0.4270108239894248,0.22576917842457478,0.2549529328706175,7.409992932455747,1.2032346144210209,0.6280080525440773,0.14043877979624328,1.444476557962703,0.012102566646038853,sd15_pilot,-0.05,-0.6486195258806057
sd15_0170.png,442,3,0.9630278447779349,0.7990654464416347,152,0.29243262258356917,2.366649532195111,139.64918930304367,132.84672945179634,83.78208899967484,48.43401693889687,,27.908764879998476,2.0,3,0.09981963415395045,0.04083962583890399,-0.05898000831504646,3.0,12.23509503404847,7.401785081437583,0.9616831058877295,6.500174650826416,0.48084280836512727,0.5890535549927964,0.3726295508949331,0.6788816989161832,-0.19803889055105595,5.119124649961116,1.037626183236064,0.30758093714005136,0.2992285458180588,84.27776467384695,0.11946528748984749,sd15_pilot,0.0,0.09981957924096119
sd15_0171.png,316,3,1.0109365243135073,0.8485827137895603,128,0.28390619828615893,2.052538218002951,628.1334593209115,53.99276063406446,1.4099342190374813,0.8496094390815466,0.04482455409926351,0.0662236589342712,0.0,3,0.28202777423418046,0.09585173134104019,-0.18617604289314027,5.0,6.522088568780279,5.039318534258884,0.6704693289008485,6.123334487802866,0.5321892460718822,0.05887630741551675,0.6115930214853318,0.12791938378774192,0.4042698622841403,4.154277579614482,2.41398520919608,0.6024151978228126,0.3026149866910889,1.907648807380986,0.009117017566346924,sd15_pilot,0.03749999999999999,0.37611346318840333
sd15_0172.png,411,3,0.9739754866388572,0.8198412535677071,226,0.38606126377075917,2.9235249215589065,438.9854378411478,72.18062332527225,5.4385972977534465,3.4073567689139574,,0.18962499261542512,2.0,2,0.22349079228084934,0.1341808324168292,-0.08930995986402013,6.0,8.990089877260768,7.929884337436432,0.7239567631417714,11.787443137071433,0.7948546367949336,0.16331885178487537,0.560637911356896,0.1862576396500888,0.6085969971448448,6.667361945250571,7.619647592500991,1.1178111728686237,0.25866828293019173,5.653352656079467,0.025108271542363933,sd15_pilot,0.0,0.22349076937070222
sd15_0173.png,549,3,1.0386388818446162,0.8641502321428831,244,0.3202124481003439,2.1964330082176566,1274.7813863408107,28.18283848340392,5.7063817799961924,3.748050278704871,,0.7625314715887543,2.0,2,-0.06926752638888434,0.0406385065213124,0.10990603291019674,4.0,5.200424606803306,5.1027101879612085,0.5653748993206476,3.921382683369767,0.5472375539026868,0.42285701812473997,0.14251788119590758,0.7020312159528044,-0.15479366205011758,1.1936762481746177,-1.3110435107480591,1.860967570118564,0.6531553009635261,6.734780093483642,0.20974044911607065,sd15_pilot,0.175,-0.03392708794344257
sd15_0174.png,629,3,0.9253792768486698,0.7351905262866376,192,0.22321416467119753,1.523164900240244,3902.8559282726155,9.374534661671357,1.1501420711960293,0.6842385974137156,0.7883826859203755,18.82335646302641,1.0,1,0.3612732771894436,0.10946759571851095,-0.25180568147093263,6.0,14.236697841840298,14.801694942014336,0.7037738787623837,13.016544560031667,0.8780603952820694,0.5726956555267,0.13107822323568374,1.9821110992916307,-1.1040507040095613,11.196938995709036,10.339532571888995,3.34264570743968,0.8095458202249147,2.543082830957653,0.433915602648138,sd15_pilot,-0.175,0.3595466996788411
sd15_0175.png,697,3,1.0172003081176133,0.8571722897929229,343,0.41201526301914737,2.7014630076953745,583.8248862416372,57.45513706170427,2.6059610459065112,1.9450170187025455,,91.34171743958001,0.0,3,0.06550677307913633,0.03568758985327625,-0.02981918322586008,8.0,6.6304106789052595,5.785981314584137,0.2724963736148549,8.989148180673249,0.4131530693810781,0.024452096656568223,0.24804427695828668,0.032805240009361025,0.38034782937171707,5.373183035776732,7.519052676308998,0.6286033378925243,0.3414598960610082,3.2287852867235705,0.008730625294872682,sd15_pilot,-0.08124999999999999,0.03401736192698945
sd15_0176.png,694,3,1.0177925665798964,0.8568302580102843,227,0.2467876671236917,1.8531683325925346,4516.328486989322,8.105725624525132,89.13829497752847,51.50233485789179,,1040.324552624916,3.0,2,0.07014494226242407,-0.055575978887084654,-0.12572092114950872,4.0,4.8150378544189625,4.8150378544189625,0.8261081957205256,4.802560883442132,0.8261081957205256,0.2863056439377307,0.5398025517827949,0.16847741946395178,0.6576307762565738,-1.2109993051808559,1.546672121033927,1.3543269806941038,0.3896506567632515,89.54542777450759,0.6050662201123173,sd15_pilot,-0.175,0.12164803821993408
sd15_0177.png,386,3,0.9426697532106594,0.7729091582630646,167,0.34485232011758504,2.340854632750181,229.15182116695618,108.7871401197976,3.314063354964091,2.6374041890224573,0.6369339641582316,0.11160130200939486,0.0,3,0.172646859571975,0.10732125961516537,-0.06532559995680964,5.0,1.9455443239061951,1.2879057364689497,0.6667595605487904,4.831494001248994,0.7642840696184807,0.2723229234909357,0.3944366370578547,0.48421100882820856,0.28007306079027217,0.5883913273186212,2.6866590515654614,0.399127941994391,0.35039454878521986,4.065685286948009,0.056987793295942585,sd15_pilot,-0.02500000000000001,0.14051021234667738
sd15_0178.png,770,3,0.6856210009592559,0.5260173295119773,57,0.029009188423774413,0.4982647888959376,6909.83558579306,5.303037583985689,8.038324672551681,5.258941919852459,0.6692237905417817,2.0652201668126,1.0,1,0.09557338439374374,0.05063858890264472,-0.04493479549109902,2.0,8.1551562014397,8.1551562014397,0.6240056948998678,4.077578100719879,0.3120028474499339,0.21545989975303126,0.40854579514683653,0.3362737352066265,-0.024270887756692616,2.6111579182490123,-3.5224797764524647,9.004370822954264,2.3344570457946694,12.567212627360634,0.1836216153591553,sd15_pilot,-0.175,0.09495491503018172
sd15_0179.png,237,3,0.8642536093409234,0.6909523515353468,58,0.12137488052264685,1.0026665596358606,464.3559672174172,69.14351206408276,3.70557404616585,2.491575681744372,0.12320726963378052,0.04439133726274307,0.0,3,0.6185272791428786,0.10858270628898636,-0.5099445728538923,8.0,9.141959343740385,11.771078183053922,0.5115982013445906,10.744686576339047,0.6815099400696041,0.16634909740936088,0.3452491039352297,0.22110935201780357,0.4604005880518005,4.893803144438699,6.463774373007778,0.5272039423419008,0.2800775591630869,4.063552943971802,0.012244468471785681,sd15_pilot,-0.037500000000000006,0.286298658253586
sd15_0180.png,403,3,0.8127618907442056,0.6480475031846712,42,0.07234148035859496,0.8233974787011318,3427.1473883530075,10.668723418613814,86.7426825995725,50.09034849101089,0.27940724972128533,31.984157257012935,1.0,0,0.23657044168974872,0.09563811951706436,-0.14093232217268437,4.0,13.928093769983313,13.29929447022258,0.40979222975757157,9.185471235418913,0.3300572186423061,0.5617357059596602,-0.1519434762020886,0.6785593873867573,-0.34850216874445117,5.919309784435725,-1.328849177577796,2.5661073373630194,2.102652397523256,88.04469408894302,0.1552807138468683,sd15_pilot,0.175,0.2608924026559537
sd15_0181.png,142,3,0.8083328019950788,0.5907053151699179,47,0.1836604452440137,1.4332788366532896,683.5433652966652,50.17317399314171,89.04351141422671,51.40938758643818,0.01610562864713386,3.4115793792811444,1.0,3,-0.15844164496294832,0.08671063066596041,0.24515227562890873,4.0,2.24603947922217,2.24603947922217,0.3507073012546602,1.9995847302076926,0.23990696086364904,0.48148770623286863,-0.13078040497820842,0.3178257885524651,-0.07791882768881608,-0.9576798425986155,0.2197059733029938,0.7367398586682062,0.17645026595815858,89.32818836990509,0.1460122213316476,sd15_pilot,-0.125,-0.5624130567196419
sd15_0182.png,563,3,0.8583175544324975,0.705204896149815,144,0.19521948417836693,1.7383275795000968,10278.02388966984,3.566586116556833,87.16459588000556,50.337230759306586,,257.84092632536317,2.0,0,-0.3772595570573739,-0.059794531561667474,0.31746502549570643,4.0,10.168113328654506,9.743216065422803,2.434197763580249,9.57311519255654,1.4349288824977804,3.5750904108369346,-1.1408926472566856,2.4932372628315522,-1.0583083803337718,-4.524231579526774,-3.834964241091882,17.709362550247445,4.603557242195929,87.40088804416436,0.5777882605419887,sd15_pilot,-0.175,-0.3773667587198192
sd15_0183.png,575,3,0.873643057691531,0.71121134268023,113,0.16009742360526927,1.6197926064509938,5095.342246214214,7.1871919821034655,86.41014022216146,49.900002052905506,0.25161824064503324,3841.8143123069153,1.0,1,0.144874098580278,0.10649009923613251,-0.03838399934414549,2.0,7.7814895981639625,7.7814895981639625,0.6787751892450427,3.890744799081983,0.3393875946225213,1.5770267504348912,-0.8982515611898485,0.9545022560798584,-0.6151146614573371,4.674165264501613,2.077725328499362,11.595112296214497,10.195682342805695,87.60016426021342,0.9624968217622257,sd15_pilot,0.175,0.2011427074601183
sd15_0184.png,217,3,0.9215428238282888,0.7570568631940254,86,0.2913557345670357,1.9585361722770886,630.6222278063044,53.80969426255868,6.623281183368832,4.722006410149035,0.2125355042815364,0.12149015378086539,0.0,3,-0.20114391376965257,-0.1471984503713768,0.05394546339827577,8.0,9.246701247409272,7.950430812441358,0.3291643262348627,9.86741264498993,0.4490918454346504,0.08923429285932061,0.23993003337554208,0.25945462684135023,0.18963721859330018,6.460634744144383,1.9227978226129343,0.53143787453294,0.25346490103845726,6.958193477591127,0.010331968998131507,sd15_pilot,-0.08124999999999999,-0.17107295791692023
sd15_0185.png,538,3,0.7786082690493367,0.6416242225534162,88,0.09002204934442257,1.1155731882790314,691.69060261017,49.65378740919272,86.68672105145053,50.05897346066202,0.3080701473374543,2.2608545097042225,1.0,2,0.47800873781697417,0.15778916758264994,-0.32021957023432424,7.0,4.153803505150809,3.65052689307458,0.5907549133249219,5.286175349230837,0.6513275310088913,0.44957204925337013,0.14118286407155178,0.4719565843346616,0.1793709466742297,-2.874793240514115,-1.280040213157502,1.0271617023594795,0.9327233568859155,87.6781408617743,0.07543437425284659,sd15_pilot,0.006249999999999999,0.4519812303489482
sd15_0186.png,676,3,0.7413878946804349,0.5852603517558326,58,0.04040939338690149,0.5519403286666291,3417.9573278766875,10.69724289408015,87.62678986785171,50.600235066128725,0.38574597314517206,136.32291269297673,1.0,2,0.1291550503241966,0.006228729976421765,-0.12292632034777484,9.0,13.35122580735559,10.545755984989235,1.0405558851570982,12.724981764502749,1.7615425342060549,0.610762708459692,0.42979317669740613,0.6712973397546653,1.0902451944513896,2.5207126952121595,4.961878542817175,5.112635971119523,10.587689575069538,85.53222078794863,0.40234724282564766,sd15_pilot,-0.175,-0.08475805585535323
sd15_0187.png,197,3,0.7861630053479272,0.5986729072712332,68,0.18739957979809888,1.5023911451176029,1417.8480902984502,25.43646508235797,4.528652176737552,3.2302249481871956,,0.32207047914261333,2.0,1,-0.07504168410061629,-0.005628258903214389,0.0694134251974019,7.0,4.251128145821878,6.064612441833548,0.8018955867409305,5.3803032525864385,0.846506688484109,0.8303658940235925,-0.028470307282661977,0.8440177276351069,0.0024889608490021864,0.512428007809048,-0.6159275057652689,1.2684587126443616,0.698395888354159,5.8472103636182124,0.1821267818512561,sd15_pilot,-0.16874999999999998,0.3708917258636142
sd15_0188.png,267,3,1.0428708722347246,0.8768246198169491,157,0.4669172478778279,4.173594081734571,1071.2485037695965,33.26354557987852,42.21024706389906,24.418083463309788,0.314654960357324,0.6271878887514516,1.0,2,-0.3242655708590607,0.006998609425046598,0.3312641802841073,2.0,2.3736123448366695,2.3736123448366695,0.31994257194140285,1.1868061724184111,0.15997128597070143,0.11480450336207326,0.2051380685793296,0.05740225168103663,0.1025690342896648,-0.8472361070332619,-0.4236180535165739,1.995792237974961,0.7382461017381866,43.16784738900356,0.03365420957245374,sd15_pilot,0.03124999999999999,-0.32931312808602775
sd15_0189.png,241,3,0.7279863587505261,0.523558778201226,59,0.09152187969502079,0.7454578943343833,2477.063652571136,14.721998891558837,4.867038590004171,3.1337597173455776,0.45318326076271986,0.7638734428661148,1.0,2,-0.29703922054239473,-0.02171959084183217,0.27531962970056256,3.0,2.490398666850904,1.5534502942492259,2.964949424824953,1.5528203703557408,1.513883926154938,2.6491544353964365,0.31579498942851636,2.6491544353964365,-1.1352705092414985,-2.3759929880467716,-2.1797507571247925,4.409834040969294,2.817661478481313,9.339883087954549,0.17494650900388062,sd15_pilot,-0.175,-0.319208414181663
sd15_0190.png,506,3,0.9452412587450432,0.7745053492178458,162,0.20546835307272152,1.6136830213904716,1446.0623463332854,24.95586282015604,87.24389099426253,50.38304158922491,0.15484295186976207,1140.9017315622882,1.0,3,-0.15483175224307333,-0.06966661845702293,0.0851651337860504,7.0,8.364686414044705,7.825609868601757,0.4832343960709924,11.365065813079008,0.4157389236029223,0.2625107479237583,0.2207236481472341,0.3397306479262494,0.0760082756766729,5.967733583952715,7.385852613055437,0.479700837169051,0.15191840869256884,87.45580024331339,0.04956304422831819,sd15_pilot,0.006249999999999999,-0.14081105556372409
sd15_0191.png,437,3,0.993826813657045,0.81545998514456,173,0.3620603743691939,3.1212262964661743,318.5541562898021,90.25946303863108,86.6654532271391,50.053757758061714,,7.813983245694004,2.0,3,0.28806444132234466,0.10012980670815141,-0.18793463461419324,5.0,20.48549184530596,20.48549184530596,2.300536855062168,12.230601275770942,1.2411682933575703,0.3803315136094727,1.9202053414526952,0.6022655055744703,0.6389027877831,11.859482565996014,2.0372822792360257,0.3266958330890921,0.21429297656276275,86.88501806227235,0.25372878755044964,sd15_pilot,0.006249999999999999,0.30018306664067596
sd15_0192.png,152,3,0.779382654721631,0.6044563690315153,37,0.1261311857944819,1.044865589342385,5971.635489732954,6.134711387118277,22.670038349763246,14.912612325827439,,4.503325123866998,2.0,0,-0.1317172689441235,-0.17461986779586702,-0.04290259885174352,4.0,6.402822516088713,5.735680021603216,1.4598362926366075,5.699719898467116,1.4598362926366075,2.4314066213771106,-0.9715703287405031,2.4314066213771106,-0.9715703287405031,2.925492753193074,2.2454172008871263,4.091971955133073,4.743662287783702,30.394483020079274,0.11402671160946712,sd15_pilot,-0.175,-0.13843887347916461
sd15_0193.png,536,3,0.745582931665729,0.567148306301741,73,0.07991323270853422,0.8592617930919871,2950.9255589311542,12.378004158745254,2.8149536147875978,1.8190913066490082,0.7266863950579646,1.7530773544001954,1.0,1,0.0358368867032578,0.08454482168223876,0.04870793497898096,9.0,5.4106905048453395,8.48445057196068,1.2331501073836337,7.6730592238194,1.9702226360371098,0.9722678771834143,0.2608822302002194,2.0049766998555043,-0.03475406381839452,-3.1509204312035894,1.9490005918635571,1.4870801252332697,1.4366976388462764,4.967366638182815,0.25828341935529525,sd15_pilot,0.175,-0.07371112237796595
sd15_0194.png,538,3,0.8067712989226604,0.6379707375390175,122,0.15918945432239529,1.2084925647349274,1446.5814071174525,24.94718850234473,78.1205184562337,45.223201129730796,0.24353890957291704,13.946152334723985,1.0,3,-0.20734345436120905,-0.04729607322005558,0.16004738114115347,8.0,7.752382906128803,8.247895316261934,0.5126624734629868,8.308993792251215,0.6091518195735519,0.28124019588730764,0.23142227757567913,0.6922094714564953,-0.08305765188294334,0.4523952459463052,-1.619289848982909,0.7443475464693786,0.692557559107835,79.38051892715349,0.02148007515477366,sd15_pilot,-0.075,-0.22202683882886987
sd15_0195.png,315,3,0.8600883757570523,0.6693533887438932,150,0.3222954989018893,2.385549240369574,1929.450191344601,18.833618179616145,4.135805751798912,2.8801846870338506,0.47636271099943733,0.2499298631501007,0.0,2,0.21166855510069138,0.17116316729176684,-0.04050538780892454,4.0,9.967816444643471,7.516657737882931,0.4928326538993222,9.945055947892268,0.4928326538993222,0.27396607030288944,0.21886658359643274,1.5185296948617748,-1.0256970409624526,2.9459771854662193,5.379181897975752,1.561997689026114,0.8857133698512119,5.348769567680104,0.17154703633649107,sd15_pilot,0.15625,0.17633780444594205
sd15_0196.png,651,3,0.9755574642960378,0.8020786506482098,265,0.3210426650717383,2.1705117058616086,1623.0039288619473,22.307352393487037,1.9641100779442127,1.1694497180082513,0.1553402023613144,0.8285782050886755,0.0,2,0.07186149211472348,0.08885102194970484,0.016989529834981365,6.0,10.250222177177962,9.45590267398316,0.4212478724133195,13.696041374645896,0.3541002077824418,0.12454135141369616,0.29670652099962336,0.3005321838531323,0.05356802392930948,6.418263293453044,5.545547950799751,1.0628481436445576,0.4061080162667771,2.573431413229461,0.018737016449898804,sd15_pilot,0.175,0.1268496721778276
sd15_0197.png,294,3,0.9087043964975168,0.7271684446792192,88,0.19009435287410312,1.436620426362972,1115.6227104811346,32.00952276175848,11.599185652837946,6.699855282675606,0.28520480748638033,0.3611473453515408,1.0,3,-0.00034270557343729635,0.03022895079592791,0.030571656369365208,9.0,4.533817726516794,3.1462289395477496,0.31609013035952405,5.5583076969734595,1.1547548043886473,0.4305977666804539,-0.11450763632092986,0.627207979926454,0.5275468244621933,3.5432873936670775,4.612422000379835,0.9452686882442649,0.9356776212778191,13.073576735422044,0.07512326941180685,sd15_pilot,-0.175,-0.05466180724831371
sd15_0198.png,678,3,0.5998726497245858,0.3853194765217919,61,0.022267198563879625,0.276057387869816,80.00033344085531,151.92740068327032,87.57017618439069,50.573520479674826,,760.1697538341101,2.0,1,0.1944587375247605,0.14035210949105503,-0.05410662803370547,0.0,,,,,,8.364208525790673e-08,,5.4071057409288414e-08,,,,0.197388398114527,8.817026908007799,87.79700354556194,0.7415034186365836,sd15_pilot,0.0,0.19445878885542878
sd15_0199.png,424,3,0.8418354077224869,0.672637174738419,108,0.15832765906779722,1.415234373770018,489.72979350149,66.32293214450793,87.87844916246735,50.743738747789926,0.21431998327627222,25.606309169333677,1.0,3,0.046145618943516764,-0.0779933188973938,-0.12413893784091057,8.0,11.533011694463646,12.417254453792825,0.3399287752820914,12.084135246188593,0.40684099672144924,0.23558873490637744,0.10434004037571398,0.31086177039807117,0.09597922632337808,6.13614148032946,4.738411932459151,0.2824060661356013,0.09678143318269139,88.10973254115105,0.030571695546967304,sd15_pilot,-0.006249999999999999,0.04753146750449799
sdxl_0000.png,620,3,0.7740075384150624,0.6499348310909521,75,0.061733403954822165,0.8201203953025933,927.9152394573712,38.05443791056826,87.63637660477774,50.59862204561669,0.021359309629835108,4.068486410798468,1.0,2,-0.005084168672672806,-0.02387438161543387,-0.018790212942761064,1.0,,,,,,0.11768919694965341,,0.058844598474826704,,,,0.5972425262579991,0.11739851092291764,88.09126542508524,0.01059594486757393,sdxl_pilot,-0.02500000000000001,0.0030354699555323883
sdxl_0001.png,219,3,0.8007132928730656,0.60563095275046,37,0.0825353420571557,0.979364718301917,1290.0405046802591,27.862537705629595,1.809012745660226,1.0463301323268221,0.12091741572626212,0.22555990566639111,1.0,2,1.6937273809696922,0.2718875465397055,-1.4218398344299867,5.0,3.558246022680195,3.3155434067653853,1.1233782260792924,3.5632588253831936,1.738797426065818,1.4952837729883832,-0.37190554690909083,2.1762153321993063,-0.4374179061334882,-1.8960882625775257,-4.087288408967787,2.183119004570342,0.4109545428273215,2.5573929280018812,0.15161645355431064,sdxl_pilot,-0.175,1.4222036859659446
sdxl_0002.png,653,3,0.9451100664961182,0.7700308589262599,158,0.16848172055448207,1.3642024584525945,740.5728771837507,46.73814471087167,6.590103465004276,4.384970365760582,0.2611425144454281,0.13448303410243137,0.0,3,0.048160136256418795,-0.022104682434375578,-0.07026481869079437,6.0,4.057255325196926,3.557681245721676,0.21352322035823335,7.0546132696084625,0.2801359672796786,0.10136869547469862,0.11215452488353472,0.2737136154521149,0.006422351827563677,1.861834676867553,-0.2057285319593234,0.4249534017158076,0.22471809151485028,6.9167835623218075,0.008654491897393876,sdxl_pilot,0.03124999999999999,0.03151784307359495
sdxl_0003.png,467,3,0.8594266204039027,0.6595116745724262,116,0.159877906511321,1.2940281843223325,15999.936340785378,2.291534791251324,41.21293024984809,32.655752808113476,0.8899883351221055,417.9345367340347,1.0,0,0.27738080047344627,0.03832108309535409,-0.23905971737809217,1.0,,,,,,1.175788417367329,,0.8176821876408482,,,,10.284756622328612,12.444518621796718,71.23270274574236,0.34123310468078843,sdxl_pilot,-0.175,0.27717011459666885
sdxl_0004.png,251,3,0.6746541666351022,0.48940034383126324,47,0.08465774400570976,0.8953886036468328,1375.1121111751554,26.20010970587048,5.812575887195109,3.3601559413168234,0.46619112163199505,0.6110770326581815,1.0,2,0.20243026916450224,0.03483306287684795,-0.1675972062876543,7.0,2.2424899545722576,1.869908362073589,2.015694800532719,2.4955566582301465,1.884543729652226,1.0357804056731506,0.9799143948595685,2.330920227766281,-0.4463764981140548,-3.070372425982254,-5.639462057693713,1.026063211075101,1.1633924125519592,6.920781007468317,0.2029989987127735,sdxl_pilot,-0.175,0.12441569723578105
sdxl_0005.png,359,3,0.8817199530885881,0.7086437814339251,133,0.25235375882210676,1.9199105870071933,636.4207668962108,53.387597655761866,0.8883808365197581,0.7131525025535821,0.6972171050772916,0.08982539405575858,1.0,3,0.07598132578707806,-0.004539445707539169,-0.08052077149461723,8.0,6.1811045682068215,7.102509902893235,0.07804236391172115,7.274187576177389,0.09042274285306906,0.046054538045286364,0.03198782586643478,0.0995781682678496,-0.009155425414780538,4.8613835206191425,4.298733285898345,0.5883450434147203,0.19444354946118417,1.1913192949560296,0.014448842874253949,sdxl_pilot,0.12499999999999997,0.008019691692969344
sdxl_0006.png,665,3,0.7896605943155616,0.6132637484480866,101,0.0907716235416285,0.8851414785197298,2829.2061105374923,12.906135971657369,89.57065870066009,51.91499665177364,,150.28538248900128,3.0,3,-0.4309899328913357,-0.20666946131122677,0.22432047158010893,5.0,7.390756381121933,2.853488229562836,0.6185046321543872,5.999709094787364,0.663256135452452,0.3540244879183434,0.2644801442360438,0.3684374178403913,0.2948187176120607,2.9069722202469785,1.0862296044987598,0.5899784206818807,0.04531423698111863,89.63879837133966,0.09879924607868129,sdxl_pilot,0.08124999999999999,-0.42940113200748775
sdxl_0007.png,515,3,0.7032683061235456,0.5219856514016552,79,0.08836555610152447,0.9910618300627434,2398.212477266427,15.20047587596474,48.02892727151404,27.74021487672075,0.47719213698248925,3.834698179095485,1.0,1,0.037741548447218554,-0.0896805711796882,-0.12742211962690675,3.0,12.667047710598766,17.66090735851036,1.0776950770994764,8.89077471999248,0.8199868289871723,0.34617690193652173,0.7315181751629547,0.3729312829201876,0.4470555460669847,7.912098143276961,3.239845334933859,3.13538573610169,3.083660989541401,50.17303611917773,0.07705632663374073,sdxl_pilot,-0.175,0.04320403225307956
sdxl_0008.png,584,3,0.7528521506908055,0.5839011230227157,71,0.05559324078513842,0.7407105020624541,15999.936340785378,2.291534791251324,55.80033136653045,34.43179245319383,,173.2005268203562,3.0,0,-0.09998726543424663,-0.11209507021325749,-0.012107804779010856,2.0,19.14691714219888,19.14691714219888,0.0,9.573458571099454,0.0,1.03379998975241,-1.03379998975241,0.516899994876205,-0.516899994876205,5.824589141264452,2.9122945706322216,15.32932673111512,6.192519379816573,49.829611233181765,0.05107572614581418,sdxl_pilot,-0.175,-0.09979435648073309
sdxl_0009.png,281,3,0.8800960581496964,0.6814182678369468,68,0.14197635021917715,1.0401877215971627,685.6595425163856,50.03729291495414,0.9600492349660072,0.7655793844100749,,4.360001498102814,2.0,2,0.361683212606391,0.20696571034813804,-0.15471750225825298,6.0,6.850951455214906,6.97973007112639,0.4957780869869586,8.106499760682903,1.3371541832724367,0.041191562855920516,0.45458652413103806,0.20403878695514788,1.1331153963172889,6.135139100186925,5.8569118135539355,1.1703831593064304,0.25887979441643116,1.302802095560785,0.041750651681327675,sdxl_pilot,0.09374999999999997,0.09153561721084091
sdxl_0010.png,337,3,0.8891689342189787,0.7178733204700898,166,0.4096228514516013,3.3993365152270325,1156.139677526152,30.942385071927053,89.1990236542012,51.499766212907254,0.053798680183826025,37.94411672966143,1.0,3,0.463636607712251,0.1380411251014685,-0.3255954826107825,5.0,4.191394703058058,3.9319191013838832,0.22650206438089482,4.702417338374781,0.26667329893042613,0.5179104866832098,-0.291408422302315,0.6489338660138197,-0.3822605670833936,1.210932471431311,1.4391970625147126,0.4908756572483194,0.06919288711101063,89.29736611932114,0.07925151289184781,sdxl_pilot,-0.175,0.36413228577055023
sdxl_0011.png,444,3,0.8028289410679594,0.5993086208941439,104,0.12572247968141836,1.0155309680529667,2003.939438098794,18.14540867682285,3.228556796135763,1.8941968907314057,,0.14411249432376264,2.0,2,0.07342507232564222,-0.010125003286912904,-0.08355007561255512,5.0,8.83417992221835,12.411652699496331,0.4995912051036471,11.64721930453252,0.6562193004719097,0.42526329883683855,0.07432790626680852,1.6810154033787978,-1.0247961029068882,4.598216852371256,4.545514343224815,1.4250830205734455,0.45936856135680976,4.033590385947587,0.08738141148582564,sdxl_pilot,0.16249999999999998,-0.040125889664979764
sdxl_0012.png,146,3,0.9422413191560582,0.7747248431475833,31,0.1273188713380309,1.099759681217698,1356.1116447691497,26.55428294629216,73.33387203409012,42.438243043339796,0.27011486240444493,4.786930702477186,1.0,3,0.04866788485207052,0.041264102834550176,-0.007403782017520344,1.0,,,,,,0.185282813445935,,0.185282813445935,,,,0.9733828826049966,1.2089980308021224,75.8592987707795,0.03950757930282657,sdxl_pilot,0.1375,0.049924089468915356
sdxl_0013.png,769,3,0.9376706371339962,0.741373226744456,353,0.39108994235607275,2.34217569455903,736.5804329488834,46.964108384317235,0.805803516867968,0.4661351797590107,,0.17351356816591784,2.0,3,0.14477729353700297,0.12260243971668061,-0.02217485382032236,9.0,1.6688930568067168,1.889524896182476,0.45278776163273937,6.168007774784478,1.0824024347874288,0.2104856249848721,0.24230213664786726,0.27475390189014703,0.8076485328972818,0.9487438710345157,4.935141116338446,0.3690255542847318,0.3470778288489755,1.207045507541609,0.22554959627240542,sdxl_pilot,0.04999999999999999,0.1124588180299918
sdxl_0014.png,738,3,0.7632959581959397,0.5672728703380604,130,0.11734571607416554,0.9487855714535068,709.328212416205,48.563230289933095,8.069502897503071,6.4672729270282465,0.6883832083962503,1.1046573848471635,0.0,2,-0.01633275431410064,0.03017994612100494,0.04651270043510558,5.0,1.1731236800995126,1.3349149287214204,0.5660822478055083,1.0135503082240456,0.6301853985921562,0.7477177497338583,-0.18163550192834998,0.9104335860269863,-0.28024818743483015,-0.6187614383899036,-1.6960601437662681,1.0113780273426993,0.49406734220154636,9.06604583094182,0.058459794400498505,sdxl_pilot,0.012499999999999994,0.12871264888285672
sdxl_0015.png,284,3,0.8923608027319355,0.6757170995048415,90,0.15697180272771108,1.2711580789287482,907.8550176909116,38.832987034909884,0.2786525641430302,0.21367229823996992,0.13642523150638247,0.201918360370826,1.0,3,0.23232557905250273,0.009460851027636386,-0.22286472802486634,7.0,5.734875369675787,6.304780862161589,0.8688441146475796,5.544127691458901,1.0381850108720303,1.4656404981178874,-0.5967963834703078,1.3811837055991725,-0.3429986947271422,4.289600302932927,4.181249659525125,0.6166412948176309,0.32923415729634864,1.0129416522689112,0.13826771806128174,sdxl_pilot,0.03749999999999999,0.23972565149883085
sdxl_0016.png,373,3,0.8523143159263655,0.6723759782199948,98,0.20649774824175626,1.6622399419101725,459.31883408405855,69.72860513722544,4.540119720553818,3.2931600150218716,0.4603899987034541,0.7299513009650392,0.0,3,1.129337057739832,0.3084660106566425,-0.8208710470831895,6.0,4.999615567420211,4.758442414940551,0.3022481715016516,7.205092601959773,0.3250749438942897,0.039718876890753485,0.26252929461089813,0.142818276912148,0.1822566669821417,3.2397290506172114,2.4617736650160156,0.29107022463992355,0.21898721111593605,4.958969779221834,0.005245911021711928,sdxl_pilot,0.03749999999999999,0.5735256295598677
sdxl_0017.png,249,3,0.7357314085957591,0.49353364464485355,58,0.12797686309965595,1.132054549763553,132.45559973751762,135.0283495366649,18.72122732520613,13.459865790140325,0.6814528285569169,2.065637418475185,0.0,2,-0.3657219123996108,-0.047745982579407986,0.31797592982020284,1.0,,,,,,1.8191225264336595,,0.9120518609690751,,,,1.043352273255053,0.6979405904868707,19.786831115180842,0.020866592758715767,sdxl_pilot,0.0,-0.3657219988265027
sdxl_0018.png,136,3,0.8765110247936142,0.6800109476568209,32,0.12777370094209323,1.0279285752313445,515.1686894171929,63.693442565144764,4.17691635364578,2.570635204364973,0.5029483660817251,2.139030014821944,0.0,2,-0.15371086613190754,-0.21434159670302777,-0.06063073057112023,3.0,11.488529625954003,12.599704062679097,0.5981917665044687,6.918512881681012,0.5727705168086636,0.03794340017887965,0.560248366325589,0.018971700089439825,0.5537988167192238,-2.191583361095981,0.07845638815595102,2.027085884573832,0.3683509423524579,4.966395583959891,0.031403796505807706,sdxl_pilot,-0.012500000000000011,-0.1500925948095151
sdxl_0019.png,299,3,0.8819990491923596,0.700389697460251,87,0.1726962997924328,1.2973313328416904,650.9726889350123,52.35488614326062,0.418390977952086,0.24949408710480464,0.03689179331005589,0.07198440248844712,0.0,3,0.5917629009878432,0.2152210257747108,-0.3765418752131324,8.0,4.841148186442203,4.992645880091603,0.1854289087369545,6.980504093827426,0.2543788226441066,0.06217738218313773,0.12325152655381677,0.0743178015448005,0.1800610210993061,2.7430118933264365,4.186708717280288,0.617478941457451,0.2431680393142902,1.0037438270746206,0.011516848081591435,sdxl_pilot,0.07499999999999998,0.5691413277411197
sdxl_0020.png,635,3,0.6179469261680988,0.43529585939637067,34,0.03048069767177763,0.44109957584670406,15024.342585067296,2.440290171265604,4.653143476326505,2.88060494880619,0.5320368831787025,2.554513532265212,1.0,1,-0.14171938379126525,-0.10088270673760302,0.04083667705366223,9.0,6.856047294637661,4.821303172160247,2.632956994979477,8.505020205645508,2.6491546580013967,3.0096378287736814,-0.37668083379420425,2.358829464581532,0.29032519341986474,-2.528577022835873,-0.13554914117998607,3.3505365659455184,2.52152719202405,9.196714509874218,0.06336290026297396,sdxl_pilot,-0.175,-0.1413855139011484
sdxl_0021.png,352,3,0.833338116240612,0.6599005137256319,72,0.12427189308978122,1.291587389083993,103.94282441151195,144.0101962451993,77.52666593970724,45.25002941391812,0.020266555384153437,1.6476448429510244,1.0,3,0.02403340996626291,0.047684689715951856,0.023651279749688947,8.0,7.697513972986596,7.446973567444604,1.5853832161260133,8.639344144664793,1.5255891081309216,1.3155715511245853,0.26981166500142795,1.520956446314361,0.004632661816560635,3.198856407964924,1.7303336526271549,0.8187268735431834,3.494862944452987,85.16338589968477,0.43665156256766086,sdxl_pilot,0.0,0.024033387266207296
sdxl_0022.png,491,3,0.9044583757671373,0.7387105379724092,114,0.16247155393062102,1.3149823775851002,5062.641132042071,7.233493374960222,88.97034730505187,51.44834668730072,,252.5083841087571,3.0,2,0.059041739871439125,-0.004475238412259275,-0.0635169782836984,3.0,8.705387471516163,6.8277752122387305,0.5893442539380267,6.763181184805698,0.4984668494590041,0.7305017460812722,-0.14115749214324547,0.8244604039178225,-0.3259935544588184,3.690984437697235,1.444816788808077,1.6078990575383685,0.37953472576886754,89.34785331293797,0.46641278849977696,sdxl_pilot,-0.175,0.024037302352865275
sdxl_0023.png,519,3,0.7677037803239354,0.6154816557350817,126,0.15570025327182058,1.357148351978883,12808.055307955157,2.8623917552023186,74.61448028689959,43.5190473086982,0.6409190960757862,655.2494870336437,1.0,0,0.3787670570498787,0.16357699689973337,-0.2151900601501453,2.0,7.6287743361845,,0.78419996760781,3.8143871680922548,0.392099983803905,0.5608946349158117,0.22330533269199826,0.28044731745790585,0.11165266634599913,3.2709622697255814,1.6354811348627942,16.065233416776,10.82812347042083,87.20971701226065,0.3700152355349753,sdxl_pilot,-0.175,0.37930497510154826
sdxl_0024.png,243,3,0.6485086441469041,0.4594265061384202,34,0.06842556736177555,0.6691803248680498,1475.0360848727682,24.480581720402892,2.950209782299865,1.8503598303380369,0.825933839695436,0.1400150454895209,1.0,2,0.47375483831585075,-0.05025710688891527,-0.524011945204766,6.0,3.910102152837825,3.96631373129898,2.414644876928337,7.830686406793244,2.137810102765583,0.7424517676807865,1.6721931092475506,1.5737159410568524,0.5640941617087307,0.5396018264653519,4.715963470062662,0.8955538866459698,0.7066852943109324,3.881839721428883,0.13787744841223631,sdxl_pilot,0.062499999999999986,0.4727844407718125
sdxl_0025.png,524,3,0.806127037311616,0.5989037663909376,136,0.17301123913949584,1.1419284027258836,692.6298889019362,49.59455469976502,1.6418488818181345,1.0486113805686905,0.8348664827187737,2.819741947807715,1.0,3,-0.1177013502580826,-0.1350548227309627,-0.017353472472880105,9.0,3.4776570099307973,2.9689091465339033,0.8729147420993666,4.399513201150174,1.2833850587319664,0.3344674689734122,0.5384472731259544,1.1307330856068583,0.15265197312510814,1.4970449168077515,2.553681266472195,0.9929569008804019,0.325809867107911,2.0888646661340067,0.5440113144586786,sdxl_pilot,-0.075,-0.07744946399563624
sdxl_0026.png,412,3,1.024025743792093,0.86697243133896,186,0.36697594311305215,2.70031766244262,391.909831162255,78.46426248375171,20.180875084588166,18.102476389963964,0.4378856243452442,0.23786646978071918,0.0,2,0.2064929173147052,0.14265414084958183,-0.06383877646512337,5.0,8.657795711489392,7.780991921118076,0.4068999919002878,9.45651609352329,0.4706734538902695,0.060115668524376886,0.3467843233759109,0.06330288138359208,0.4073705725066774,7.093484490367654,7.841492138166797,1.0152480932477195,0.2344831616594207,20.5081298484007,0.006401278287679217,sdxl_pilot,-0.05,0.5451183948887935
sdxl_0027.png,264,3,0.8710121292159674,0.6862387930513563,68,0.18023614377340452,1.7202164523929762,12020.670745231573,3.0497999015562973,30.239417427873967,17.72035041117891,0.5286976254844594,9.50726776274445,1.0,0,0.5236356242557282,0.2944987145245229,-0.22913690973120526,3.0,10.77915307897441,7.78485016210258,1.9087073663564809,6.569160880499295,1.1786455513818157,1.4552995369683108,0.45340782938817004,0.9336953380489446,0.24495021333287115,3.7358107331701724,0.3313058432605116,19.271109682573865,12.498464002587424,49.32873329549045,0.24707106418202657,sdxl_pilot,-0.175,0.5236522876297438
sdxl_0028.png,607,3,0.8076648646490212,0.6384761350283762,162,0.14409608845574376,1.1193224485714073,794.0121398425962,43.90049691318685,6.090815112666462,4.911481513280314,0.6331118516367261,15.118762599335259,0.0,3,0.2791471066563116,0.1572170601470766,-0.121930046509235,4.0,8.351531196566022,4.560180802257206,0.16864498673217332,6.2430361706003765,0.16864498673217332,0.1123527976658023,0.05629218906637101,0.0796003447974547,0.08904464193471862,6.40177625655906,3.9904541999882035,0.5223606183671434,0.16504139500489745,6.3197803840111675,0.009952975831418926,sdxl_pilot,-0.05,0.28378561434325034
sdxl_0029.png,271,3,0.82319672347752,0.6307595979015377,57,0.11414444232142681,0.90469255767246,923.5288659381592,38.222097300343684,0.17956591048117332,0.1418066982998776,0.2421087188926748,0.32143485509962316,0.0,2,0.029213429475978936,-0.046803525555239256,-0.07601695503121819,5.0,7.7794409931984365,7.7794409931984365,0.3875808664872147,5.275112543624031,0.27018793002449426,0.08306984197133449,0.3045110245158802,0.1353502179639472,0.13483771206054707,5.928573392380861,2.738212780673947,1.1979042905534758,0.1798204492204759,0.7122024980800196,0.03297155835592974,sdxl_pilot,0.175,0.009333092771203866
sdxl_0030.png,536,3,0.7338938627124741,0.5625772155269415,106,0.13078154618358795,1.2642998295786914,15999.936340785378,2.291534791251324,58.1709897935679,33.602540162266,0.33455100334949156,8.936327436208865,1.0,0,0.29647141416216627,0.024696994348931023,-0.27177441981323525,7.0,6.6393244798069935,3.2195365538638585,3.282957687190475,10.634358666717379,1.6598689786845653,1.453099639389782,1.829858047800693,2.6491546620090305,-0.9892856833244652,-4.950409688689718,-1.2152074373482726,18.12197533043105,12.501888949050901,80.5539116248389,3.4106187014802267e-16,sdxl_pilot,-0.175,0.2961958001798257
sdxl_0031.png,374,3,0.8601709924094708,0.673471960917866,141,0.26652986386852323,2.21883806405737,15999.936340785378,2.291534791251324,49.130982918745964,33.21149385971607,0.9541757636307974,2048.1831504278384,1.0,1,0.4066886153618854,0.09783821326928055,-0.30885040209260484,2.0,14.573785166116668,14.573785166116668,0.4981319026328732,7.286892583058348,0.2490659513164366,1.1294688211071149,-0.6313369184742417,1.5522119370473515,-1.303145985730915,8.411527252476157,2.1291975383427264,13.079656983760728,9.926663104985272,66.32764718869845,0.16402059737133837,sdxl_pilot,-0.175,0.4068334859395385
sdxl_0032.png,530,3,0.8732768661324395,0.6951422814462198,169,0.22472956603781785,1.4986050095265622,912.9387957745352,38.63279892059892,1.4808845439641232,0.869402333920457,,0.1736815804888021,2.0,2,0.23711137211215616,0.11529930675657252,-0.12181206535558364,5.0,3.3919512455263705,3.3919512455263705,0.29920482082295763,5.488548320742793,0.742306295422464,1.7910634513539576,-1.491858630531,1.7910642263055463,-1.0487579308830823,-1.5041580497039275,0.08792256097975937,1.042324972068754,0.40399891271769867,1.4335560033854142,0.09374074059822358,sdxl_pilot,0.06874999999999998,0.22580708639604774
sdxl_0033.png,448,3,0.9289691474540821,0.7508852878049197,192,0.31480357718347596,2.5036404229773797,1587.505000903954,22.793260769774577,89.52784587327483,51.68900098420796,0.04787308971602948,52.87196818008745,1.0,2,0.6137188812973285,0.3287562501013793,-0.2849626311959492,3.0,5.118696893818154,5.118696893818154,0.5693781356467955,3.577327622341509,0.48965435461048834,0.23388372949441427,0.33549440615238124,0.2724833747408808,0.21717097986960754,3.512846187933773,2.185295967467069,2.044436833690004,0.2574121487646571,89.75336780566118,0.8939551480202136,sdxl_pilot,0.1375,0.44937922135984976
sdxl_0034.png,470,3,0.727255559530757,0.549684609169294,73,0.07974509333332067,0.7740727963663769,483.72124491583355,66.97230332754137,6.300973921017189,4.695867623676276,,1.8038141404603354,2.0,3,0.32736454110321167,0.09585652785584153,-0.23150801324737014,3.0,11.752657049819721,11.752657049819721,0.4884623080364614,7.656726710736028,0.3269764875894374,0.08762669546629054,0.40083561257017086,0.08762669546629054,0.2393497921231469,9.231745090006015,5.161900343413263,0.48515639182140247,0.10063629436654704,6.450018585618448,0.008361528815758372,sdxl_pilot,0.0,0.3273644686939122
sdxl_0035.png,306,3,0.9119201333692214,0.737592638360906,175,0.4148565110055251,3.1806102364381648,695.8818144229903,49.39050261127088,0.49340539193268285,0.344865184440469,,0.586417913495729,2.0,3,0.11680474207385405,-0.028747796160263128,-0.14555253823411718,6.0,10.255090298462859,9.337461234117656,0.46665713438630974,8.958726127401171,0.4588312969975239,0.5398984093312742,-0.07324127494496446,1.5495083943464136,-1.0906770973488897,6.498330124053769,1.0351652295018594,0.730542919493533,0.5028563815159309,1.6497276559324259,0.036319125931152094,sdxl_pilot,-0.006249999999999999,0.11378757147744634
sdxl_0036.png,639,3,0.9508709949692032,0.7682888135273162,285,0.3744389609157829,2.631343291803872,916.233061994858,38.50413460845271,54.661399861510546,31.58388463104607,0.3920052386732226,10.05603546190223,1.0,3,0.6110368874063178,0.1610133656305478,-0.45002352177577,6.0,11.008918787957919,6.592055400391723,1.0709107530430257,11.629388683439398,1.3106896351163408,0.25474172218269464,0.8161690308603311,0.49519429862682207,0.8154953364895188,8.588696606845124,5.613525193499343,0.8168894164579429,0.8195422794146477,55.96375611312194,0.017197146316017937,sdxl_pilot,0.175,0.5562457404013885
sdxl_0037.png,197,3,0.5367023919752586,0.3439260883918638,59,0.12124740785407202,1.0556116634257384,2249.145513030321,16.1949658344236,1.3700401718447495,0.8013904214552706,,0.12801576986697602,2.0,2,1.0370062453142914,0.2402983215969855,-0.796707923717306,6.0,4.54341090692867,2.5419410778113805,3.5572662968738618,6.293283864767991,2.293878021390661,1.4098876306160335,2.1473786662578283,2.0928466377787758,0.20103138361188533,0.11559339059046891,2.7548416571273115,1.1765866133253595,0.34541083845660225,1.9713731807237043,0.26735229737427346,sdxl_pilot,-0.175,1.0186672211978598
sdxl_0038.png,313,3,0.5709767421618654,0.39131028424247927,37,0.03581912883044675,0.44490131982680536,8378.847233049231,4.374287421534692,33.123194019228364,21.755288272447583,,10.721390860302295,2.0,0,0.6289438235943807,0.3222052215842528,-0.3067386020101279,1.0,,,,,,0.6250772414076167,,0.5378314641129638,,,,2.113784122218256,3.2198204183415933,37.83253514601965,0.05827733184145328,sdxl_pilot,-0.175,0.6281657828393261
sdxl_0039.png,327,3,0.6580369316747251,0.504547378158877,43,0.06718244990533653,0.6808272598783849,921.2308120284187,38.31050423491299,1.0774838281342909,0.6416517550543509,0.46377206780665087,0.12111333656230276,1.0,3,0.17892515414298615,-0.040429987695917324,-0.21935514183890348,6.0,3.753596935095012,2.5438934791943746,0.7792141834798363,7.178982827449728,0.918784402701736,2.2817326292543365,-1.5025184457745002,1.2282506712337504,-0.3094662685320144,-0.03193076824550989,4.803137213184348,0.5743247810414541,0.5298831309226785,2.1015812855851883,0.0329511997809813,sdxl_pilot,0.04374999999999998,0.16795140475993242
sdxl_0040.png,1134,3,0.6119609242059312,0.462082934337323,50,0.028967767384118243,0.4792844004873648,15999.936340785378,2.291534791251324,71.31430944976424,41.2844713462485,0.9158937711943848,202.49792880951264,1.0,0,4.785200954660063e-05,-0.05166087296293109,-0.05170872497247769,8.0,9.565727620834839,10.537478876252395,0.5478067494081964,12.70299000074825,0.8509384524747357,1.396844767522074,-0.8490380181138777,2.649154646605459,-1.7982161941307235,-1.5562448070493229,-1.3503551625866983,7.960834925984347,7.727754193172014,85.38872850837723,0.007112316587932746,sdxl_pilot,-0.175,-0.0002379747133667287
sdxl_0041.png,230,3,0.8617696592011914,0.669503073895115,76,0.15604961897318595,1.1520279503885935,906.082197223555,38.90326669873748,2.654603396400006,1.721182213314662,,0.9240084146489057,2.0,2,0.016749947601111925,0.0204213884571941,0.0036714408560821754,5.0,6.606851909706542,6.77690506602104,0.2088159959518645,4.7676430196554795,1.1709987574633436,0.6096544229385357,-0.40083842698667116,0.8034759028407308,0.3675228546226128,4.311715918472221,-1.7354485490889058,1.029269286451728,0.6015398976769083,3.4121376510169577,0.3140824593753726,sdxl_pilot,-0.13125,-0.1160607437450929
sdxl_0042.png,683,3,0.8310776333501732,0.659543303635661,79,0.07977715280250111,0.9497786167351973,15999.936340785378,2.291534791251324,66.20402682403308,38.45112138219923,,145.55311971199006,2.0,0,-0.13679520159475156,-0.060565835317336614,0.07622936627741494,6.0,18.72343699893316,17.559268992373067,0.22159260477673826,14.29620620883939,0.3137255475453138,0.4665438258879213,-0.24495122111118306,0.5508992846541627,-0.23717373710884893,7.970389394906849,1.9711820264005375,20.813487708938144,10.621641425368832,60.99381216453742,3.4106187014802267e-16,sdxl_pilot,-0.175,-0.13665424139816973
sdxl_0043.png,396,3,0.8625298427062223,0.6787152135551824,107,0.1631042504917615,1.2335707501181852,868.2031108709125,40.46548769861362,5.1335375228567415,4.020549238607583,0.03212831138508321,0.2765203169887315,1.0,3,0.568279386474314,0.18672865771201408,-0.3815507287622999,9.0,4.022406554707467,4.05510229317042,1.3905745137639887,7.343607542408288,1.390574623535426,1.965901291587504,-0.5753267778235154,1.446246106510734,-0.055671482975307995,-1.175914317291741,1.8744997136886496,0.4161522332115456,0.2471513213173515,5.510527190246198,0.041494048988705304,sdxl_pilot,0.09374999999999997,0.28689358100734785
sdxl_0044.png,260,3,0.8049443786501265,0.6074061621749046,36,0.060222904020270425,0.7730384786503093,1624.760833730323,22.28383460551784,1.9589689093124605,1.1673257393457648,0.6712930218186841,0.6247278062329582,1.0,2,0.47032487721027383,0.1423423310549755,-0.3279825461552983,8.0,7.45891306650368,6.649915276803516,1.5249947827280268,8.680113022260374,1.5640568027257622,2.129893792384092,-0.6048990096560654,1.134324480845569,0.42973232188019317,5.9012265397953945,6.988489904744033,0.9515994472741869,0.4813039749944901,2.709200662529431,0.30627265700728684,sdxl_pilot,-0.175,0.4166040456331911
sdxl_0045.png,609,3,0.8645879267828953,0.6787050656726449,178,0.25665335833689756,1.9783247110831041,499.2404176396226,65.31761042979458,1.834693363626954,1.1904782844217683,,2.218043886825898,2.0,3,-0.016634574288957982,0.005027571934072106,0.021662146223030088,5.0,7.426005643071453,7.327446045189641,0.3158561383849996,7.563068487449914,0.33058248709806337,0.3033724729133036,0.012483665471695993,0.35847329143883755,-0.027890804340774178,0.2629405885521239,-1.201161770356273,0.24773326299876575,0.10262940794178993,1.963387152337117,0.005799434571247356,sdxl_pilot,-0.02500000000000001,-0.0036374870042981122
sdxl_0046.png,672,3,0.9651651844405749,0.7989677858184877,216,0.21902651627405456,1.821624250065904,902.1270435632089,39.060944914097995,87.99547005603625,50.80524184152877,0.00988835670571257,1.3592800194021626,1.0,3,0.6266099424907201,0.17682243515911766,-0.44978750733160244,9.0,5.318461113426919,4.09106612413042,0.12268589876699343,7.90774403769972,0.15041822839638908,0.03502615668059139,0.08765974208640204,0.07846817260126349,0.07195005579512559,3.2718147830806723,5.939119032096974,0.6192574002760587,0.17572780730244483,88.16603630683751,0.008565405384186393,sdxl_pilot,0.018749999999999992,0.6552332750211751
sdxl_0047.png,227,3,0.9094029628351594,0.7565929731696498,80,0.23176092632351297,1.5099424899927176,3902.641009375504,9.375048617888265,26.468354763518626,15.429442259221132,,1.4483543819355071,2.0,0,-0.3401463860890135,-0.13673170638884913,0.20341467970016436,4.0,9.446624749239273,9.236586256742989,0.397601209860476,6.351160523399402,0.397601209860476,0.530959239228757,-0.133358029368281,0.9343455890176768,-0.5367443791572009,-0.32031791860779535,-0.640354288837468,6.606496023629604,6.891949522869228,39.37020616084722,0.18500079033342529,sdxl_pilot,-0.175,-0.33832787054803737
sdxl_0048.png,388,3,0.9558878824111599,0.7677479954671501,129,0.207307274866261,1.8054162350839142,1771.9219571044353,20.473967399019205,14.831762787015052,11.3178159493846,0.5152632655097511,1.4327307185482558,1.0,2,0.48927742439267574,0.23656178597958133,-0.2527156384130944,8.0,10.469222524554283,9.036949589322132,0.3322476345955483,11.70469304958911,0.6338416903126318,0.1381503913329123,0.194097243262636,0.29309600752476905,0.34074568278786277,1.1002840590416234,4.097467368837664,2.021225699735229,0.8137954177462896,16.604438857085874,0.02781565514954723,sdxl_pilot,-0.175,0.47835413933052995
sdxl_0049.png,429,3,0.619403916873651,0.3940841122612213,94,0.10417525096530421,0.6507679248528462,7158.356969390479,5.119177789533797,0.6098609215606814,0.4601467148505404,0.763704549299961,1.976133198774312,1.0,2,0.08688102180775059,0.03271633645912042,-0.05416468534863017,9.0,1.467273179802484,1.4466323374475478,0.4979881634559269,5.000576674494387,0.6729067883907183,0.39638798584293244,0.10160017761299445,0.5371046938896451,0.13580209450107317,-0.5742206950903577,2.967996968404845,1.0393082714946515,0.6283369029611439,1.859482063702753,0.24806635346889505,sdxl_pilot,0.175,0.08637857699853957
sdxl_0050.png,527,3,0.7655708255248994,0.5941767345168459,75,0.07613630125361207,0.9087341342258544,8421.320747762315,4.352246663981793,28.84651792926138,18.392147125870217,,5.2054608645763345,2.0,0,0.22634472130717231,0.09037825264884969,-0.13596646865832263,6.0,12.709975377503943,4.622474151105771,0.8213977933202479,9.159046722664117,2.0818945672058566,2.649154611493577,-1.827756818173329,2.64915472187979,-0.5672601546739333,-3.679144192163557,-3.657813811059089,3.1842881437762904,3.3099408757490765,36.311303853974195,0.08378501778728838,sdxl_pilot,-0.175,0.22477235543857454
sdxl_0051.png,425,3,0.950838435810535,0.7956315032961788,233,0.4675641082400702,3.471017537358999,678.1633538557007,50.52175465118135,2.5095134617009336,1.7106311175985724,0.38470696287211714,0.32611041344403624,0.0,2,0.2830164197219184,0.11852756928240382,-0.16448885043951456,7.0,5.36589906942913,4.819976265222306,0.8144839130267378,7.64900696476536,1.076109808594707,0.13919883936878108,0.6752850736579568,0.5752203621693557,0.5008894464253513,2.2183985836550617,-2.25394872516691,1.4515169322375685,0.6568074069564586,3.2181387108708215,0.1315981142209006,sdxl_pilot,0.14375,0.2808085222064328
sdxl_0052.png,366,3,0.904228899393174,0.7250941935507429,136,0.23726861419081116,1.6204667243065032,1415.646635251904,25.474731524435473,1.5458865285384036,0.994660408863243,0.16086841053417775,0.9134314128270351,1.0,2,0.2354519816492101,0.13695525908701633,-0.09849672256219377,8.0,8.015082822371369,6.622414531577861,0.589956846416062,8.08472873894697,1.7510510033653723,0.217659874255971,0.37229697216009106,1.5520006949960061,0.1990503083693662,3.874815727870164,0.9998078622925863,1.0207212394453815,0.776496161613225,3.157711707939962,0.04092493190355424,sdxl_pilot,0.09374999999999997,0.25352387892419526
sdxl_0053.png,677,3,0.9564565217497337,0.788628366628333,250,0.3080071709940852,1.8688961039574423,1126.0859639241912,31.72713294725084,1.5393210302000426,1.0867974838902483,,2.9088412196600975,2.0,2,-0.10527982343112374,0.013785908567987226,0.11906573199911097,8.0,1.6718409066317772,1.6303566600908703,1.0218858565845763,1.7735222041830079,1.4458745530003894,0.40328186793913146,0.6186039886454449,0.5158789638476691,0.9299955891527203,0.601717499341444,0.3634997476652766,1.230106529937279,0.59092082874981,2.8678102641064465,0.4086914038841236,sdxl_pilot,-0.1,-0.12442879849721689
sdxl_0054.png,641,3,0.7397150981123574,0.5545414241428102,100,0.10102467920019738,0.7955384104813003,535.6906447179347,61.70478574302486,6.3812877388782,4.242422171223885,,10.57860780104096,2.0,3,0.05472556137408968,0.020405203861873056,-0.034320357512216626,5.0,12.97874307677128,12.525312745952935,0.49165577396113136,13.063801576537733,0.5484725997401028,0.6861433964964281,-0.19448762253529672,0.6059432649007568,-0.05747066516065402,4.574828882365912,4.810280309784877,0.8416303419863921,0.16983414445698375,6.533813058684262,0.021118508971073733,sdxl_pilot,-0.02500000000000001,0.03710949300889599
sdxl_0055.png,405,3,0.9604242678674343,0.7533129993707632,187,0.3395787748677093,2.500450005120838,1716.5534110391663,21.119738749003517,1.8882404201018517,1.3307074785477617,0.604453243717491,0.1006328771166997,0.0,2,0.44350398834608684,0.169524352224652,-0.27397963612143483,7.0,6.06645305118438,3.930711583538455,0.5967458235659455,8.956089550575477,0.6720285279497982,0.6753911538899464,-0.0786453303240009,1.4847846714891277,-0.8127561435393296,4.270288011604102,6.97578855946354,2.0710105444951377,0.7931660520312782,2.7111285316733356,0.34325791329998284,sdxl_pilot,-0.175,0.4268331827709373
sdxl_0056.png,699,3,0.9826631707957225,0.8100612322701032,282,0.3021502890830069,1.9724852399524564,629.0008805328101,53.928825059755376,2.281100090663827,1.5099659569839106,0.20847915079682103,0.3836943095732587,0.0,3,0.591413033346364,0.13178464115720312,-0.45962839218916085,7.0,7.202144234566044,6.066492240166649,0.31816064346623474,11.282740733832433,0.4329579630515026,0.149580873850089,0.16857976961614574,0.3400827469573322,0.09287521609417038,3.0705813026892503,5.586238638999275,0.9063363382619899,0.3828559598314857,2.900179291508201,0.013138597319014839,sdxl_pilot,-0.012500000000000011,0.5428954569319169
sdxl_0057.png,336,3,0.5305150523926841,0.32716898164751856,50,0.08120949023150506,0.6128948012562174,1928.1161961403236,18.846414866525045,1.1366956468560119,0.7472024683189122,,0.17517967885076577,2.0,3,1.6705069176401497,0.4202392867541014,-1.2502676308860483,9.0,3.640204429631547,1.7760249228041227,0.7829654842986553,7.565894531436299,0.890815379340955,1.242917114833114,-0.45995163053445864,1.915599161515428,-1.024783782174473,1.8456288129175529,3.8769938826122723,0.511765861925665,0.24442062656762745,1.5110576754731482,0.26295073578664363,sdxl_pilot,-0.175,1.6880270174615783
sdxl_0058.png,313,3,0.40688034835292297,0.23856940756962833,16,0.013656778329618938,0.2028095507885212,1600.5617063918598,22.612131163127163,1.1526337986715873,0.6990788983525578,0.6933566508121222,0.2610075701878766,0.0,2,1.3063674787968358,0.3917012604782467,-0.914666218318589,8.0,5.775757056037731,7.19706800091383,1.059104192209007,11.344278106653746,1.9474528611390491,2.2976836078315546,-1.2385794156225476,2.07009312122644,-0.12264026008739082,3.7179455877536345,8.142392807450934,0.36733326447013764,0.19982827648830306,1.4584911643726357,0.08407687174716202,sdxl_pilot,-0.01875000000000001,1.3049298700584206
sdxl_0059.png,270,3,0.8330001038936053,0.6595492689322621,55,0.1350702798897481,0.9834626776368396,581.9874833371961,57.607510355470986,0.38891105270150206,0.2303345442197548,0.22541317631364916,0.22682845777303784,0.0,3,0.3372872405626952,0.02000890094027974,-0.3172783396224155,8.0,4.366557562229244,4.407819232101881,0.28089632368737316,6.020061259699804,0.5629470791867281,0.10295881240604654,0.17793751128132662,0.4110213722082565,0.15192570697847163,1.2370106812758954,-1.0426232891502059,0.4157649778492667,0.1337510179549177,0.659098414103279,0.009688624172373607,sdxl_pilot,0.02499999999999999,0.32256613227484454
sdxl_0060.png,888,3,0.6387967981660766,0.4556752446150961,37,0.02670408151537094,0.46487187697400695,15999.936340785378,2.291534791251324,82.24627846129783,47.50394579611506,0.8909878994656968,147.07082118707626,1.0,0,-0.13590100901551783,-0.07375825607268838,0.06214275294282945,7.0,5.166987608966771,9.489331299962073,2.126216990909609,6.547829433282763,2.609944205201271,3.1866031155758243,-1.0603861246662154,2.6491546631267364,-0.03921045792546529,0.09477740904182763,-2.833264751650825,8.719305390043388,4.1982915175907705,87.04800098266249,3.4106187014802267e-16,sdxl_pilot,0.175,-0.13615209310698773
sdxl_0061.png,226,3,0.7393082765471036,0.5301844067669486,55,0.10542454942296162,0.7368444197795823,1253.8328896021712,28.634496231981394,1.3279410534638032,1.0109707661497738,,0.4292322343462544,3.0,2,0.14682212815974383,0.24875283783814595,0.10193070967840212,4.0,5.139501228206416,7.279377450557749,0.9417018237063601,4.8981922751416045,0.9417018237063601,0.611811903060242,0.3298899206461181,0.611811903060242,0.3298899206461181,1.6334248839389276,1.4078057974936984,1.2475419564267296,0.42981983370349774,2.1703470235856197,0.42869607347224825,sdxl_pilot,-0.175,0.13501854536322966
sdxl_0062.png,502,3,0.9730731897855996,0.805361629317774,145,0.227144313838819,1.9624063071750848,1638.506009905986,22.101519216943455,86.29190997645186,49.83019061808332,0.14531864179027962,17.196296399850638,1.0,3,-0.21151971527848912,-0.10190355881745439,0.10961615646103473,7.0,11.310760939880998,10.521766509723403,0.5158581147078634,16.251582364729863,1.1109940942380554,0.21169428669025647,0.3041638280176069,0.2579251614292781,0.8530689328087773,5.188725957658338,3.3397934448019075,0.6397917038597862,0.40874056817566706,87.00740939716283,0.06830482454446017,sdxl_pilot,-0.02500000000000001,-0.2024108565415248
sdxl_0063.png,450,3,0.9169253014408473,0.7252637150042813,177,0.28729984247307144,1.985914142194505,501.2693686996413,65.10663836150263,2.829070592512366,1.90701219969663,0.7420698350143689,2.1264825428537892,1.0,3,0.21933551826545417,0.11072569843618996,-0.10860981982926421,5.0,4.721320119697565,3.9948963878154014,1.6404350770201614,3.938684637745622,1.79947860341422,0.7671517896214528,0.8732832873987086,1.4699546878542855,0.32952391555993454,1.327008305703377,-1.6730647580460927,0.4040359661892092,0.2825093676650188,3.229650950857049,0.062373941492498,sdxl_pilot,-0.05,0.20284231947928844
sdxl_0064.png,264,3,0.8442783228343262,0.6630590316095883,58,0.1130219898622843,0.9308363748808114,512.9668039929066,63.91364798295797,6.884071190959588,4.908710134398926,0.4527905251469781,0.3255868383095388,0.0,3,0.3838812655625832,0.02872808943829308,-0.3551531761242901,5.0,7.5243815951492135,7.5243815951492135,0.34007195990481875,8.9711295166307,0.4174941342885137,0.07886928865147169,0.26120267125334706,0.04867852432425135,0.3688156099642623,5.435925618165658,7.020066492328965,0.34960996967507085,0.15422688095371845,7.1238797618486585,0.007060834786532006,sdxl_pilot,0.018749999999999992,0.32605025171825586
sdxl_0065.png,886,3,0.6697273794176276,0.43978665530082517,153,0.08978146379660926,0.755533779838037,2565.4932056224525,14.219833281988734,2.5881866207755877,1.5555498056859234,,1.2796529412058277,2.0,3,0.32815689740364073,0.18384584697771944,-0.1443110504259213,9.0,1.1610147248390048,1.1429266385658594,2.453710809917173,1.9892246362786494,1.7737017300730775,2.4053594679580708,0.04835134195910218,2.649154648591224,-0.8754529185181466,-0.32675493924921084,-5.2265833687672,0.5759913831490813,0.5866261994852292,3.349674437698139,0.2748593721743366,sdxl_pilot,0.04999999999999999,0.33142304838292425
sdxl_0066.png,836,3,0.8112109183591836,0.6679793416131814,150,0.11798552451222266,1.1463783804037022,695.7807311952556,49.396821687562735,87.2529006433894,50.3878064636459,0.4649682703395584,38.5992102394148,1.0,3,0.2526637362632954,0.0649845759216866,-0.1876791603416088,3.0,10.923624453862505,11.124378233515362,0.4331642879154156,7.430874589503504,0.41000016837382613,1.3803934306385846,-0.9472291427231689,1.3803934306385846,-0.9703932622647584,1.4254537163047765,-2.0584099274730443,0.538177225520887,0.18095948352232905,87.76048620577077,0.025077093369195582,sdxl_pilot,0.04374999999999998,0.2931654689938188
sdxl_0067.png,303,3,0.7902755149602064,0.5924787890492634,56,0.05930651770377151,0.7373147824204918,1257.873153198341,28.546286603696117,3.6952741889533627,2.8180235831804694,,2.6895592481761113,2.0,3,1.5402034458955174,0.4150210413613785,-1.1251824045341388,5.0,4.850361961029863,4.850361961029863,2.3221467597075693,4.107242060441427,1.4454788741147886,0.696370681280956,1.6257760784266133,0.7822272626167841,0.6632516114980045,3.678783992521023,2.155172895318385,0.6286457724980441,0.39318935751636824,4.248053342250667,0.09264281910228177,sdxl_pilot,0.175,1.372623325988829
sdxl_0068.png,382,3,0.9497361740621697,0.7774513286992395,122,0.22334486201061662,1.8905113430048672,1068.1282888741162,33.35532581285584,25.610323672517637,19.203960149502997,0.6688091541157931,5.487305884009515,1.0,2,0.15704516673492264,-0.00545600204112362,-0.16250116877604626,0.0,,,,,,0.28244260789883935,,0.28244260789883935,,,,1.0157573016505357,0.8744268271615795,27.236253704504858,0.015650136030450686,sdxl_pilot,-0.012500000000000011,0.15074932939813968
sdxl_0069.png,253,3,0.7765604386708064,0.6122457490736858,82,0.17469761891783975,1.3518621250586138,967.9360987139536,36.58780640354174,2.0354339660622145,1.550516677616037,,2.4146155956487103,2.0,3,-0.1358286387689539,-0.014213123770877134,0.12161551499807677,6.0,3.1443408041475154,3.1443408041475154,0.6088297074597451,2.7117555734260286,0.7510501096244964,0.41764323214781474,0.19118647531193034,0.7169497095426105,0.03410040008188586,0.1368678961678742,-1.0844314199408336,0.8082070546487172,0.6068553410486371,3.3773502502068573,0.08101522886974365,sdxl_pilot,0.10624999999999998,-0.1326571116018994
sdxl_0070.png,512,3,0.8191820528996943,0.6774956533890135,90,0.11300059870649247,1.1126347921761586,3085.7427176020014,11.84113309846484,88.18404934557752,50.9179449407356,0.1723851645101511,143.27062116153488,1.0,1,0.026801435129049422,0.008840937998624843,-0.01796049713042458,6.0,17.31978681459675,7.689300664105352,0.3247204762626108,14.134576180074752,0.2519010997650777,0.365790706156389,-0.041070229893778176,0.44984212333292106,-0.19794102356784338,8.176780652683245,3.761991550953084,1.247721501554591,0.49550875189315036,88.68210723340647,0.22398969654305295,sdxl_pilot,-0.175,0.032852143114428634
sdxl_0071.png,386,3,0.968699561427179,0.8165766595225229,197,0.46550060933648674,2.860755218676144,743.8442631108439,46.55451594643441,2.613496501611678,1.7154487344480125,0.4823944240592073,0.9388182819145945,1.0,3,0.2603688953208797,0.12282421016389555,-0.13754468515698415,7.0,4.098257162547378,3.523665431332398,0.9353476121746525,6.544323533070897,1.078234027573064,0.2761574601083594,0.6591901520662931,0.3670295328317792,0.7112044947412848,2.911913668460334,5.027138368817098,0.6240582343729119,0.5938931360136916,3.4088073833660815,0.10976670215393183,sdxl_pilot,-0.075,0.08536526895252061
sdxl_0072.png,222,3,0.7148100658114074,0.5042560510053384,40,0.08049963963726342,0.7164354454161409,876.9567603696179,40.093876486570885,1.287949613493197,0.8419237982351447,0.47292715441757593,0.20356575239444807,0.0,1,0.21898736276654407,0.11728929750500539,-0.10169806526153868,6.0,4.260682898043292,3.3544281826963056,1.5734185090063377,4.974160378151841,1.7218865713663418,2.071934286875459,-0.4985157778691214,1.6879702212407057,0.0339163501256361,1.9558037902987362,-0.17130707723739835,1.3087122922952026,0.6424032257296188,2.6149013952092552,0.30640341918566544,sdxl_pilot,0.0,0.2189873650035239
sdxl_0073.png,550,3,0.8561694589847526,0.6766772553191132,273,0.396858231880433,3.3280892101703614,472.1851626707408,68.25100594029726,4.562973475774925,3.1737602744639246,0.7549318007795822,1.1572492449749818,0.0,3,0.22808713218090226,0.13357216483174172,-0.09451496734916054,7.0,3.9279953091883457,3.2398790757263245,0.24547739736849294,4.34503764906579,0.3407921473438815,0.16497772373821373,0.08049967363027921,0.40991221487482754,-0.06912006753094602,-1.2837412567536695,-1.736840206034346,0.2768920838790473,0.3128729337773599,5.129457631278714,0.025551355068267834,sdxl_pilot,-0.02500000000000001,0.6265813646533211
sdxl_0074.png,558,3,0.7960330885795506,0.6279931829856014,75,0.07908343728259727,0.8036996746165684,656.6599132850174,51.96130540320993,1.0898195650492397,0.663735593506477,0.6546090725398991,36.91989847314444,0.0,3,0.2840208532766634,0.061045462646546755,-0.22297539063011662,6.0,4.756003743179691,4.616340448440916,0.41531946592856883,7.122536639554058,0.8370678137218865,0.047057335962048086,0.36826212996652075,0.3359570806988703,0.5011107330230162,2.5501289911649736,-0.9413570413136103,0.5388158703455814,0.15960329894550018,1.415625443785959,0.011339587077752,sdxl_pilot,0.03124999999999999,0.23487787711464037
sdxl_0075.png,409,3,0.8642731341512774,0.6897492320124016,169,0.251996377967577,1.983259378430503,578.5638322095838,57.89340831003537,2.884775363754258,1.7833325829953484,,0.42255723785850385,2.0,3,0.23657051336504453,0.10688455929614504,-0.1296859540688995,6.0,2.2949940290712836,2.1265360357355014,0.8796800919469439,3.433803488961105,1.3944629185030197,0.2159883397853024,0.6636917521616414,0.9157569336516196,0.47870598485140015,0.8265057020170541,-1.5289668817601823,0.3863345321781287,0.4068171242889196,3.462373677622993,0.11045868111608013,sdxl_pilot,-0.012500000000000011,0.24476203253143125
sdxl_0076.png,463,3,0.9012122214878249,0.7287692870251337,189,0.29640940249018244,2.020428964259561,752.1062281208671,46.09677038879446,1.3159243508774097,0.821102798170327,,4.110032947434302,2.0,3,0.14542453491914675,0.07299174960320998,-0.07243278531593678,6.0,7.424647406304746,6.000684064924171,0.1471662082506997,9.476226579342633,0.27338543869415766,0.04774963091433504,0.09941657733636466,0.2059685020256068,0.06741693666855086,5.320487106605018,3.873278798202467,0.48655642759273515,0.14909197008485026,1.524014581252156,0.009292067139668495,sdxl_pilot,0.175,0.16328360815838194
sdxl_0077.png,199,3,0.534554697744547,0.36716252365888974,29,0.054218588234932454,0.5378821533812514,2339.0522723279178,15.58026866859099,1.9520993393221886,1.5016095133683431,,1.4816180695567847,2.0,2,0.15101018487711682,-0.1049599130265435,-0.2559700979036603,7.0,4.562831762585821,5.396189006416189,1.3513486426921917,3.8229467930325507,2.122217169931999,2.7250453736951075,-1.3736967310029158,1.7452944142424847,0.3769227556895145,1.7621817915975173,0.3845803793826663,0.5126003177396073,0.4711062968569796,2.9882295742326734,0.13594992682835136,sdxl_pilot,0.1375,0.1608024861617927
sdxl_0078.png,985,3,0.4819734310640896,0.31576231791183257,25,0.013215399450554933,0.31618536409040665,15999.936340785378,2.291534791251324,21.56982058635569,12.545564167364175,,1.9007435712272858,3.0,0,0.5860202054592938,0.3107465176680999,-0.2752736877911939,9.0,3.165062702689485,3.164262631667368,2.724680218905186,7.392365447705864,2.3011381204430785,3.100807867493712,-0.3761276485885259,2.64915462282631,-0.34801650238323134,-1.1726663818223244,2.2026963696556,3.536826418504888,2.888068326476703,26.73282171061432,3.4106187014802267e-16,sdxl_pilot,-0.175,0.6186353122539447
sdxl_0079.png,404,3,0.8734600988885454,0.6979454551611334,104,0.14707369345650906,1.231297028840873,338.99818849507204,86.69736690820292,0.5172360382500472,0.35749648782786164,0.1416002354245832,0.09941154623749346,1.0,3,0.06244923683918269,-0.016772542617840003,-0.07922177945702269,8.0,3.6863821041732505,3.5167416083370377,1.1294295133378909,3.4631468609700646,1.1893387959344142,1.3482107863517556,-0.21878127301386474,0.806855563135545,0.3824832327988692,0.8724558169483299,1.4868648268319495,0.3938380864740783,0.27051086715901895,1.0810014515413862,0.040378016411566894,sdxl_pilot,0.03124999999999999,0.039193231127440664
sdxl_0080.png,560,3,0.5643252484008415,0.4080064879024897,13,0.01330867952505066,0.41253768163686455,15999.936340785378,2.291534791251324,79.43549981767663,45.88012272242311,,260.9204621677842,2.0,0,0.1252813694922288,-0.015648002749863554,-0.14092937224209234,9.0,5.956187064453271,5.903668893566848,3.765971593888686,5.039476101788283,2.5749978782514726,9.062339154652932e-07,3.7659706876547707,2.102885995790353,0.4721118824611197,5.714502925433142,-0.8732854005836153,12.212450757217974,8.863469852627691,87.44433117188917,0.1847350028378469,sdxl_pilot,0.175,0.12511960672186406
sdxl_0081.png,321,3,0.8419500551509792,0.6619767197036228,110,0.19073799124523072,1.3795522453012445,589.3840553059509,56.99858367549821,0.8840163047604506,0.7539131868130833,0.3927118397546587,0.7105873089223665,1.0,2,0.0015696968607233908,0.09905733842224751,0.09748764156152412,5.0,2.1068119395353566,1.5912183132273177,0.6827763427199396,1.825314766339009,0.7714927221662506,0.4851339407595834,0.1976424019603562,0.7570447377294798,0.014447984436770867,0.556680099494475,0.03689232845804802,1.6581627738265752,0.42937074101405226,2.015837659125867,0.2377237369300576,sdxl_pilot,-0.012499999999999999,-0.013710124375168942
sdxl_0082.png,522,3,0.8178666866194039,0.6438861455469164,143,0.18732385115573918,1.6631691662315264,4644.745099915126,7.882337021294986,5.342973831364574,3.269540446094588,0.4392262243623632,0.8864464759998786,0.0,1,-0.17510663017425032,-0.035193109084661334,0.139913521089589,2.0,11.641525633057407,,0.8021911660834666,5.820762816528717,0.4010955830417333,0.1310736942893458,0.6711174717941208,0.2468035348126829,0.1542920482290504,6.943951852814989,1.5628201905046195,2.0737243835380155,1.1687437468637678,6.9021835975874115,0.04149381849533649,sdxl_pilot,-0.175,-0.17930346441890543
sdxl_0083.png,447,3,0.8458125027968777,0.6383805442933163,179,0.21290502870356606,1.4439441038001828,1537.9888387462734,23.506988942053404,7.727211218796754,4.770516901333786,,0.12280480984947706,2.0,3,0.2725398324692814,0.051934151995238986,-0.2206056804740424,7.0,5.53417569811376,4.953466766707324,1.6365166177802575,5.906268600223102,2.649152917299293,2.4197094392887553,-0.7831928215084978,2.0036794899400845,0.6454734273592084,1.6637302950855117,2.235642698027516,0.9558964995005016,0.9925407925088017,8.896126178924499,0.12598679603450436,sdxl_pilot,-0.175,0.29043745996512993
sdxl_0084.png,257,3,0.8248854765431672,0.6482410819124963,62,0.13351704277838286,1.0372119421567025,1009.822598879221,35.165499034376886,5.076656368117824,3.0397829454407725,,0.24186562229943856,2.0,3,0.6213975711906881,0.138293188813023,-0.48310438237766506,9.0,7.488155160325444,5.829105560364047,0.5910467914843589,8.37617724777544,1.7238415933969637,0.38135860316880077,0.20968818831555813,1.4865462338456519,0.23729535955131187,2.599812465061996,3.1293386278267334,0.6394674620129324,0.5398017301944016,5.797758297950375,0.038057741841200886,sdxl_pilot,-0.13125,0.5192211701289061
sdxl_0085.png,618,3,0.7617665430491218,0.5464716287252234,198,0.17603486570317695,1.166974681281888,931.7480115091818,37.90909413252444,0.8370049063017007,0.6275548940753264,0.7020578051663882,1.8773318249705608,1.0,3,0.07474014000453377,-0.00596316065463065,-0.08070330065916442,9.0,1.0908505213514643,0.9388174009622047,1.4052462540481803,7.335386170465959,1.6445213927261193,0.33930756779708027,1.0659386862511,0.5979156704218354,1.046605722304284,0.011554912365358216,4.226252249130388,0.7136418867964206,0.3008071624861456,1.4087091783254655,0.30886946771289164,sdxl_pilot,-0.09375,0.060541740275551925
sdxl_0086.png,615,3,0.7083287165390231,0.5163477711484301,70,0.04982253888102658,0.5745678898807209,4480.331537863642,8.170630948217044,80.57682129894188,46.56802102546193,,38.681246123604566,3.0,1,-0.3488120493538327,-0.1780514666412596,0.1707605827125731,2.0,5.642133389522469,,1.0084912325466249,2.8210666947612593,0.5042456162733124,0.38371897908375896,0.6247722534628659,0.38371897908375896,0.12052663718955348,1.7885978705453396,-0.6598348488283503,2.128307508300543,2.1561381890171694,84.551720212353,0.06820367005516631,sdxl_pilot,0.175,-0.3545113305815001
sdxl_0087.png,291,3,0.8688337006951083,0.6826956757175168,85,0.14719974854167875,1.4401925931789092,2254.390860073776,16.157782641995045,11.037909105249668,6.9313249377495225,,1.5473748521743926,2.0,0,0.17988787136404805,0.015411590473366377,-0.16447628089068167,2.0,21.139597660134477,21.139597660134477,0.6156842204884772,10.56979883006728,0.3078421102442386,1.6989569482748128,-1.0832727277863357,1.6989569482748128,-1.3911148380305742,16.54217500329257,6.4070139729237985,2.129556712774123,2.2158426411695573,12.628168399251317,0.08829460125378615,sdxl_pilot,-0.16249999999999998,0.19793071139008023
sdxl_0088.png,604,3,0.660984055370788,0.47479260163241066,71,0.05948447140317488,0.678174788650505,15999.936340785378,2.291534791251324,30.72831702930906,17.808704440624982,0.8081083338224125,83.58102132332974,1.0,0,0.17940724702682276,0.054419916721934025,-0.12498733030488873,9.0,9.416757593463588,6.3189628146431485,2.4285145570288837,7.409437539385813,2.6491546332594242,2.649154573783629,-0.2206400167547451,2.64915465010767,-1.6848245909528714e-08,1.696848704891405,-6.533458314927399,6.023772026206337,4.936499980989277,38.241064978925266,3.4106187014802267e-16,sdxl_pilot,-0.175,0.17874973667255045
sdxl_0089.png,262,3,0.8968287212657335,0.7353038475190079,89,0.24215284099345863,1.5753369931598282,898.9291382684441,39.189335034071604,1.5007591269806255,0.9883559417419758,0.47854636520404353,0.4215163523072983,0.0,2,0.10887700469403394,-0.08053633705436436,-0.1894133417483983,6.0,6.223615332985993,4.394293606470214,0.8135521020866863,8.480810710406884,1.0111898194579094,0.2604782224214137,0.5530738796652725,0.5554215573750647,0.4557682620828447,4.645680306522824,5.73280108102423,1.7609018545823396,0.6730300392500008,2.9146662994482617,0.13814593586508306,sdxl_pilot,0.175,0.0810474455846828
sdxl_0090.png,582,3,0.8521094607042671,0.6874823000574785,130,0.1520148853853476,1.382259408564069,80.00046220075686,151.92735728683144,86.23663070220074,49.81294014669483,,93.29136233160656,2.0,3,0.27860400685828224,0.08859751479492961,-0.19000649206335263,3.0,4.17941286004139,5.127872610598942,0.36197658997876037,2.566580700683195,0.18098883286406986,7.884679744663003e-07,0.3619758015107859,6.737464119943581e-07,0.18098815911765787,3.7363159796454513,2.216834299053599,0.19443757632808542,0.14648098994246442,86.56686806466033,0.5422152434475708,sdxl_pilot,0.0,0.27860400323889567
sdxl_0091.png,471,3,1.0316801335310768,0.8726188446406002,188,0.297845319554109,2.1065826525226825,1018.6607288402989,34.8789665289705,7.349356224083792,4.963435293635621,0.4663327226023153,0.25810877214862804,0.0,2,0.7282375401938221,0.15262113195839344,-0.5756164082354287,7.0,8.388920262672759,8.280989662642632,0.3509072663928121,10.47806570321464,0.5785510584538378,0.05806658793121633,0.2928406784615958,0.07614306166984797,0.5024079967839898,6.8584304937677265,7.788131094976892,1.2982124114467959,0.6887501040878373,8.164161125314074,0.027224712617329866,sdxl_pilot,0.08749999999999998,0.6068635703889558
sdxl_0092.png,381,3,0.9723019920305843,0.8014128869823718,113,0.20919481751317848,1.4689257244334764,296.45396326082573,94.37480528447074,5.717109947905229,4.323305406530276,,0.9892510963237882,2.0,2,0.09664065578381464,0.1566617542678609,0.06002109848404624,6.0,5.277621771308205,4.659194534166536,1.1525967070250323,5.387588665953704,1.6144380183020064,0.2765620459624092,0.8760346610626231,0.5980937029293973,1.016344315372609,3.5360108607584353,2.6758870090963365,1.16689873598566,0.6660989850178971,6.848003685896676,0.1062447338864854,sdxl_pilot,-0.006249999999999999,-0.00525567352046219
sdxl_0093.png,571,3,0.9748865309570026,0.7728535241925729,209,0.31820462109370795,2.075998161214197,1150.9170080219687,31.076026914210914,0.5197972355028355,0.3851026091444584,0.979435520760015,9.326872203937125,0.0,3,0.1861174728843651,0.15218716362033557,-0.03393030926402951,9.0,3.562791520055833,3.4043394029582026,0.3248862334990221,2.9637107933255935,0.5056172805658612,0.4792827521341305,-0.1543965186351084,0.91845932218656,-0.4128420416206988,1.6723929340466288,-1.8914709249854011,0.5536519994305792,0.4015239394272888,1.3947632885275016,0.2838824961713535,sdxl_pilot,-0.175,0.15041614913465795
sdxl_0094.png,808,3,0.9563868083688928,0.7917647739966832,241,0.2501321275458606,1.7914261739013444,550.0944801697771,60.37469053291767,1.4876641350900286,0.9120761514369299,0.06835888879067065,0.6187821676151901,1.0,3,0.17987796897751152,0.009789724273545963,-0.17008824470396555,6.0,4.3450307681328795,4.254386600414545,0.12365982787798746,3.7460619698094644,0.22199677338295887,0.09752701987885048,0.026132807999136975,0.9983247686923113,-0.7763279953093525,2.989586303332813,-2.2920229855013905,0.28567738535418774,0.08772372249644766,1.614008854265831,0.007784637186971582,sdxl_pilot,-0.012500000000000011,0.17441375056581343
sdxl_0095.png,283,3,0.8881409877608989,0.6963990888081948,119,0.2718729690616229,2.1037404181422366,656.1630521363707,51.99547073289136,4.645328297630982,3.0588197990779094,,0.275581182180995,2.0,2,0.05213479291381262,0.17335633167569842,0.1212215387618858,4.0,5.3065993373302005,3.315000266019181,0.10575849374193735,5.248516239024715,0.10575849374193735,0.06413508185578909,0.041623411886148265,0.19791559994131225,-0.0921571061993749,1.1115022476704768,-1.2011865068730332,1.2606903230981044,0.2995052843158191,5.3471288777821915,0.016538411471033146,sdxl_pilot,0.02499999999999999,0.6541498267082713
sdxl_0096.png,785,3,0.9107906051646697,0.746821303243958,279,0.28786029964173454,1.9670352765941375,1021.3392690777493,34.79301944420074,3.450759981534091,2.4897647053179046,0.2515305901370907,0.40330790214741746,0.0,3,0.19263780752934834,0.0768476348972148,-0.11579017263213354,8.0,8.609033816525868,7.4104890488598,0.5665406864721358,10.459416024257655,0.6968442665704333,0.09367865091758754,0.4728620355545483,0.24699214532610503,0.4498521212443283,6.46663288124993,5.601552753663827,0.8102552004890071,0.2425652962763518,3.9434337394943797,0.015990453719693216,sdxl_pilot,0.05624999999999998,0.36964697339715336
sdxl_0097.png,176,3,0.7839917225672282,0.612546350814845,38,0.10126435070461372,0.9380022605157867,415.00026754470446,75.27047178614662,0.48539188316338766,0.3132862655753441,0.26219236941736124,1.5392386271314984,1.0,2,0.43955617919013024,0.1366800635143789,-0.30287611567575135,5.0,6.683781884775388,5.659331324307336,0.1946303555774893,7.252562236786389,0.23779351687468653,0.05994558104281866,0.13468477453467065,0.04885585761216005,0.18893765926252648,5.287604808038456,5.938251877222654,1.1057086180377143,0.140640590474361,0.5620614003271638,0.01765097818604823,sdxl_pilot,0.006249999999999999,0.41014990292422304
sdxl_0098.png,459,3,0.7114110133624718,0.5053378394385453,56,0.05965142031900602,0.6716308379764558,2198.426836905015,16.56346565000564,3.172863448599088,2.084216245799406,,0.02470874492360206,3.0,2,0.6506665658408595,0.35704916490212657,-0.2936174009387329,8.0,6.26196610651361,3.0728316666386477,1.275472106907332,8.635719663933981,1.9127192803378543,2.433316309743989,-1.1578442028366571,2.4333163685913783,-0.520597088253524,3.7377131731968194,3.1114625056434733,1.0238058817535225,0.9105086125685083,4.503846903817975,0.2654039269532322,sdxl_pilot,-0.175,0.6217030993302761
sdxl_0099.png,248,3,0.7869808310544292,0.6189316024098985,48,0.10910947802575682,0.9839712837824879,631.622676874703,53.73642755602853,2.2970195652993795,1.6214201962939963,0.4598811617309318,0.08822854515692027,0.0,3,1.4177554521766824,0.22806681299197695,-1.1896886391847055,5.0,2.301984699819781,2.510480743679465,0.0828817652808218,3.1578156577144036,0.10061367841709146,0.11694630051986543,-0.034064535239043625,0.173754095259107,-0.07314041684201555,-0.26252979704198953,-0.08837177967022436,0.5707805114847367,0.4858144523625555,2.994456916952247,0.01039392247595614,sdxl_pilot,0.13124999999999998,0.2116167107804785
sdxl_0100.png,748,3,0.5773329870255041,0.41149394208144147,25,0.022683654754095273,0.41351717299675983,15999.936340785378,2.291534791251324,20.0847561181656,12.241021665995598,,6.209421019089875,2.0,0,0.041281677635066405,-0.07693247386362279,-0.11821415149868919,8.0,5.205932155771059,4.633037840051549,0.8166042085836356,6.180843384650592,2.3635314475116758,3.3359865019204644,-2.519382293336829,2.6491546510198245,-0.28562320350814874,-3.769078580909131,-7.5659098418931325,3.6748097550457253,3.1487650695072626,24.553917291562982,3.4106187014802267e-16,sdxl_pilot,-0.175,0.041112540677491705
sdxl_0101.png,149,3,0.7285365139587203,0.5462618755924469,25,0.09470270134230639,0.8308037404583604,964.6250915959496,36.704988915595386,1.3571095298044185,0.8069281051217329,0.5474473876611837,0.3605867133262403,1.0,2,-0.11564711104537695,0.14657580294990258,0.2622229139952795,7.0,2.0737230380670097,2.1152882679409206,0.7759046219440409,3.0348180298489242,0.767246003383828,0.6179794756425068,0.1579251463015341,0.7846526491485073,-0.017406645764679318,0.7035883524600559,1.5346607636843839,1.6239609638848012,0.7379436696160316,3.1174004921154177,0.28660824298303483,sdxl_pilot,0.175,-0.17105131702344756
sdxl_0102.png,456,3,0.6660989936927205,0.4716585985450647,66,0.0802883938021307,0.8152425925336623,15999.942308591517,2.291533936761378,8.636507056781767,5.568041658685142,,2.347345255461965,2.0,0,0.2335749418300508,-0.08449539582996435,-0.31807033766001513,8.0,3.709001672754031,3.841801584202923,1.9316160256502601,4.55094526590108,2.649153758468326,0.9978661251030063,0.9337499005472538,2.3065564354898203,0.34259732297850576,-5.364332708185371,-8.449759440584451,4.466795149407802,2.47742249179772,13.516319838424003,0.15299292482978907,sdxl_pilot,0.175,0.23389926808912875
sdxl_0103.png,464,3,0.7197303311049371,0.5568171470449907,139,0.14500008850216792,1.4965627251648002,8918.700001377345,4.109744201611341,66.53248990257059,39.39680511810382,,18.94197079029135,3.0,0,0.5927270920676568,0.1865748433968739,-0.4061522486707829,1.0,,,,,,,,,,,,7.495163859670083,5.371606576172304,77.25289321326379,0.17389398277942708,sdxl_pilot,-0.175,0.5976242170593244
sdxl_0104.png,243,3,0.7699796759539851,0.5738741527289024,62,0.13952611939769433,0.9095458763836057,1528.5901125890982,23.647467833895796,4.102772903755167,2.4408151170228307,,0.3711598111240765,2.0,3,0.7486503889475132,0.14959004324264547,-0.5990603457048678,4.0,2.5956966766298226,2.694502190458044,1.159345432962216,1.5988498541520142,1.159345432962216,0.32171119884974875,0.8376342341124672,0.6269496922236715,0.5323957407385445,0.49747747515667573,-1.405818082047581,0.8929492042388976,0.8929445590112673,5.447912739257957,0.20930322418004302,sdxl_pilot,-0.175,0.7162570212780598
sdxl_0105.png,694,3,0.7471121185262131,0.5567602316151748,121,0.10979575243359689,0.9684999417346519,772.8343006045599,44.9850082943975,1.3980198796867427,0.8265511869481528,,2.7334661315355064,2.0,3,-0.0079921074849848,0.02552798968859593,0.03352009717358073,7.0,5.190071914184098,4.249103804855644,0.2522260376280334,9.001826421068184,0.2933076489500741,0.2338979934991312,0.01832804412890221,0.4887510257706631,-0.195443376820589,-1.1195318046598173,-1.037657293275279,0.42588148655235647,0.09651822161173997,1.5691937762596375,0.009635021388784755,sdxl_pilot,0.0125,-0.0026879091571098135
sdxl_0106.png,497,3,0.7766988813286835,0.5829265946621558,133,0.20024211677685516,1.6413464634407082,2156.6004952893613,16.8801229687623,88.4107449847852,51.04544159321109,0.0847470257611137,44.4817159570753,1.0,3,-0.08194636096659469,-0.12993867519094127,-0.04799231422434658,4.0,4.057029150671159,3.9708317937754183,0.3794320111329683,4.031086866948654,0.32379611323753643,0.40548636083419654,-0.02605434970122822,0.43064629803700516,-0.10685018479946873,2.5688862837538715,2.2324787702932887,0.529782966299766,0.3236440617177083,89.03033787203906,0.25213341728028515,sdxl_pilot,0.13749999999999996,-0.02432369629018516
sdxl_0107.png,189,3,0.8207377665506952,0.6406675373669329,82,0.24485131886195333,2.1756606560476106,2147.9805029593786,16.946882562464953,46.93153082039106,27.3992789315535,,34.68518992608451,2.0,1,1.1684933692275608,0.16440461112682547,-1.0040887581007354,2.0,2.3998091535213333,,0.2997298938645834,1.199904576760703,0.1498649469322917,,,,,,,6.30309105066192,3.073524570684938,51.0964402654828,0.13160072442073442,sdxl_pilot,-0.175,1.1862758849042012
sdxl_0108.png,571,3,0.8700890388913487,0.7119164650508609,138,0.14974867953302728,1.271414519334152,2715.9226518018727,13.439636138223571,89.41123968862692,51.62213352720064,0.04104835551649765,227.3525800179903,1.0,2,0.14094663746105074,0.04392610199328384,-0.0970205354677669,7.0,9.289205426376208,10.004360378257147,1.312111319547867,10.6405096102117,1.9580399822033159,0.7623093341928247,0.5498019853550424,1.1753037154507053,0.7827362667526105,3.210045146457489,2.089523286301942,1.2605674218440712,0.11072050325364345,89.6072164018137,0.38806252097174554,sdxl_pilot,-0.175,0.15556759748272708
sdxl_0109.png,252,3,0.7896172074510965,0.5826344326392897,54,0.10519282566907019,0.8299770330826334,1083.462988827609,32.90893388655512,2.8813612515916702,1.776491222307811,0.4901811194215423,1.0990735025282048,1.0,2,-0.21405906735769753,0.047058427727683316,0.26111749508538085,7.0,2.8201698982511703,2.9795929588819936,0.36827071298981195,2.5152999969388765,0.9129114102308686,0.32645828488981454,0.04181242809999741,0.5962856631403222,0.31662574709054647,0.35613751877740807,0.8429834963287479,1.9817314745825594,1.3902137854935834,5.346291857781119,0.34758857287853445,sdxl_pilot,-0.03125000000000001,-0.21837478552848533
sdxl_0110.png,514,3,0.8486769867139666,0.6749016354304891,101,0.1414878849649484,1.2398261007886402,1984.35194432327,18.321499137310685,89.07585771727145,51.487991184715455,,3266.7992461138488,3.0,3,-0.036458491692524575,-0.08687089123418312,-0.05041239954165855,1.0,,,,,,0.3410043186424332,,0.3607315507941036,,,,0.7472810169930457,0.24403687913751762,89.45362047300246,0.47040522360106884,sdxl_pilot,0.175,-0.014467282456010588
sdxl_0111.png,421,3,0.9017700432275783,0.7477542048256246,179,0.32381335719713433,2.312325476136695,507.9048926436737,64.42507232831743,1.0182397356312975,0.6610107308318137,0.0345218463855618,0.016987151731938818,0.0,3,0.1014468366141662,0.07122368541253021,-0.03022315120163599,6.0,10.742909988632459,8.359346106009022,0.3706270942417671,11.794502544277993,0.9549599306861101,0.06000693766927734,0.31062015657248976,0.09069309973416217,0.8642668309519479,9.488435201525165,10.380982485364516,0.4945574327173643,0.27834228583827425,1.2635820435940046,0.01059484363038965,sdxl_pilot,-0.01875000000000001,0.0668761684078002
sdxl_0112.png,188,3,0.7190914495088107,0.5687126600993535,41,0.11107079987569318,1.0983242465936875,15999.936340785378,2.291534791251324,12.343879321981973,7.270588998953418,,8.949119503418276,3.0,1,-0.271817211604669,-0.14378929538691065,0.12802791621775833,5.0,9.085545677877455,9.94156269086966,1.915633263420288,5.136078487122567,1.8175989949610845,3.045187699931235,-1.1295544365109471,1.658994103685746,0.1586048912753384,-0.20551177514128405,-0.24830792597825724,33.29612164512203,14.2695166579826,51.228712877550024,0.2877048068042282,sdxl_pilot,0.175,-0.27263312556077857
sdxl_0113.png,785,3,0.9661445470082346,0.7788027441288402,341,0.3540460694987203,2.451583300917653,901.8177069486218,39.07332889296284,0.8901086226196355,0.6384070488410677,0.36995623246595083,0.6105763766872169,1.0,3,0.0881433288603155,0.06524031953727927,-0.02290300932303624,9.0,3.0627277935313666,2.634100526644554,0.5353783509528096,5.449085693132553,1.001451555543483,0.21356582826812254,0.3218125226846871,0.3091013870201986,0.6923501685232845,1.6208089264773426,4.176956713494252,0.8711810891835824,0.5064912485038577,1.9334048921123639,0.1795539760044923,sdxl_pilot,-0.043750000000000004,0.08507395838964671
sdxl_0114.png,665,3,0.8972143701573878,0.7294594530123594,192,0.22405499656721145,1.5361728777098989,554.1219060545463,60.012030036441125,5.732907483690752,4.223102650285675,0.7707042876540391,77.87490622935225,0.0,3,-0.08292011963084767,0.041825368289393317,0.12474548792024098,9.0,5.409973516086591,5.8196454526776655,0.7886864007217129,6.615876960818345,1.7180064372644699,1.0780509428216551,-0.2893645420999422,1.1941973101942116,0.5238091270702583,0.9589539037668029,1.370862270121913,0.22464814118018941,0.1537139720195687,5.895427911356184,0.009764540455928828,sdxl_pilot,-0.012499999999999999,-0.09153379085718871
sdxl_0115.png,284,3,0.9369145367192909,0.7510038835565017,111,0.2705748466248907,2.0564416489961017,357.5355996710238,83.65808893008499,1.7508027609180346,1.212713226516373,,0.038134429700224876,2.0,3,0.18111220362150904,0.11685626035621277,-0.06425594326529627,8.0,5.856970194055625,5.399508554357508,1.0014762593734514,9.235722076550076,1.7304017374521328,0.6132748117894429,0.38820144758400854,1.0325714385654434,0.6978302988866893,3.5763284979768644,6.8557135814775325,0.39573847139985907,0.3227728625749616,2.4300754614697806,0.12139722132560662,sdxl_pilot,0.0,0.18111208720869343
sdxl_0116.png,495,3,0.7710860962504181,0.5716094951764683,105,0.12740816230947274,1.0262735896872481,4216.955607202038,8.679046918766263,88.30578930290814,51.0509514890761,,135.85061596566808,3.0,3,0.04775089548860212,-0.013450715709803163,-0.06120161119840528,5.0,7.402536384408181,7.402536384408181,0.971629159352084,9.552760896524122,0.7917472229737004,0.7211679297981277,0.25046122955395633,0.953648793009962,-0.1619015700362616,1.0912023333625136,-0.4556524532973434,0.8846197813868306,0.5522144783807864,89.25492939843646,0.48888292288759233,sdxl_pilot,0.175,0.050537714764134156
sdxl_0117.png,222,3,0.8017306737599763,0.6191796546468752,43,0.11979879500621365,0.9524463065540226,424.9449560709714,73.96232489907744,0.585055780451512,0.3474022347459646,0.3402139547287948,0.5843024634010306,0.0,2,-0.3613755917726068,-0.05413777734309977,0.30723781442950704,6.0,7.065426518511998,7.065426518511998,0.4211558032982037,12.106790830397427,0.40855827281148605,0.33047961319237196,0.09067619010583172,0.3640348190504663,0.04452345376101974,-3.313364022203041,4.627883481511814,1.2737330449678692,0.14279891048669976,0.804294778938398,0.024249543240197336,sdxl_pilot,0.03124999999999999,-0.37407325867461905
sdxl_0118.png,97,3,0.8207078533826205,0.6619934570724844,14,0.08589413826385431,0.9617249764310004,671.4257497396993,50.964727381300314,0.9941699957630874,0.689722098801775,0.3595398514620302,1.1302137734747792,0.0,2,-0.09165186554823879,-0.12216455384812197,-0.030512688299883184,1.0,,,,,,,,,,,,1.380946618123588,0.37442292772720964,1.5499218798924663,0.01818577808743451,sdxl_pilot,0.0125,-0.10113074701070568
sdxl_0119.png,360,3,0.7998242367022694,0.611687861307963,86,0.1280370818435518,1.0237956822500633,635.3365641801195,53.466053745083144,3.6216028979548582,2.865580580975523,0.5238007076784016,0.6744351797793132,0.0,3,0.03475847258427045,-0.03973368298366853,-0.07449215556793898,7.0,8.122292457048118,7.529469220741399,0.5109585349643933,10.027707350113035,0.5943933014157472,0.05267628578598682,0.45828224917840643,0.2187092896193188,0.3756840117964284,5.79105400509264,4.12243181782281,0.4499681520055395,0.1424738330978865,3.8486033652456655,0.008534851338689638,sdxl_pilot,0.02499999999999999,0.042638621692441925
sdxl_0120.png,794,3,0.6590360264265089,0.48866513965563935,38,0.03026917094482686,0.4617477768154239,15999.936340785378,2.291534791251324,17.622900730933836,10.438474218746304,0.9809378835506235,90.95496468591112,0.0,0,0.09247339192528159,0.007715582371207175,-0.08475780955407441,9.0,6.54882094558616,7.041334100869309,2.644678097263099,8.794126754422892,2.6446781561388866,1.871213553519361,0.7734645437437382,2.649154519509259,-0.004476363370372383,0.7215897304814316,0.8876972300564416,4.327103795807319,2.2610367852266826,22.037125900357008,3.4106187014802267e-16,sdxl_pilot,-0.175,0.09138248441944541
sdxl_0121.png,147,3,0.8026639019397791,0.630466619315228,36,0.10171638836155876,1.0337053948206587,1359.6260824038573,26.488065890324783,0.5415198351124246,0.34480232265447597,0.7402198605546455,1.7720314430133919,0.0,2,-0.34020620701176074,-0.1903987543896506,0.14980745262211015,4.0,2.6050334354552414,2.67434492520243,0.23793908481155857,2.576620133443142,0.23793908481155857,0.7065858898745381,-0.4686468050629795,0.7065858898745381,-0.4686468050629795,-2.126152300934029,-2.106401091940163,1.0255118318979592,0.351316568430149,1.5438671453484627,0.1062310022634443,sdxl_pilot,0.08124999999999999,-0.35712241125200994
sdxl_0122.png,531,3,0.7707447242514316,0.5879692195037405,130,0.13507876182928752,1.279276789521451,6807.258898617208,5.382830950446946,17.396224313926325,12.36406453171669,,7.788422928719562,2.0,0,0.08920390423402436,0.057531619862001615,-0.03167228437202274,1.0,,,,,,0.3015015583893108,,0.3072304180418115,,,,2.9360716163714304,1.0684975813002953,18.710499741164057,0.0685573519872393,sdxl_pilot,0.175,0.08763446340166914
sdxl_0123.png,376,3,0.8914263100808567,0.709001057057633,163,0.33583331023659224,2.2064763294535368,408.0231968988924,76.2119901329867,0.8856835958220444,0.5904835004797316,0.11025179323755711,0.31787101924323385,1.0,3,0.5072970690797414,0.21819941577942314,-0.2890976533003182,7.0,6.523695948584578,5.578956349465429,0.8482218556943746,6.421948101911227,1.2301102908522838,1.0914213696380988,-0.2431995139437242,1.4383188527748016,-0.2082085619225178,4.056722243655814,-0.10853850460437453,0.6037714818914688,0.2250160501402132,1.4591984684352401,0.03538533778895201,sdxl_pilot,0.09374999999999997,0.5432576008497668
sdxl_0124.png,280,3,0.9128430631529453,0.7176176306418829,98,0.26226015197629204,2.0811418482675723,404.0783163037128,76.75321484824798,7.618239456327316,4.856323447117763,,139.91263348131278,2.0,3,0.31018807621181055,0.04520843263597785,-0.2649796435758327,5.0,7.522886844963541,6.065492250785747,0.5683537509608274,10.297993604322558,1.0379210705525597,0.049497777228378226,0.5188559737324492,0.06044804563460371,0.977473024917956,5.887243627476151,7.404826472391464,0.6208710562958142,0.13269957120868262,7.914504901668743,0.01082940851041505,sdxl_pilot,-0.05,0.01876575430177274
sdxl_0125.png,606,3,0.7573284461112435,0.5457055170052828,146,0.15364142276860548,1.3122855985363668,1831.0630800777462,19.826012624741026,2.194395149602343,1.3955701756530652,0.2566491520262181,0.35594133059944183,1.0,3,0.20893363932443965,0.1935379365881016,-0.015395702736338057,9.0,5.374731635763914,5.269943634966638,0.5263596467585772,7.170725002169581,0.6906182201439415,0.9411779404301428,-0.41481829367156564,1.899220180122339,-1.2086019599783975,2.306471133823883,3.840913695564678,0.6350685534916153,0.45621598584000744,2.7637472912260623,0.17182378863348818,sdxl_pilot,0.175,0.20887145478400249
sdxl_0126.png,530,3,0.8239490270741664,0.6588828887977264,61,0.05437448154753944,0.7361618551916429,896.3845539521288,39.29207618824217,5.222439106730192,3.9506810779379795,0.25658752089095194,0.31502586488604123,0.0,2,-0.0915218772164691,-0.04120458656388104,0.050317290652588054,2.0,12.402717719553664,,0.2981225780650876,6.201358859776844,0.1490612890325438,0.5563774881160852,-0.25825491005099765,0.5284467350757032,-0.3793854460431594,-0.6047917181827192,-1.3256386723113813,0.6699586062115163,0.16419045023132112,5.4142135427780875,0.012938126349743333,sdxl_pilot,0.018749999999999992,-0.09494698200192997
sdxl_0127.png,296,3,0.8003811671105533,0.6163770736674054,70,0.10873192071332938,0.9684402230915273,4230.034575733876,8.652313951514289,7.609793920494155,5.686710758006411,0.79976746781419,23.105574546418296,1.0,0,0.47691390460317207,0.16841548443323529,-0.3084984201699368,6.0,11.447630621945196,11.419374136272644,1.9742731460447906,10.767065758241898,2.326340751293973,1.3680560222846303,0.6062171237601603,2.3976579151763238,-0.07131716388235088,3.0245598028323,2.5747070139352175,3.268895667865772,2.247759610249288,12.300217653472027,0.1592914943063721,sdxl_pilot,0.175,0.46901932505626365
sdxl_0128.png,506,3,0.952511258166328,0.7772811554636129,161,0.18922477816510952,1.4989925798977026,844.8379716045886,41.49045443753318,5.909446863798635,4.986366942331594,0.21336386728961396,0.22553165462641112,0.0,2,0.14553086501725387,0.0924718654215343,-0.05305899959571958,4.0,12.795769590193572,7.132124388841662,0.4988523311316282,12.503049302007343,0.4988523311316282,0.19686288167237542,0.30198944945925277,0.25355721002393405,0.24529512110769414,5.619430282488269,3.5218353363282624,1.489077876928485,0.5531263093663831,6.8928542417915,0.024619783832059466,sdxl_pilot,0.09374999999999997,0.16594093774153063
sdxl_0129.png,298,3,0.773501307554891,0.5919621331953374,108,0.20899715388247136,1.4601780211120996,399.6172583065414,77.37313427466756,0.8306812339636593,0.5104685532348091,0.5173729519141433,0.9939581687980854,1.0,3,-0.06200599452216904,-0.024703402933189622,0.03730259158897942,5.0,3.539560643906153,1.9529598459508695,0.26362166056125025,3.1670893011056167,1.203423821881065,1.0407636809673462,-0.7771420204060959,1.0407638159805406,0.16266000590052432,2.1462944708566236,1.9504150227954964,0.3556118572161834,0.20687343870798527,1.1900475102113333,0.08554821256722521,sdxl_pilot,-0.03125000000000001,-0.05947635006707619
sdxl_0130.png,437,3,0.9644912059826689,0.7818459368762364,168,0.27870294753422675,1.858704505999504,940.5167799738048,37.580560755792355,4.554775469357665,2.6710259317799636,0.1724001340636227,2.4679672216030513,1.0,3,0.02883965002095512,-0.013109707648768731,-0.04194935766972385,8.0,8.486905936666973,10.829624647131455,0.4400384247710831,8.41396982832094,0.5245240803384648,0.26608905739947364,0.1739493673716095,0.34517835309098466,0.1793457272474801,2.72035677985426,1.383457446568035,0.4827739542661505,0.19890369348216919,4.913851074814623,0.009787189779166008,sdxl_pilot,-0.09375,0.011995298221948225
sdxl_0131.png,374,3,1.0517117809863037,0.9002440172690657,168,0.41087318210484397,2.4685651450605413,833.7384898641066,41.994942208437045,3.960371401429171,2.4645182805003554,0.4256275618435129,2.8520071691411433,0.0,3,0.1652130803825369,0.03661541524768386,-0.12859766513485305,7.0,8.400464104005492,8.75500580550198,0.2887889467778164,8.901717108486764,0.37268052233458393,0.03682139252448291,0.2519675542533335,0.07063698859703882,0.3020435337375451,6.123378167771655,6.579846793551752,0.8376872300363212,0.5237743345885516,4.973167253234303,0.01490866718774798,sdxl_pilot,0.15625,0.37639590761072084
sdxl_0132.png,312,3,0.8464173061087076,0.6376278041583588,84,0.156738116754605,1.113035041772439,2560.535809477842,14.247081419303143,2.3804250283805715,1.5105172500835091,0.762903801051832,0.3046090162334311,1.0,2,0.2685012022767823,-0.025767346979086447,-0.29426854925586876,6.0,6.540213621801241,7.08277517274126,1.0984744214385804,7.816520708584176,0.827941472723873,0.3909376729279934,0.707536748510587,0.3909376729279934,0.43700379979587956,1.8926465732295625,3.203866333281911,2.5437912179391713,0.970416984328856,4.230944631146039,0.17798808509991465,sdxl_pilot,0.175,0.25206985927515957
sdxl_0133.png,745,3,0.8524000625854901,0.6798103423424928,287,0.27941827499679306,2.304968007767352,4319.882449194847,8.473019316647282,7.925695518705581,5.455212988862016,,2.5574876958093857,2.0,1,0.38517836985534526,0.09669166308607813,-0.28848670676926713,9.0,12.811408323432076,13.254898766739288,0.589472022392604,13.112650374265419,2.271083561404629,0.4007408043026608,0.1887312180899432,2.185430889950003,0.08565267145462618,7.674808721500094,7.344451759595103,1.6879385483220233,0.9812912285462858,9.516387878950772,0.08731152478031022,sdxl_pilot,-0.175,0.3859304905308476
sdxl_0134.png,619,3,0.9656096218174643,0.7845311856860625,235,0.29372689324902157,2.4131436297799858,2336.2741896400894,15.59856741284512,89.44944779852852,51.64413983593699,0.043362223107856514,324.31060958590837,1.0,3,0.48255830857799686,0.22171185385394565,-0.2608464547240512,5.0,3.7240909463959295,3.622101138604254,0.498661617448104,2.7753343074773658,0.5602513239181817,0.9252984590612194,-0.42663684161311544,0.9252984590612194,-0.36504713514303777,0.4555096300610493,-0.46972649935238087,0.8545834509410983,0.0771329584709353,89.62642640820013,0.16588671938731436,sdxl_pilot,0.175,0.3943579194296807
sdxl_0135.png,470,3,0.9128844942050848,0.7324254874321463,166,0.2187138818487605,2.0362372963415956,428.93258304455367,73.4486736544076,3.990806354005997,2.4259553374220424,0.51859293839696,3.163208668344547,0.0,3,-0.11170704407538756,0.143167034865177,0.2548740789405646,3.0,7.166740452716114,6.021638178521659,0.39523719003996227,4.349557201301482,0.337156660115852,0.028438261443933577,0.3667989285960287,0.03749634110864575,0.29966031900720624,6.285313699822788,2.9726180319457254,0.3976982993576675,0.17751676855005186,4.244144731957602,0.008665407858664525,sdxl_pilot,0.0,-0.11170705662480718
sdxl_0136.png,600,3,0.8976088248450333,0.7073279333680957,167,0.20247459858686417,1.4245998735299155,1045.0594755612324,34.04945587157672,3.0760730532947065,2.006409843554069,0.2988767822811314,1.0852568368996665,0.0,3,0.3947695771100308,0.1167578604838666,-0.2780117166261642,5.0,13.269031804325717,12.890438244834302,0.4239810611727117,14.045040298588022,0.3512505387941385,0.11670214787770661,0.3072789132950051,0.21979525244274134,0.13145528635139714,10.395577702453142,7.768858066463898,0.35078093213857886,0.11308371145116836,3.2588627378115356,0.007027617273648917,sdxl_pilot,0.1375,0.41528426184390743
sdxl_0137.png,249,3,0.6861568195795448,0.48127561543278485,57,0.12029562411657155,0.9472861114306361,1225.8943287604684,29.259380731089273,1.0038424726548953,0.7743716554991603,0.7389883594053976,1.8500328981493919,1.0,3,0.3809517387794906,0.10714638356123574,-0.2738053552182549,8.0,1.5450928730372784,1.4159134583929613,2.446126321967719,6.324478454431459,2.037746550709135,1.9948967080873428,0.4512296138803764,1.8467879278398036,0.1909586228693314,-0.5294119044662864,2.980754082716592,0.42739662949264656,0.3912100763274874,1.6688039055400217,0.19323989579992495,sdxl_pilot,-0.175,0.36112023166481977
sdxl_0138.png,307,3,0.5850605402631975,0.36628665815617023,21,0.020511237420440864,0.3471706803365245,2190.002259098963,16.62629376880334,1.9621007140800657,1.373450675441124,0.5731879120121715,0.21675132591285773,0.0,2,1.0778543219888184,0.20477214018395884,-0.8730821818048595,7.0,6.739938587427118,3.4760168195434895,2.557784172016069,8.160594955710247,1.8229485939445347,2.6186031508977177,-0.06081897888164889,2.2251142808641937,-0.40216568691965904,0.8977599546172126,1.346873286035625,0.8416324006121915,0.3141779165023015,2.3524694498621646,0.08762916007110148,sdxl_pilot,-0.075,0.9540715559419991
sdxl_0139.png,385,3,0.6738954225944875,0.5039160129624165,59,0.07819681737986038,0.7553162911834728,1159.5373131009412,30.856044112095116,0.19875257786780764,0.1347038244324531,0.5262573695598639,0.5273589939717308,0.0,2,0.4050956305579023,0.05757615149417483,-0.3475194790637275,9.0,4.553172616442592,4.4177839245516966,2.3146005095490536,4.536110208893637,1.750189453584719,1.4590786541157468,0.8555218554333068,2.0567267119096204,-0.30653725832490153,0.32528913577886787,-2.1946611335901336,0.5147569431970118,0.26333986138346493,0.9294254184031008,0.05567148858564026,sdxl_pilot,0.09374999999999997,0.2534228438801587
sdxl_0140.png,1201,3,0.6480307051540197,0.4898887162025244,71,0.0404182526975324,0.5703832120948386,15999.936340785378,2.291534791251324,65.34115173705919,37.731223170666155,0.6046782055275975,47.3303466122942,1.0,0,0.0868741666837134,-0.02580870258213097,-0.11268286926584437,9.0,10.542893629055477,11.741083668811672,3.853310761068384,10.618673949560765,2.649154663445281,3.6682644820037345,0.18504627906464943,2.649154663476947,-3.1665781108358715e-11,2.2588637776006433,-0.5600350261931766,19.56082755406738,9.350872665499368,84.52719117379235,3.4106187014802267e-16,sdxl_pilot,-0.175,0.08652592916780577
sdxl_0141.png,287,3,0.8765858723399466,0.6810696989448551,43,0.07076383793583298,0.8413541258974101,276.86372647408206,98.26733697564843,2.7797891606199983,1.947065124044952,0.5360285074309845,5.494691621020945,1.0,2,0.35106748250217645,0.10893294282793509,-0.24213453967424137,9.0,1.6203674678039308,1.463318045938447,1.3280823835892264,2.6269319736148207,1.676255144089641,0.4313146022655059,0.8967677813237205,0.717025833079993,0.9592293110096479,0.6404162594394147,0.767931319643234,0.7692568865891339,0.41504306120288165,3.5954318899897726,0.14322858959008403,sdxl_pilot,0.0125,-0.02953143059139729
sdxl_0142.png,504,3,0.9174540964982166,0.7532088529882975,141,0.19112233050755925,1.481755382800705,999.6512639554107,35.50094698092634,1.6207925495538547,1.284615239490492,0.18346655774690734,0.23368963195835274,0.0,3,0.27836315050297655,0.07692888331225578,-0.20143426719072077,9.0,5.8198598546223135,5.464683459382626,0.2085865104991873,8.453907981880574,0.29647375937077447,0.11557924560411825,0.09300726489506905,0.258053869593565,0.03841988977720945,3.179970269159665,0.18689123362557147,0.7379475522015339,0.3913460636005666,2.2149124462118177,0.016551031930732627,sdxl_pilot,-0.11875,0.27606161420837494
sdxl_0143.png,401,3,0.8395963492994816,0.6589133039117719,97,0.09954377700823057,1.165442784304164,80.00032458428674,151.9274036682336,79.40205947015869,45.88189721022756,,331.284140197969,2.0,1,0.6064495914546091,0.11499704506040898,-0.4914525463942001,1.0,,,,,,0.8878617066563423,,0.44393085332817117,,,,2.8541030244667493,0.6629027813556654,80.80147341647546,0.0,sdxl_pilot,0.0,0.6064495678623842
sdxl_0144.png,240,3,0.7214060011423447,0.5297413250957295,45,0.09194100805884003,0.9228293399055945,15999.936340785378,2.291534791251324,67.62543997648203,39.05236437625909,0.8966344973293935,70.34312765690358,0.0,0,-0.22269627025075378,-0.18182148228934092,0.04087478796141286,5.0,12.290513649456168,12.582210689979132,0.981011283625203,12.173525718040786,1.18295766792793,2.3221409130492194,-1.3411296294240165,2.542819681493208,-1.359862013565278,4.29020213875582,0.9400037270661361,35.553985546239204,24.896332126416056,84.65669768267676,0.013169751963330917,sdxl_pilot,-0.175,-0.2234082597515309
sdxl_0145.png,627,3,0.6842919955567458,0.4769352141489042,176,0.1494084152985309,1.0534491365173997,3205.6086111689156,11.401335219217826,1.839563390636016,1.0830534292030423,,3.363599609136844,2.0,2,0.12905471898729037,0.17454453254981728,0.045489813562526904,9.0,2.3116783552856037,2.134208621930972,1.4538077830344154,4.377788164965941,2.649154514176107,0.6770713231454297,0.7767364598889857,1.7239429248681764,0.9252115893079305,-1.2798248638293797,-4.2983057308576,0.5322126965398929,0.5561671741218108,2.5356563475171665,0.26608423617721066,sdxl_pilot,0.175,0.036519759835230814
sdxl_0146.png,500,3,0.7830504001662841,0.5973433937707368,89,0.09065666027482387,0.8071133481098349,510.7916682571588,64.13251848178034,86.28828457382029,49.84454901806653,0.07373562600183997,55.070836315897594,1.0,3,0.23123763765744587,0.003835000558989332,-0.22740263709845654,3.0,15.924343183694118,17.40056023241863,0.928421188914669,8.701683273704932,0.4679254093167291,0.4009899216729904,0.5274312672416785,0.4009899216729904,0.06693548764373869,8.597584194137237,1.4035894728180294,0.3455489048561163,0.3036765928009937,86.32635844852821,0.0673420911392231,sdxl_pilot,0.0,0.23123763765744587
sdxl_0147.png,114,3,0.7571324414115255,0.5947923811947562,43,0.20322146058778742,1.609374792684237,709.4107646617948,48.558231763471476,9.89070763069256,5.85125149767713,0.3655426194957704,5.450891333748338,1.0,1,0.8603773058616092,0.4809409477924381,-0.3794363580691711,2.0,16.87654803695844,,1.6205462056132562,8.438274018479225,0.8102731028066281,0.42191652542114255,1.1986296801921137,0.27236080932033424,0.5379122934862939,9.033048389975423,4.125434068997596,1.4346727582406025,1.2439501771676187,11.281577525002442,0.03986106587313207,sdxl_pilot,0.07499999999999998,0.8546965606844084
sdxl_0148.png,618,3,0.6249377890073642,0.48289954751250264,59,0.04552898900620502,0.5896941431593377,15999.936340785378,2.291534791251324,74.7505509601418,43.17795869832358,,69.94385185732573,3.0,0,-0.025463856840510557,-0.04917348815644518,-0.02370963131593462,8.0,3.05932723278948,3.040493353706455,3.7128023380396313,6.006031521787385,2.1881036172255013,6.655332569494021e-07,3.7128016725063744,2.6491546452268,-0.46105102800129893,-7.796214404275769,-6.955133182896057,11.894375367432499,11.591884902709173,80.96978222983552,3.4106187014802267e-16,sdxl_pilot,-0.175,-0.02519780684006201
sdxl_0149.png,427,3,0.8095034659809311,0.603024694775134,63,0.0939692087005812,0.8979144049361757,1720.6288158309408,21.070836716716318,4.127996529320072,2.4076343892619163,,1.0761610622651743,2.0,2,0.29056448374373034,0.35219676436012215,0.06163228061639181,8.0,3.636004175784214,3.665517231062579,1.9307937310525145,6.772753827023363,2.335863365475017,1.0757668558929474,0.8550268751595671,1.8662611013045112,0.469602264170506,0.6549697734947935,2.2480580639218815,3.9268291831404794,2.5623938460609588,7.993658821454838,0.4307017351486611,sdxl_pilot,0.175,0.288996352791297
sdxl_0150.png,546,3,0.9003024673855983,0.7397963620843258,144,0.2007213416593655,1.6251214504092524,2639.2244236967813,13.826476873187014,89.14912942721547,51.47123333101263,0.08851279504360986,176.55793261278674,1.0,3,0.43253975923832844,0.08105474356457765,-0.3514850156737508,4.0,8.303245443121371,8.303245443121371,0.5668246915239945,7.854218367026125,0.5668246915239945,0.3320526865722586,0.2347720049517359,0.43859397742865136,0.12823071409534315,4.699787806198012,2.3676676405629236,0.9596728619274211,0.21704866259337233,89.4860950518965,0.4606066975569191,sdxl_pilot,0.175,0.37246274430394855
sdxl_0151.png,546,3,0.8925499712231433,0.7233631222303305,218,0.275761014867531,2.539914178892683,636.4099641074961,53.38837832495424,75.00997909103558,43.696967750766845,0.16816233283939708,14.785884219296225,1.0,3,0.5351821703357718,0.21433597777679636,-0.3208461925589754,2.0,6.044609034673708,6.044609034673708,0.36150314271169126,3.022304517336863,0.18075157135584563,0.10640034831931633,0.25510279439237493,0.14088936724625123,0.0398622041095944,3.4507476223825226,-0.25430382300523213,0.38637692088628234,0.49280162377612485,75.70673544514965,0.006865921028718182,sdxl_pilot,-0.05625,0.5303534982821988
sdxl_0152.png,308,3,0.756917621051512,0.5947080535642726,53,0.10178802117964987,0.993395946368409,80.00035463902344,151.92739353877062,87.1287584283281,50.32898143211173,,152.58390326457823,2.0,3,0.39851159091963995,-0.02021437281668348,-0.4187259637363234,5.0,6.208326820916163,5.651106284853135,1.0707297617325549,5.648643702823755,0.9334096715449407,0.33514483459679134,0.7355849271357635,1.0018455965377076,-0.06843592499276685,0.4730772420998228,-1.8270785553852829,0.48229466749242184,2.194355759512268,87.60823709241326,1.0644728874624512,sdxl_pilot,0.0,0.3985115626965021
sdxl_0153.png,586,3,0.950499202297021,0.7667894596720468,300,0.4723955948797462,3.6337973489724424,4545.994349140458,8.05300452447843,89.35594145147037,51.589888995983856,0.07369705970346514,185.33714784328888,1.0,2,0.4865948545923028,0.26076744854362455,-0.22582740604867824,2.0,1.3385149831272383,1.3385149831272383,1.4442399007165605,0.6692574915636227,0.7221199503582802,2.723233482319948,-1.2789935816033875,2.097232875664267,-1.3751129253059866,-3.298876675778989,-2.7986144574009635,1.6255143666639345,0.33761695904822064,89.80221492826576,0.7220214822420387,sdxl_pilot,0.175,0.2428859111305054
sdxl_0154.png,507,3,0.7482153241764472,0.5309883667976322,87,0.07430609859386655,0.7267698782796833,2393.8080888138575,15.228115553415305,2.4669696135897254,1.489487889131546,,0.7925177869056257,2.0,1,-0.28734173924845585,-0.07214956089056601,0.21519217835788984,5.0,7.22696901911576,8.104143216158647,2.187248448764121,5.454802240384463,2.3125843714163716,1.2341008067579375,0.9531476420061833,1.15113073879919,1.1614536326171816,1.5651338802988217,0.9795393370232208,6.58060236927708,2.3183582290108986,7.775846328851378,0.25758438845103104,sdxl_pilot,-0.175,-0.31513665370621
sdxl_0155.png,404,3,0.8990117766436089,0.7229361557288709,189,0.30557768857659484,2.3658842268037077,432.3001827291845,73.0196427769827,0.601348725180415,0.35438659915415177,0.10501185232663,0.13982849906047734,0.0,3,-0.04769705245645195,0.011079004052249153,0.0587760565087011,9.0,7.24752759109059,6.178318805703805,0.2617743137949855,10.44128862744221,0.6601387784276498,0.035344919934476415,0.2264293938605091,0.29201566322267203,0.36812311520497776,6.032403962462423,2.9769566314893927,0.45094673857502754,0.16718090932885257,0.8808101428770662,0.007152460042250062,sdxl_pilot,0.03749999999999999,-0.021618421377952668
sdxl_0156.png,532,3,0.7649819321047202,0.6123215629260985,109,0.12971166398301293,1.1192487926135681,15999.936340785378,2.291534791251324,62.05403211288666,36.06243764805206,0.9474536198067209,2788.5174761380067,1.0,0,0.07751955566464597,0.03693419041263857,-0.0405853652520074,6.0,13.301594143472542,9.481192423574253,0.8009236453579449,15.587074430785597,1.9848653520799093,1.2720496681832953,-0.47112602282535043,2.6491546461032995,-0.6642892940233902,3.6187669336521395,2.3289994314405025,10.147911839073945,10.10670094057179,74.24496911780669,0.00718467922749832,sdxl_pilot,-0.175,0.07682762338093119
sdxl_0157.png,193,3,0.49234810861261635,0.29678255871480674,24,0.04147156941988432,0.44575173492556946,15999.932306633567,2.291535368874699,4.138004444406249,2.418971763416815,,1.4879179458405045,2.0,0,0.5837191804264183,0.15664481461514224,-0.4270743658112761,5.0,4.564835457759587,4.564835457759587,3.2535341402226012,3.842164877350215,2.230335769956428,3.7790799661808556,-0.5255458259582544,2.1611190408024243,0.06921672915400379,-2.470761635927702,-3.241040362260102,2.1273471614946566,2.048509441041516,8.287275900383339,0.06669066292134143,sdxl_pilot,-0.175,0.5848964048198038
sdxl_0158.png,283,3,0.6964166558115827,0.5161290506796028,41,0.08056891844588918,0.7602410847897995,415.10098303339095,75.25702580943779,72.1820196104581,41.702573001215214,0.04734010956834341,0.5436084365851547,1.0,3,0.383265930553652,0.11527193291433735,-0.26799399763931464,6.0,3.7676747476723733,9.125988340829064,0.4635130504717271,6.547677406891786,0.6232594532467362,0.41169751174789626,0.05181553872383082,0.5156950549263466,0.10756439832038955,0.15839474075097293,-1.4674538708109601,0.8346229607058187,0.7861645047433901,73.65650981656611,0.013577489650878604,sdxl_pilot,-0.03125000000000001,0.24865799087810891
sdxl_0159.png,338,3,0.8607652211922819,0.6650560131502555,67,0.11612843823802364,1.0178819764397835,502.7761534412633,64.95074499721855,5.954769564403151,3.561617468217983,0.4543106646598529,2.016286042515667,0.0,3,2.198233212427471,0.3414584077769024,-1.8567748046505685,4.0,2.492747436095809,2.5978732200572843,0.23899986316269484,2.2836244328424016,0.22203878379262054,0.029179972833309975,0.20981989032938486,0.04836929966141712,0.17366948413120342,1.2878032905241588,1.1431296672207722,0.4583592713560256,0.1823384507628697,6.315833111033955,0.008903437652811803,sdxl_pilot,0.0,2.1982334211799133
sdxl_0160.png,977,3,0.6279369825181785,0.4713509600923084,35,0.025967344993440444,0.4887104110690269,8665.395252776887,4.229771711088123,9.16669222914112,5.849102845497367,,2.2245175232545353,2.0,1,0.0935642065659501,0.022373003308288064,-0.07119120325766204,2.0,18.59958679421236,,0.5797315753291965,9.299793397106187,0.28986578766459825,0.32021712396003466,0.25951445136916185,0.21043675722467903,0.07942903043991922,11.451511727867523,3.837420001363329,2.3442623064242682,0.9741494015858309,10.525176216038423,0.0697781419759684,sdxl_pilot,0.175,0.11454660436172925
sdxl_0161.png,273,3,0.8157310440642149,0.6064600315477631,89,0.18151265139442038,1.4705880839868808,766.9964534330622,45.29295018967157,0.5307772210468897,0.40388459119422837,0.7194968864334177,27.407554844952607,1.0,3,0.048017157612150085,0.07281251858059523,0.024795360968445146,7.0,5.767759560271067,5.912392424179354,1.2768300578602991,6.5621805974553356,1.452834191566188,0.3848615841059031,0.891968473754396,0.8424124811019236,0.6104217104642644,4.201351670953384,3.247868321770677,0.48300459478515906,0.13753395105837693,0.8167021839235467,0.10855256519163681,sdxl_pilot,0.006249999999999999,0.04949459365894038
sdxl_0162.png,461,3,0.9557380825666331,0.7899708757844154,166,0.2861309755199193,2.2927367778163847,3310.285240067439,11.043070380547702,89.22429719604746,51.587377784097825,,731.2192096022876,3.0,2,0.159240851433202,0.014265390825802138,-0.14497546060739985,2.0,11.89436456309555,,0.8699760020565144,5.947182281547779,0.4349880010282572,0.22425443029103231,0.6457215717654821,0.11212721514551616,0.32286078588274103,6.6817635958473796,3.3408817979236867,2.144010696131649,0.3847830051583256,89.4980820158537,0.755723593049727,sdxl_pilot,0.175,0.15520306254792138
sdxl_0163.png,399,3,0.7128927675172095,0.5585599408696762,87,0.12497207477720042,1.1844912386810251,2172.5380431060867,16.758056236093463,86.74158577187833,50.088329097061354,,392.81418872401446,2.0,1,0.2198296728485023,0.02899915861447333,-0.19083051423402897,5.0,8.481027552047703,6.849335667604213,0.2063917149205876,8.900416014182497,0.23068228700709525,1.0132728962698279,-0.8068811813492403,0.6140040446135551,-0.3833217576064598,-28.391797427533536,-10.435954249549482,5.76209793814145,11.52188314327521,87.6948675595258,0.5131590222754703,sdxl_pilot,0.07499999999999998,0.22418994317978602
sdxl_0164.png,287,3,0.8717424485869436,0.7001123336077874,59,0.10945003863397267,1.067535310463696,839.4224908151189,41.735140804847596,8.030951390907319,5.2683445812728,0.4473193536633063,0.26131011525672193,0.0,3,0.48767658903032074,0.33406596399367805,-0.1536106250366427,7.0,8.099024615370029,8.187692331787035,0.679451950029649,5.812929743507187,0.7700035267443059,0.5638755326575522,0.11557641737209678,0.7713858784913952,-0.0013823517470892277,1.0017130133056247,-3.9034423597829573,0.5819729335020134,0.36465269823444346,8.711474504397565,0.022448957668380044,sdxl_pilot,0.006249999999999999,0.47732436844581716
sdxl_0165.png,514,3,0.8630526059887347,0.6853732409703835,114,0.14799218742642312,1.2144959732293066,1033.4081521311107,34.4108007702521,0.9586260438080387,0.5559166227586573,0.3704844768061715,4.008796123654262,1.0,3,0.1324441383367666,0.048949198346028955,-0.08349493999073765,8.0,5.272015643025062,4.828752746762196,0.9070797252996785,7.508026204647652,1.9375526346665102,0.8042759547235474,0.1028037705761311,1.6600455508816063,0.27750708378490385,0.6797714262391512,1.4567332741970525,0.8811741530216487,0.23457333777157843,1.273805180127455,0.1226906788060173,sdxl_pilot,-0.11875,0.11543015544192392
sdxl_0166.png,448,3,0.9011928889710241,0.738278059388917,151,0.27603488824537403,2.2487688557310275,450.3764926254424,70.78885619798244,86.95982873750974,50.2206306651373,0.03850958010656912,7.026471719713101,1.0,3,0.1417936746366889,0.02228964191599514,-0.11950403272069376,6.0,10.820746741392755,9.724784392161586,0.23053841843082523,17.712000797374586,0.23819753274095756,0.13820322321069511,0.09233519522013012,0.15689150658422202,0.08130602615673554,6.7526029886437335,13.498692749857756,0.7406154809220233,0.2678127286154119,87.66357866131062,0.0061919475907692015,sdxl_pilot,0.08124999999999999,0.41030103435598686
sdxl_0167.png,115,3,0.8866337390659147,0.6995046956393793,50,0.3214079314769541,2.919500934298853,4237.822832676502,8.636472959085582,41.14752213149741,25.140957452966983,,155.7486587941047,2.0,1,0.5747628101588309,0.12079001296044578,-0.4539727971983851,0.0,,,,,,,,,,,,25.02963305043917,5.27364181813601,41.982505414001345,0.47060787963832623,sdxl_pilot,0.175,0.5591368672433334
sdxl_0168.png,564,3,0.7414333805928279,0.5358969925855827,116,0.07590640278033667,0.7087671072442441,1986.9348612162157,18.298085149361793,1.948565707567127,1.2156277670856188,0.5479005194699268,0.3417566335521977,1.0,2,0.25135913141786703,0.06246821338049868,-0.18889091803736835,6.0,14.710718951328312,14.710718951328312,0.628040721642158,11.34075559042005,2.167352330966312,2.0579219961439814,-1.4298812745018235,2.2354498932503533,-0.0680975622840414,5.995916771666222,3.427307177106748,0.5304725648019782,0.5468805987008865,2.6679636233317416,0.16674786310853065,sdxl_pilot,-0.175,0.3330880933906736
sdxl_0169.png,370,3,0.8104566938199972,0.6314191351545053,94,0.1586712961493273,1.243958713447746,632.7897810311779,53.651189127286735,2.62893283392188,1.5712053275534525,0.3176377545304752,0.3953701019132852,0.0,3,0.3641787038390094,0.1161027997011701,-0.2480759041378393,8.0,7.399384021184976,8.454756077009813,0.34780221387573196,7.029662167470104,0.44419176080218836,0.3805581287544051,-0.03275591487867313,0.3647431140781694,0.07944864672401897,2.8511614418640336,1.7471151441283732,0.894508292040281,0.23972354571461016,2.896528663267286,0.024567578377084936,sdxl_pilot,0.03124999999999999,0.37262008499353216
sdxl_0170.png,551,3,0.8375610578467755,0.6352298657118279,212,0.28972435451536444,2.3700024568193925,1436.6002780808885,25.115035691934363,86.23655425876794,49.832125886816414,0.09376455351523451,474.2352567675324,1.0,3,0.6881783989519601,0.17223075899641316,-0.5159476399555469,8.0,5.670190621818769,5.388115448697679,0.6548262009392105,9.284532580676455,1.0089364650460628,0.7661763921298648,-0.11135019119065426,1.0761567317358072,-0.06722026668974435,-1.6685888426791529,-0.21216845785471072,0.4064447097371488,1.723275072822636,88.8284723839692,0.6972723990610482,sdxl_pilot,0.03124999999999999,0.6540755307222565
sdxl_0171.png,580,3,0.9460504848175718,0.7778034382393892,248,0.3256018313652442,2.2229085069713905,1743.5220977278195,20.80024253629555,0.9911589352750667,0.5800420515985366,0.18473516198568474,1.145878270837647,0.0,2,0.1389923686148824,0.04963891410344079,-0.08935345451144161,5.0,9.999598877991314,2.367159667956998,0.9236245779400938,6.631091229426662,0.6833369307971298,0.03850839082448543,0.8851161871156084,0.04873724918067124,0.6345996816164585,4.905160458156258,2.575806681545168,1.0388755774413143,0.408370089089912,1.9011951341370041,0.01909470504809048,sdxl_pilot,0.11249999999999998,0.09284099682708447
sdxl_0172.png,306,3,0.8702002924761213,0.7053909430948141,73,0.1432466014702165,1.0813014630435542,428.91309432170107,73.45116911769385,0.7087855693380334,0.5789573366757865,0.16762478283559723,0.18210783951565943,1.0,3,0.3615938680046612,0.04103177017064141,-0.3205620978340198,6.0,11.466049541607605,11.466049541607605,1.635957645314373,10.020570547147571,1.0640358996850021,1.5287297185481719,0.10722792676620108,0.8544953685254453,0.20954053115955684,1.1021365462851804,3.499705082824055,0.3034781278397402,0.2559768693950016,1.2489354747365518,0.008682037012681783,sdxl_pilot,-0.006249999999999999,0.3616846782192046
sdxl_0173.png,716,3,0.9347272005782907,0.7534730564111067,251,0.27419817072900243,2.1185083787784946,698.2754873454058,49.241307149567874,0.9274985518400456,0.7246586369293027,0.6637192557912067,0.23238164551504464,0.0,3,0.11067731977683837,0.09320050964462301,-0.01747681013221536,9.0,1.352276934873111,1.0553695235923914,0.6860705148033164,3.3577195074685755,1.0909348002166865,0.7016013411365694,-0.015530826333252978,0.9174294710328987,0.1735053291837878,-0.4487096839446394,0.10320831884768511,0.35485054441143793,0.22701650405261345,1.2321465785361714,0.12747871495632898,sdxl_pilot,-0.0625,0.08061664229216525
sdxl_0174.png,500,3,0.8594656723016268,0.6730587278665355,126,0.18032755808427017,1.2109720980819205,676.5938534964503,50.62429962977042,2.334618988393231,1.4945950445595004,0.3013334497657814,0.19638626940660647,1.0,3,0.10164065024311486,0.18054190499401934,0.07890125475090448,9.0,2.664489262372089,2.1411021707277476,0.5347436896934941,7.66902805307784,1.4686797659561437,0.2756588200289096,0.25908486966458444,0.7405039572044552,0.7281758087516885,1.6505642452188345,6.462007819473458,0.7313618917966411,0.5522004072013185,2.9400943173459226,0.20294202686691137,sdxl_pilot,0.04999999999999999,0.1596019101579712
sdxl_0175.png,367,3,0.9660679866921005,0.7840766971222556,180,0.32528032315046584,2.422753849805373,504.4446319334094,64.77889672684223,1.069048912006565,0.6172718968496683,0.02451985857647282,1.599852126068876,1.0,3,0.2751866977191413,0.10012238725725475,-0.17506431046188653,7.0,7.4981088703063214,6.960902861574494,0.29626523777747327,7.215439659436806,0.4135006161690944,0.08872982756960823,0.20753541020786503,0.23982823045682666,0.17367238571226773,3.9593312207494433,-0.6096307866686184,0.5846910843056295,0.3330925570644315,1.5825379338074503,0.011376952500565723,sdxl_pilot,0.08124999999999999,0.3008294163394205
sdxl_0176.png,601,3,0.9994896664361044,0.8481216461416196,223,0.3335360566212714,2.9463450190602396,640.0368670270556,53.12746206951391,87.83073396096249,50.71630728322659,0.10136384755569487,29.921019578555285,1.0,3,0.30595015507388834,0.17614129352171193,-0.1298088615521764,8.0,10.552414203320222,13.145594455330716,1.0255635677032586,12.062638423403458,1.5913797337710163,0.19026178178274522,0.8353017859205134,0.7718066018082315,0.8195731319627848,7.898508326730161,8.637276148820153,0.3086592873095669,0.10317530165384345,87.98387777352438,0.030303641288199477,sdxl_pilot,0.03749999999999999,0.40625958643810023
sdxl_0177.png,251,3,0.8320740735196767,0.6592065444901443,70,0.183844189184247,1.5376162929802202,645.7654486769932,52.720138800395574,0.4560611788771354,0.30539482415626024,0.38452793218930825,1.3157836518502846,0.0,2,0.6987343520185301,0.17189454154782835,-0.5268398104707017,9.0,6.6935862860027715,5.956823706053103,0.39758780644066194,9.804940622560967,0.5349866186308336,0.051124470638546526,0.3464633358021154,0.09299283906849176,0.44199377956234187,5.5486025815587325,7.413921583650707,1.1740349853437493,0.17625385374378005,0.7382770073709862,0.026938844390616952,sdxl_pilot,0.0,0.698734350426232
sdxl_0178.png,303,3,0.6295572056843879,0.4614213333442406,40,0.038185269626698576,0.4549951283308484,922.9794770779661,38.24319673717648,0.8095828298492904,0.5245843361371664,0.3809633000194125,0.7903164748112063,1.0,2,0.7448442850810186,0.27854463862074885,-0.4662996464602698,6.0,5.722830526547769,4.359009501463518,2.6067380368337414,6.939546357643404,2.0220738719774403,1.4902075824482512,1.1165304543854901,2.649154656238903,-0.6270807842614627,5.04755212129768,5.964582337892556,0.6047769254675455,0.32038529567299073,1.3231844465867602,0.18696628939672028,sdxl_pilot,-0.01875000000000001,0.7479347519051203
sdxl_0179.png,399,3,0.7735718519724265,0.585192991209667,56,0.0830241040075232,0.7460309076540653,715.5909557480804,48.18674868783191,0.2700715947626833,0.1924196445666604,0.05852069295586581,0.3640914671090731,1.0,3,0.5103652334135934,0.058368173688886915,-0.4519970597247065,7.0,8.06489717008281,6.167297430757025,0.7503467521764424,8.030106722102923,1.05391403833866,1.3701420856014903,-0.6197953334250479,1.1512775116857772,-0.09736347334711715,1.005432483786766,0.49973327507147847,0.3962893730303208,0.1137789255159881,0.5602686637993614,0.01946090488757069,sdxl_pilot,0.12499999999999997,0.33114594408700193
sdxl_0180.png,1102,3,0.7657550637274729,0.5966554343291465,90,0.06655531128860752,0.7721616529754568,11469.5709122058,3.196265064175716,86.98730358084903,50.232407043542025,0.792915175166902,52.043352347894405,1.0,0,0.22805347064945491,0.009794130465304973,-0.21825934018414994,7.0,15.618486823641712,15.618486823641712,3.71711394976564,8.2362856618223,2.140989921454453,0.12097276558202896,3.596141184183611,0.12097276558202896,2.020017155872424,2.370550910100855,-2.4426250944676173,6.583454545445122,4.28217762529102,87.66987924046069,0.16086047122595026,sdxl_pilot,-0.175,0.22765393359816544
sdxl_0181.png,185,3,0.7211369522285901,0.5514013836542401,50,0.13067047027151882,1.0198328365950726,960.5943903161985,36.84862446506189,0.8619314929017463,0.5384905798909784,0.17950052570644262,0.06383405967341793,0.0,3,0.4405714541079113,0.16112862236116032,-0.279442831746751,1.0,,,,,,0.28328056672320434,,0.28328056672320434,,,,0.8833815870497743,0.6355819290861475,2.063716876754417,0.04178416874988968,sdxl_pilot,0.14375,0.27284956400040294
sdxl_0182.png,475,3,0.9466934790018238,0.7775822787162794,164,0.2654886037853119,1.8037787276980377,1061.0957447695246,33.564001179712456,0.43523115849514227,0.3577954029878305,0.08748763604245198,0.09839040021912916,0.0,2,0.007066057909353773,0.06566590535423023,0.05859984744487645,7.0,9.341255830905238,8.121904237474908,0.8817063613702452,11.256601017702687,1.4322026962963657,0.1377847582825158,0.7439216030877294,0.20520513146259756,1.226997564833768,6.606045510022895,7.485035719204596,1.1633733604259433,0.2776974624276434,0.9057071460569835,0.029889072233498622,sdxl_pilot,-0.006249999999999999,0.009488456151793057
sdxl_0183.png,692,3,0.7174798495311846,0.5468613796925379,164,0.16556020508344532,1.7118524749005468,4573.637559547159,8.004490560997588,84.77704146581577,49.41959686790703,,2501.945457834541,3.0,0,0.06239643868687339,0.08465741927097081,0.022260980584097423,4.0,7.721352346629039,8.927891282107202,1.802343981044194,6.358261146044944,1.802343981044194,1.5751834364435622,0.22716054460063173,1.5751834364435622,0.22716054460063173,3.451044061566356,2.8693481472124582,4.140528962539582,6.150843667030448,87.06183266526708,0.5934296118250133,sdxl_pilot,-0.175,0.17253348466357765
sdxl_0184.png,248,3,0.748814784923766,0.5759235977663058,81,0.18261457661323988,1.4730704077308838,4686.79935850936,7.811829380979554,6.265208088537051,4.211794745452845,0.5168832371919295,0.9564636524131539,1.0,0,0.03516614799100859,-0.005409154797283877,-0.04057530278829247,2.0,14.016330283101567,,1.3989290483440664,7.008165141550802,0.6994645241720332,0.7431641190437714,0.655764929300295,0.37949344004030916,0.31997108413172404,-9.941606637930477,-5.576579201274028,3.8241143512468883,1.254495143279178,7.937925885975314,0.0858178333665018,sdxl_pilot,0.175,0.03669350400015792
sdxl_0185.png,399,3,0.7882704699875182,0.5718242329313834,79,0.09939403666117184,0.8344757365731472,482.0125124008082,67.15903006869786,0.6685733426127314,0.528825449977591,0.5246404728828771,6.157110344386475,1.0,3,-0.11128192924609126,-0.021602549188848963,0.0896793800572423,5.0,4.602154541755448,4.602154541755448,0.17228678025276745,6.40064664530051,0.20982364576286106,0.2992430744490955,-0.12695629419632803,0.36728143957502324,-0.15745779381216218,-2.6302637835088065,-0.4519723461169116,0.3297032704555312,0.07455873627149688,0.8202298050096403,0.006919953241604574,sdxl_pilot,0.0,-0.11128189404593636
sdxl_0186.png,463,3,0.76340008393017,0.5936454745221003,97,0.12676273411110703,1.218307452924677,1768.2866673013066,20.51516557081344,87.99081500850166,50.80218167224971,0.027242463232753155,7.176807319288848,1.0,3,-0.21169638330737472,-0.10813266865118809,0.10356371465618663,9.0,4.981217997647137,3.773690985573908,0.5027748195567692,6.992655732547221,0.6591422284854271,0.3867155867378105,0.11605923281895869,0.6756201279834948,-0.01647789949806766,1.9815560281959206,2.514783160021115,0.6970898151810148,0.1775489841092493,88.25569312104474,0.07863814772543332,sdxl_pilot,0.018749999999999992,-0.21757887102804152
sdxl_0187.png,181,3,0.7477556936801448,0.5794367585589262,51,0.14241115480669966,1.4197760038979488,7731.492361621424,4.7401432649745905,25.428445429967226,18.884799393644652,,3.9913296144751955,3.0,0,0.13342079830212206,0.06757560873297219,-0.06584518956914986,5.0,8.709752116187618,9.946163901950689,2.1925200441436417,8.035566745345209,2.3382839856524775,0.9072821388941179,1.2852379052495237,0.742292028599584,1.5959919570528935,3.719330697273109,5.433512905326492,6.399366642378959,5.651133049176064,35.66668188039225,0.204669725502495,sdxl_pilot,0.175,0.13224891338765543
sdxl_0188.png,657,3,0.7282329452870329,0.5425600817502082,88,0.06692634020658994,0.7024235838830996,15999.936340785378,2.291534791251324,77.12019092886031,44.53647396729346,1.047700108476771,251.00468857583985,0.0,0,-0.1272244300279406,-0.12761413880146666,-0.00038970877352606514,8.0,6.611251634278231,5.2814104891241005,2.533477459173001,12.68251402989673,2.558458523878949,1.6549619437741363,0.8785155153988646,2.649154658096639,-0.09069613421769018,5.6330644629371625,0.04573962318570679,11.413622667754806,6.866916256228798,87.064355735367,0.26582998490630894,sdxl_pilot,0.175,-0.12624936623015381
sdxl_0189.png,242,3,0.7414266439640925,0.5691676405326895,25,0.05204499882069191,0.6565418433257602,1006.1421864308946,35.28616700946055,2.259545100459462,1.7383958710041456,0.37602743324318594,0.06262116160872874,0.0,2,-0.08049689436257279,-0.16016830803614535,-0.07967141367357256,6.0,5.932564253140396,5.689251700162837,2.5590705503637734,7.1869411920464925,1.867790871307316,0.4229167049788929,2.1361538453848805,1.3643068151204218,0.5034840561868941,-1.6498850855056642,-0.6441630131791012,2.0847887688601427,1.4132794714666281,4.833789752352834,0.09206991367642496,sdxl_pilot,0.08749999999999998,-0.15403962748073674
sdxl_0190.png,522,3,0.8862802248778578,0.7228218564997266,106,0.13998893033091553,1.2777511437159204,2277.6664110879406,15.994812800348013,88.58538363554823,51.14559338515262,0.05788758700974763,30.732251021825235,1.0,3,0.2332132051297332,0.1129155083014336,-0.1202976968282996,7.0,6.438301498631675,5.769053055556113,0.4502399229679117,8.572434006219996,0.8549507715730043,0.6175811944373244,-0.1673412714694127,1.1252151026216954,-0.2702643310486912,2.109896941566336,-0.7979768904599585,0.7246640393447289,0.20487643919612386,88.98877846947185,0.16948365387708694,sdxl_pilot,0.06874999999999998,0.23518529974797342
sdxl_0191.png,431,3,0.9484321824948196,0.7642431680665728,124,0.1885190995386522,1.500052328102747,604.1786764981798,55.81538398152956,1.2664493084484576,0.8913113758425806,,0.9628787140927203,3.0,3,0.15031684158561265,0.06318416092637547,-0.08713268065923718,6.0,2.3574559203164167,2.3574559203164167,1.0267201663388725,8.862871145456937,1.2326808812520804,0.4839634118748033,0.5427567544640692,1.057022784055171,0.1756580971969095,1.6367697464425353,8.14992437382962,0.47239035653920963,0.377711891675874,1.8095295212940243,0.1675130318224729,sdxl_pilot,0.04999999999999999,0.1037029377235189
sdxl_0192.png,294,3,0.8678990910354194,0.6959145705404524,92,0.21553972260996443,1.6983533622725997,589.7695596833987,56.96717000761699,2.3187561842941733,1.8898292537904466,0.14324065356339785,0.06877787318920654,0.0,2,1.1191228707278933,0.26786331391277474,-0.8512595568151184,6.0,7.3149902298469955,4.089968948837102,0.18812403937968725,9.351674975737385,0.20541244773025102,0.038224467396595685,0.14989957198309156,0.0907476138610841,0.11466483386916693,5.407605395122852,6.988637569065992,2.017037591439347,0.41813256011784955,3.2199365704730436,0.01681986647094737,sdxl_pilot,0.0,1.1191229012345612
sdxl_0193.png,644,3,0.6756460032886289,0.4957924852447826,193,0.1770742068962311,1.6143256197627642,622.4642136646335,54.4141029268813,1.8825295289669128,1.2844937328696044,,0.16457899170826695,2.0,3,0.5450420476743777,0.26709912999738383,-0.27794291767699386,7.0,2.298044538213116,1.4688374954709063,1.7272411226193993,2.325303340900701,1.7554711960724245,1.3426912397908195,0.3845498828285798,1.7840409743664014,-0.02856977829397689,-2.7700863673662743,-2.5388718578110514,0.2752280724216623,0.18662888749366602,2.2667647071553936,0.10116160553169358,sdxl_pilot,-0.012499999999999999,0.5513223780735035
sdxl_0194.png,408,3,0.7109997299151044,0.5264282172402356,61,0.09285497451833813,0.840208613642988,678.6896117733552,50.48745787304601,1.8605046284651507,1.198051983439956,,0.13247067874733914,3.0,3,-0.13515034823027428,-0.07645591524059503,0.058694432989679246,6.0,6.419416807231766,6.202622850674159,1.9809009804306896,8.308667663990875,1.7495863354266747,1.3976028603131114,0.5832981201175782,2.213796177818892,-0.4642098423922172,4.6062732255264125,-1.0074232032469652,0.29938308970602334,0.21073183048069238,2.1881162668933136,0.09984379332751446,sdxl_pilot,0.006249999999999999,-0.13519786961975733
sdxl_0195.png,356,3,0.9780002524617069,0.7969468574349409,142,0.3082483247530303,1.9411896412807985,325.0945706594011,89.0950432935772,0.6723844507519203,0.4039077220377169,,0.10094757123072792,2.0,3,0.11798640365969038,0.054671225238846266,-0.06331517842084411,7.0,2.2484817992967567,1.988527330155009,0.5590174326300517,2.0366086592782673,0.907415866111672,0.3051680026302521,0.25384942999979954,1.2978692997870538,-0.39045343367538177,0.8385647293264842,0.5273904932691955,0.4449312247154055,0.2909174564410093,1.2497956114370514,0.10170468965813229,sdxl_pilot,-0.012499999999999999,0.0980997463424339
sdxl_0196.png,561,3,0.9401085244959926,0.7714800574269215,223,0.33348168570213454,2.6499928854059136,1538.4395829762439,23.50029319345995,47.67164910193998,27.855325415710084,0.05209088839772187,0.6201106455580307,1.0,3,0.47569430348577213,0.1123166446758217,-0.36337765880995043,8.0,10.351582788591813,8.751333948370018,0.49030324146347803,13.259558826889695,0.6594668283850824,0.21632147924123135,0.2739817622222467,0.25858304016158007,0.40088378822350235,2.471081471645383,1.6014841064428555,0.9917097500004731,0.8829180862148919,49.590759200746724,0.022995755949421392,sdxl_pilot,0.03749999999999999,0.4780537238867425
sdxl_0197.png,163,3,0.7105272159872125,0.481140638288736,29,0.05410793837798402,0.6059805940899728,2101.4016927475022,17.31688765926515,0.9949346199910707,0.6519677324178447,0.5138771349388788,0.8480884719925201,1.0,2,0.08050662011787013,-0.08450691548635003,-0.16501353560422016,5.0,5.576784072895428,5.576784072895428,1.6985211583365611,5.833734943436361,1.6985211583365611,3.657963352167242,-1.959442193830681,1.8763804165163016,-0.17785925817974046,-1.6840388576518688,-1.4418502150043988,0.7320179560108602,0.4827893775444434,1.7859486881456959,0.22342024949818848,sdxl_pilot,0.09374999999999997,0.0805799412861774
sdxl_0198.png,405,3,0.8994885311573332,0.7009931906235809,120,0.18450614986978403,1.2673370572367961,1819.7996166224723,19.946267390240596,1.043806466276834,0.7672267124467035,0.31083281288946446,0.1475005433764992,0.0,2,-0.04238580822670379,-0.013799265271277505,0.028586542955426286,8.0,4.68143315228318,4.139891829967186,0.576800275131538,4.522719452435789,1.6908579184992623,0.7455615376369984,-0.16876126250546042,2.5857842648911746,-0.8949263463919124,0.9784995909146268,-1.7655792608422676,1.2632267289179853,0.560154067940526,1.746561870691368,0.2549432625470734,sdxl_pilot,0.175,-0.029001278831779498
sdxl_0199.png,275,3,0.8700960295706132,0.6955832434443979,78,0.1583400619699965,1.3052893002742476,743.8625257641679,46.55349465553863,1.1693767141538132,0.6815605140082623,0.09540898057981614,0.11503023911215073,0.0,2,0.4844630702970326,0.12765038507148108,-0.35681268522555154,8.0,6.6488796867773505,6.632936754898515,0.27320504962428194,11.28750789172442,0.6454871683582963,0.09273062410818333,0.1804744255160986,0.12890457354588536,0.516582594812411,3.572980841316199,7.064861150756147,1.0098838023913415,0.32858033990151775,1.4974188299260802,0.01642534615722262,sdxl_pilot,0.175,-0.04900050214082474
