path,set,identifiable,uncropped,selected,reject_reason,n_segments,ortho_err_max_deg,ortho_err_rms_deg,f_spread,orthocenter_offset,hfov_deg,l3best_ortho_err_max_deg
P1020171,yorkurban,False,True,False,weakest family supports only 6.0% of line length,532,5.3347395934247,4.133841280390403,0.16071240613913051,0.10978288412244629,62.11444974038718,5.359165848553673
P1020177,yorkurban,True,True,True,,349,1.0544933678497586,0.6760020651902672,0.02427665514767572,0.033560378215488226,51.05601964687235,1.0539543901628292
P1020822,yorkurban,False,True,False,weakest family supports only 6.4% of line length; worst VP localised to 1.10 deg,386,1.0694147292017817,0.6254175392938329,0.0844592549949722,0.16146866000961413,48.73099796670388,0.9032053455114522
P1020826,yorkurban,False,True,False,worst VP localised to 1.45 deg,170,0.22279664013728961,0.14514656833577788,0.14396622357899444,0.024452321961620917,49.684760766316515,0.2539504841283673
P1020828,yorkurban,True,True,True,,159,0.12401846404276284,0.09871980313127361,0.04195905218869501,0.06864047949310571,50.780162728875396,0.39441594644456757
P1020829,yorkurban,False,True,False,weakest family supports only 5.8% of line length; worst VP localised to 1.29 deg,422,72.04818171997834,42.40613044924482,0.7794073009501935,1271.2306391255902,17.058728713381964,0.4525081770536161
P1020830,yorkurban,True,True,True,,349,0.7872560101469475,0.5448951814226638,0.1306444141327945,0.06353364547002371,48.82005794460725,1.0005626385015205
P1020833,yorkurban,True,True,True,,160,0.8492707493099942,0.4943869515672992,,1.0731244819768504,52.14647584217852,0.8510076981596058
P1020838,yorkurban,True,True,True,,234,0.6027877748836374,0.5041385454876643,0.03237158527767664,0.027172744084760156,50.53410697102158,0.5110620497161307
P1020841,yorkurban,True,True,True,,404,0.842664880622749,0.5612459778853863,0.04169768201126344,0.01767349899833489,49.558030866072784,0.842664880622749
P1020845,yorkurban,True,True,True,,338,0.43135658520002096,0.2909329473829306,0.08447975790221679,0.14687028666688023,49.519527826546074,0.7119418357287373
P1020854,yorkurban,False,True,False,weakest family supports only 7.1% of line length,237,0.8601079971290915,0.6301366954072835,,0.019156432104121324,49.81597075574382,0.7768423464233223
P1020856,yorkurban,False,True,False,weakest family supports only 4.6% of line length; worst VP localised to 1.05 deg; two VPs separated by only 3.4 deg; VP ,326,86.32068364057088,49.845267858136516,0.29284348119883097,21.254513269925997,22.352894994348986,34.37943763755279
P1020860,yorkurban,True,True,True,,393,0.3297764178763316,0.23568955503827355,0.18167672611324662,0.022636330859729353,49.20547775298833,0.3703240045616383
P1020861,yorkurban,True,True,True,,315,1.7911504830329363,1.250249598648595,0.19040277091185384,0.17376267155091152,47.686992665055364,1.6916946857348591
P1020871,yorkurban,True,True,True,,354,68.27049704389529,41.03243224823219,,67.98619985224778,151.92741111945637,1.4919398344568293
P1020872,yorkurban,True,True,True,,228,0.6902984056586661,0.5474548439329016,0.07749420937484333,0.030099134043909098,48.91802774043498,0.7073051638057848
P1020887,yorkurban,True,True,True,,374,14.475914500688475,9.975479459437608,0.3869049740814586,1.1236105981069826,38.340889514739644,1.1519782577067446
P1020912,yorkurban,True,True,True,,413,65.07169044772414,39.00602138858853,0.37828153114533386,2916.5134224317007,33.61890573513597,0.46547043115339193
P1020928,yorkurban,True,True,True,,329,0.9255546027403057,0.5722053892848517,0.031413481054205994,0.06258774118735351,48.932747566308485,0.8444644284476794
P1040779,yorkurban,False,True,False,weakest family supports only 5.9% of line length,450,5.680878947172147,3.555126546495065,0.4653558207732412,0.8611990543505017,81.09267155574287,5.612024370772261
P1040783,yorkurban,True,True,True,,338,1.5709633950640836,1.0869451048425298,0.10574703940848998,0.055129652510148335,54.024864333775845,1.5064878903250474
P1040788,yorkurban,True,True,True,,340,1.170013360437423,0.6919371371361108,0.20482871325939153,0.05042062318152765,52.79128145196315,0.9785789815963852
P1040795,yorkurban,False,True,False,worst VP localised to 1.44 deg,437,6.871134725265804,4.5120123921311235,0.3870872070294378,0.3157176423253984,26.483370902970613,0.5256583974439621
P1040798,yorkurban,False,True,False,weakest family supports only 6.3% of line length,338,0.511113896610226,0.2981099511776409,,0.06646270342454469,51.94903389534108,0.5957942506877316
P1040801,yorkurban,False,True,False,weakest family supports only 4.5% of line length,526,3.4144450504939527,2.749554321268112,0.3483334700260133,0.3029563408704914,70.67357008837487,3.390848682397319
P1040811,yorkurban,False,True,False,worst VP localised to 1.76 deg,162,0.2975312493463633,0.18065995222242318,0.12126092960816723,0.07887334868782257,50.27143653786523,0.37364329797829043
P1040812,yorkurban,True,True,True,,479,1.1793138489959603,0.7006273516591127,0.1459246924333819,0.0686932295791064,47.236423737288405,1.1443096763138527
P1040813,yorkurban,False,True,False,weakest family supports only 6.8% of line length,433,1.318573372435381,1.0564938519981628,0.23078376385667607,0.028035513245738216,49.933579361111654,1.3034783311775442
P1040814,yorkurban,True,True,True,,270,0.17381264675053387,0.12315558639299272,0.03311852714094875,0.06664048384251164,50.34126947409223,0.17699226455381734
P1040815,yorkurban,False,True,False,weakest family supports only 7.2% of line length; worst VP localised to 1.30 deg; two VPs separated by only 4.4 deg; VP ,491,42.738015960118695,33.17018869578182,0.9580628855681113,2174.9586511328266,2.291534791251324,40.379762966970084
P1040817,yorkurban,True,True,True,,372,0.2980141152394964,0.2511207465291189,0.11881520421546447,0.07447514277789828,43.10726308182327,0.5885010602155916
P1040818,yorkurban,True,True,True,,361,72.19782588567253,41.73383220138515,0.37949323314647737,1.8942950845332118,32.753133289522715,1.1263128003240297
P1040819,yorkurban,True,True,True,,338,0.6554605052490103,0.431508809065715,0.020954099801936455,0.020114807035836856,50.05600619765039,0.567823639633886
P1040822,yorkurban,False,True,False,worst VP localised to 1.38 deg,190,1.3160956674225162,0.9164186327710535,0.2123255175755279,0.4500479855635339,40.45327685291287,1.3892020369445248
P1040823,yorkurban,True,True,True,,256,13.340752059217053,9.493861789215986,0.383414492623678,0.7036068596519633,24.473707858531,13.355340637989755
P1040825,yorkurban,True,True,True,,241,0.1747235050311957,0.11430921042412713,0.021059939399454893,0.010383784624070943,51.99458475223751,0.22056077732410984
P1040826,yorkurban,True,True,True,,189,0.9989952661707378,0.618390861660797,0.27213197124994354,0.059548041347135684,74.07375653412333,0.9780141935706439
P1040829,yorkurban,True,True,True,,378,0.35978804152108523,0.26454384489935345,0.08835327324230847,0.16144921637604032,48.11783822039517,0.4183173827775164
P1040833,yorkurban,True,True,True,,631,0.6440996214185617,0.5055674707424077,0.12984031911060512,0.16403027873746578,68.55999744211388,0.6899836944775473
P1040839,yorkurban,True,True,True,,550,0.45716630740473363,0.2745149763675426,0.1682830392040179,0.006892407755579814,51.61046100487531,0.46712108648262074
P1040843,yorkurban,True,True,True,,389,0.38971842098534637,0.2508087554604999,0.20662416168790876,0.11999547526221574,53.2013088257444,0.2985447579329161
P1040845,yorkurban,True,True,True,,427,0.026632166191546958,0.02061338763402238,0.015816605627691542,0.007663340274838853,49.89310681802923,0.031886009289095796
P1040850,yorkurban,True,True,True,,395,0.8034388892816651,0.497581517610783,0.12087868740940627,0.015865555424808633,49.91831179735208,0.6998474926673168
P1040853,yorkurban,True,True,True,,308,0.8378603864091332,0.5295405941037588,0.22623892485948627,0.12075647480279232,45.87781960192907,0.8074216309209135
P1040854,yorkurban,True,True,True,,621,0.6745174641802549,0.4948620901820075,0.09666087863098045,0.06635882083184919,53.376308047823045,0.6745174641802549
P1040855,yorkurban,True,True,True,,478,0.4754429796117705,0.3263423605010959,0.30631915319666764,0.21504685328635695,46.049879514492346,0.43613384144533995
P1040856,yorkurban,True,True,True,,513,0.44913309413112756,0.3706165786723796,0.08974794206535616,0.0556422362234433,49.67150428365727,0.4644893038583007
P1040860,yorkurban,True,True,True,,464,0.39587222670442657,0.23373089279379647,0.354426022909767,0.2831733750029216,48.48412177346616,0.25863249644119435
P1040862,yorkurban,True,True,True,,227,0.9946685687088035,0.7867028871286887,,0.24480814010178847,47.573846673829074,0.9374203323993413
P1040863,yorkurban,True,True,True,,388,0.6601472066489436,0.4145636713208912,,0.19245709071060235,45.412543083524206,0.46817684072421173
P1040870,yorkurban,True,True,True,,336,1.1210005565613557,0.6604154167701484,0.07865891409250214,0.09545141813935207,50.897418938820195,1.1255918862054841
P1020816,yorkurban,True,True,True,,363,0.47969185819309246,0.27838163513749037,0.0638491944959752,0.08225208004814161,51.087907075387676,0.47492476822895924
P1020817,yorkurban,True,True,True,,350,0.6267439380313391,0.37120250205991256,0.1001322353165059,0.05809318877618758,51.07592942132567,0.6092399828712161
P1020819,yorkurban,True,True,True,,344,1.2271688290362448,0.7511119733901879,0.09936545207743491,0.03460131730464801,51.07183476730629,1.1795230012948963
P1020824,yorkurban,True,True,True,,152,0.5161789715466796,0.3720610188496705,0.209337310769885,0.01644488783052651,49.196491902241895,0.5347531572501083
P1020825,yorkurban,True,True,True,,122,1.3748314513178883,0.9037156144366589,,0.05194786164193919,49.42276857075033,1.3748314513178883
P1020831,yorkurban,True,True,True,,561,0.5860667128353754,0.41857299813355214,0.29676792894985554,0.5147359731749348,49.80723491310799,0.5882266331208967
P1020839,yorkurban,False,True,False,worst VP localised to 1.13 deg,195,0.8837037840241351,0.5402444681997063,0.2088131644512236,0.9492625005632037,53.863895412769466,0.8837037840241351
P1020847,yorkurban,True,True,True,,400,0.42423904963011694,0.3175115585879925,0.08926452456143959,0.14156105948067177,52.21375552669361,0.48173338774765284
P1020848,yorkurban,False,True,False,weakest family supports only 5.7% of line length; worst VP localised to 2.21 deg,608,51.41720924166377,30.625868296732516,0.21028093663568462,2.1524455252655423,27.04098297170207,1.184377436361956
P1020867,yorkurban,True,True,True,,279,0.20316272277565872,0.16400351644769798,0.04144090961823204,0.04110926363181622,49.890484675170676,0.3096219345183755
P1030001,yorkurban,True,True,True,,616,0.8822881603104378,0.6138447178265393,0.0286628571739109,0.03395053078989411,49.535389576286924,0.8514021991631324
P1030004,yorkurban,True,True,True,,399,2.305068170786271,1.380315022207935,0.07235143443489347,0.15043578054498866,48.07374090224317,1.954939936841967
P1080005,yorkurban,True,True,True,,647,1.3155437240937573,0.7753677890307022,0.056100143854080346,0.1090407834553932,49.71515471040641,0.7425068205322276
P1080008,yorkurban,True,True,True,,759,0.5785911667598782,0.34750187297825474,0.018662805254349893,0.030738230940940282,50.720467290934195,0.4705777316716251
P1080011,yorkurban,True,True,True,,391,0.6472214572614234,0.3878519796539016,0.02184159408851976,0.038182962315486256,49.95794495406821,0.8279416486807492
P1080015,yorkurban,False,True,False,weakest family supports only 4.1% of line length,542,0.23774204797310006,0.21438785238771946,0.032634543758969944,0.027695811248179505,51.281145837074455,60.19665800578981
P1080018,yorkurban,True,True,True,,583,0.596288436293662,0.48750515588450116,0.025085462069575865,0.022618296077954462,50.7899060897949,0.6234161706375403
P1080020,yorkurban,False,True,False,weakest family supports only 4.8% of line length,628,0.4033657217073596,0.2601067295964467,0.04002396736962427,0.05383047707751109,53.12984607744854,0.3911978537669256
P1080021,yorkurban,False,True,False,weakest family supports only 5.8% of line length,345,0.5449065875024104,0.40868008628855595,0.043917418779379803,0.034811094411919916,51.07252483236665,0.5759067682399035
P1080023,yorkurban,False,True,False,weakest family supports only 6.6% of line length,814,0.5451906364720998,0.3927113826105473,0.03020396976477704,0.05069905955368474,48.43932662002106,0.5654584899703536
P1080025,yorkurban,True,True,True,,286,0.20849815245848902,0.14555282122037252,0.02578842624467386,0.05325857441153947,50.6757907748008,0.4006830831402084
P1080031,yorkurban,True,True,True,,535,0.34097184604588904,0.2267479881592017,0.022862348096695146,0.03794503755727396,52.15215972974154,0.338777792907635
P1080032,yorkurban,False,True,False,worst VP localised to 1.23 deg,275,2.8261116017088455,2.0534399524395357,0.2823287644170097,0.12425028808095209,50.559118248096674,2.6169200162354684
P1080033,yorkurban,False,True,False,worst VP localised to 2.17 deg,338,0.33415370313274195,0.2008225331753716,0.010451299903085071,0.10867689325009403,55.69870508860994,0.33940814995553126
P1080036,yorkurban,True,True,True,,423,1.2930966000388935,0.782629599513829,0.07522376172424794,0.047918578346694565,50.43413536888923,1.2285978739938628
P1080045,yorkurban,False,True,False,weakest family supports only 6.2% of line length,337,0.7491701954288317,0.5396548608422305,0.02856558912262389,0.023672016105010848,49.96547484932143,0.7222090204910785
P1080047,yorkurban,False,True,False,worst VP localised to 1.11 deg,276,2.349977166204681,1.4440671089863142,0.23217535636122233,0.04863271785364522,48.00156666339981,2.3676032781619227
P1080049,yorkurban,True,True,True,,650,1.5744686527522873,1.029832053658693,0.05332146351988409,0.10039705679455756,48.660644959639484,1.5964301179731564
P1080053,yorkurban,True,True,True,,386,0.6182616489186756,0.3672797162730403,0.02423479834150857,0.04797278096508697,47.050132313351284,0.251092483921596
P1080055,yorkurban,True,True,True,,407,1.2895107559914578,0.750483960400988,0.08203747649637211,0.17007792487936638,50.81411750100998,1.0318021358653908
P1080056,yorkurban,False,True,False,worst VP localised to 1.89 deg,355,6.1352570353448215,4.015298060321335,0.44022898376242453,2.148253855921452,15.215980414292787,6.045039617379672
P1080057,yorkurban,True,True,True,,421,0.577738877332493,0.37291540835709897,0.029471979215670945,0.039722126979740174,49.52044346574121,0.5419738292149248
P1080062,yorkurban,True,True,True,,403,0.08555344874791615,0.05174691108767846,0.11627391410604868,0.028216187728316355,54.15907295698489,0.4466231451010714
P1080063,yorkurban,False,True,False,worst VP localised to 1.04 deg,507,0.6983451072565572,0.4642085808624853,0.20528530849215212,0.15509271650629203,54.99271151268772,0.6606423888661368
P1080074,yorkurban,True,True,True,,387,1.6304101704706682,1.0103524326401565,0.053307621371462874,0.07010977049964837,51.25631789852612,1.4542614865798527
P1080077,yorkurban,False,True,False,weakest family supports only 7.9% of line length; worst VP localised to 1.04 deg,351,0.571254916437212,0.4072878497742992,0.0313636768531694,0.01164875013338219,49.58978715113836,0.5179275691375551
P1080078,yorkurban,True,True,True,,570,0.36015166799334963,0.22608314933921417,0.17882221108130475,0.11849458781138048,44.986397180711435,0.4049740201921139
P1080079,yorkurban,True,True,True,,659,0.379111296234214,0.25227516302432595,0.12222790524334397,0.23076535541011287,48.965944183831226,0.38312130904407127
P1080084,yorkurban,False,True,False,weakest family supports only 4.0% of line length; two VPs separated by only 3.6 deg; VP separation only 4.3x its uncerta,414,86.45948434251623,49.93654371555884,0.39098756888985114,18.30243482131702,37.21687132741039,80.52782941577415
P1080091,yorkurban,True,True,True,,541,0.845541597828543,0.5014193439513617,0.14297290148561564,0.19544256911290328,50.52038654256445,0.8443066543317599
P1080092,yorkurban,True,True,True,,498,0.5217059187077666,0.30969962658844497,0.019015495439175488,0.24541857825979652,48.54310807671922,0.5448163580641676
P1080093,yorkurban,False,True,False,weakest family supports only 8.0% of line length,529,1.0207894397166228,0.622131086482348,0.046823009560048444,0.04957329894881252,51.41496536796723,0.9861086092235922
P1080096,yorkurban,False,True,False,weakest family supports only 7.9% of line length,365,0.6161662797236147,0.417240862750612,0.04896099990106779,0.01708445966312307,49.3361871248181,0.6003741717822209
P1080100,yorkurban,True,True,True,,354,0.6124552615545866,0.36438362709964534,0.0226581730652557,0.037828042294144625,51.249907114726135,0.5271065566703754
P1080104,yorkurban,True,True,True,,506,0.3946001935120904,0.31914511963549935,0.015191969585667948,0.00966592868082324,50.444783176908274,0.39421986119853614
P1080106,yorkurban,True,True,True,,248,0.26043938467164196,0.17783198365600084,0.012177395171972562,0.015680078020544237,50.81748450295699,0.4394297583396565
P1080111,yorkurban,True,True,True,,518,2.8527948126075273,1.710571638660547,0.11948787682797288,0.2843075670226623,47.596756777614836,0.08986874848368132
P1080113,yorkurban,True,True,True,,662,0.6726155369377551,0.501041082183711,0.024679219135061856,0.01818799093934854,50.59078702836952,0.8121900401742863
P1080116,yorkurban,True,True,True,,346,1.6012544563155586,0.9710237726292799,0.12132981220168162,0.19578936825893717,50.23189858594335,1.3462673387356432
P1080119,yorkurban,True,True,True,,541,0.5466687775925436,0.40187476755163565,0.030576304101182443,0.062202395423033116,49.45578028680489,0.41588169162307054
100038573.jpg,real-commons,False,True,False,two VPs separated by only 2.4 deg; VP separation only 2.8x its uncertainty,724,87.60370773851301,50.587462748958615,0.07362823876059565,51.96495430302075,47.767526484009025,73.53692176712966
101102990.jpg,real-commons,True,True,True,,494,69.795579049086,41.13080445788828,0.4847585653808976,96.56233596506621,25.175985193637363,69.80385848419303
101287934.jpg,real-commons,False,True,False,worst VP localised to 2.39 deg,311,16.21299845709825,9.44945547890738,0.22702043705152547,0.3893960502034943,75.72580288756984,3.236287642968165
103025077.jpg,real-commons,False,True,False,weakest family supports only 1.1% of line length; two VPs separated by only 3.2 deg,837,73.31675882659498,43.00567234418555,0.5760409468780173,21959.238155386647,3.7632948537923894,
10402374.jpg,real-commons,False,True,False,worst VP localised to 1.05 deg,291,2.328230689108807,1.6742182038468194,0.8557243304529859,0.048920555010461414,51.10962119882714,1.7746304505589023
105241817.jpg,real-commons,True,True,True,,269,2.157570419443772,1.3258139155289836,0.07447322047436604,0.06806635139578515,72.12412559607723,0.6120806408287507
105241819.jpg,real-commons,False,True,False,weakest family supports only 3.9% of line length,350,0.23515074679623638,0.15167139839688779,0.005631766448575857,0.0042845350654649875,78.87649617156309,0.5367707288679071
105241820.jpg,real-commons,True,True,True,,303,1.72721629835641,1.0214451055602918,0.08811826230368942,0.09031834305907545,71.63767512630228,0.8391691359202582
105291070.jpg,real-commons,False,False,False,weakest family supports only 1.3% of line length; two VPs separated by only 2.2 deg; VP separation only 3.8x its uncerta,932,85.38903364900003,49.325627631750685,,1514.345853282666,2.423863345660695,0.043809886605629345
105380830.jpg,real-commons,True,True,True,,475,50.0126840337624,33.78106097032029,0.92391706389936,266.28875643066107,8.330096805603594,47.264936630807675
106558465.jpg,real-commons,False,False,False,weakest family supports only 4.1% of line length; worst VP localised to 1.02 deg; two VPs separated by only 2.9 deg; VP ,498,80.41705356970512,46.455681044059126,,61.065646184626495,2.479770311852631,42.13363696540482
10660689.jpg,real-commons,False,True,False,weakest family supports only 7.4% of line length; worst VP localised to 2.18 deg,358,28.300361517664612,16.36532076704218,1.242606028495271,675.6551561831747,10.468474347231826,1.203310957900527
10686514.jpg,real-commons,False,True,False,two VPs separated by only 2.2 deg,561,83.93388269733417,48.46950882096775,0.5065444081275364,12.16235307137906,130.79687182948354,6.141840700231157
107067853.jpg,real-commons,False,True,False,worst VP localised to 2.23 deg,239,59.71133119600532,34.56423832982139,0.33646238995899047,1.4291677967831042,63.41518687901672,7.761641989485554
107361509.jpg,real-commons,False,True,False,weakest family supports only 2.5% of line length; worst VP localised to 3.00 deg; a family spans only 0.08 of the diagon,311,27.86426937885024,21.74353193847704,0.577761792954277,20.560701287668405,2.3844597094066136,4.997293956421345e-08
107361510.jpg,real-commons,True,True,True,,456,10.373879632991972,7.342836270833028,,0.5284744942442643,21.127529775744225,10.094292426267458
107528007.jpg,real-commons,True,True,True,,345,47.363781773481996,27.490268749327786,,2.3037164809890545,29.53278629742743,0.4576517911214921
108115953.jpg,real-commons,False,True,False,fewer than three VP families,290,1.2803170079678239e-08,1.2803170079678239e-08,,,18.011884083601956,1.2803170079678239e-08
111599140.jpg,real-commons,False,True,False,worst VP localised to 3.93 deg; two VPs separated by only 6.1 deg; VP separation only 1.6x its uncertainty,255,80.59668134785326,46.71286097522199,,4.561666580569705,28.259133625925926,76.99186289660543
112636258.jpg,real-commons,False,False,False,weakest family supports only 4.3% of line length,637,3.0671212883960663,2.069361083011647,0.20353903314173297,0.6394078765451233,7.497157603586883,3.2457795287662776
113368842.jpg,real-commons,True,True,True,,377,29.318726380245792,18.760558063245888,,5.630725176960509,5.445483575454332,28.12180179029678
114063282.jpg,real-commons,False,True,False,weakest family supports only 6.2% of line length; two VPs separated by only 2.3 deg,576,87.44886000800747,50.4955375912234,0.06213003868168338,2.295423233204401,61.10353878982574,85.47338586166099
114951785.jpg,real-commons,False,True,False,worst VP localised to 1.87 deg,280,0.5451991271607994,0.4386078732403283,0.22746974941911713,0.06638641022909683,80.96457979050953,0.4974685657583393
115919549.jpg,real-commons,True,True,True,,458,32.06437869526301,30.046531311783422,0.9503913845037796,4226129.608548831,43.66189384440833,31.31522061937804
115919554.jpg,real-commons,False,True,False,worst VP localised to 1.34 deg,123,46.19990090155668,36.49965650883252,,73.37762711822,152.98080897164766,31.36077852107028
115919559.jpg,real-commons,False,True,False,worst VP localised to 1.12 deg,372,23.472324077655557,18.772815859075063,0.6160256108251753,2.2133901834207506,39.7559002046787,0.44641518893936905
117403767.jpg,real-commons,False,True,False,worst VP localised to 1.78 deg; two VPs separated by only 3.2 deg; VP separation only 1.8x its uncertainty,282,86.73702581070768,50.09305765200581,0.5079350688453553,13.480090155879745,40.07434600960967,6.700912668010602
119858370.jpg,real-commons,True,True,True,,309,50.42233886749504,29.73648569045349,,0.5929560879732881,27.138076767831304,3.6223223188857077
121501894.jpg,real-commons,True,True,True,,372,3.260293216058841,2.657502736055511,0.09564638179660259,0.0578215623472144,63.39591598742458,3.2511782452806983
121685664.jpg,real-commons,False,True,False,weakest family supports only 6.7% of line length; worst VP localised to 1.58 deg,445,6.257965125586452,4.005811347644987,0.4412736802466893,0.4796109100345337,52.648433402335215,5.064928466198253
122233284.jpg,real-commons,True,True,True,,165,0.279899930073654,0.18118092634503472,0.19769374713975113,0.586253425430239,71.42680870678926,0.3250513413172911
122915193.jpg,real-commons,False,True,False,two VPs separated by only 3.7 deg,483,86.13886585517763,49.74573309354773,0.06565995803199615,3.844073896063335,48.92652784609277,1.8683988746575153
124585902.jpg,real-commons,True,True,True,,375,69.50591768061308,40.334468721797805,0.11703307502693339,0.6974542838567218,49.46670176257326,10.399890763904267
126185163.jpg,real-commons,False,True,False,weakest family supports only 5.9% of line length; two VPs separated by only 3.0 deg; VP separation only 3.9x its uncerta,374,86.95725896201604,50.21669537915094,0.08593769144267228,6.469554288089023,50.3840918499181,84.55340989651731
126237511.jpg,real-commons,False,True,False,weakest family supports only 3.7% of line length; worst VP localised to 1.40 deg; two VPs separated by only 7.4 deg,268,51.099035643310955,30.90324831175353,,9.501847262671022,4.900342482454084,0.29042826752608164
126352218.jpg,real-commons,False,True,False,weakest family supports only 4.2% of line length; worst VP localised to 2.05 deg; two VPs separated by only 2.9 deg; VP ,309,86.56685389750226,49.99352663079891,0.10461467723319577,3.9958026110597293,62.06883063274338,42.977360859855956
126424394.jpg,real-commons,False,True,False,worst VP localised to 1.56 deg; two VPs separated by only 1.8 deg; VP separation only 3.8x its uncertainty,200,86.75111228581247,50.1048646691369,0.3728170742216421,132.85692088099614,76.03193153951574,2.429592903906311
127256020.jpg,real-commons,False,True,False,weakest family supports only 2.3% of line length; worst VP localised to 1.14 deg,116,16.546476300952776,9.664400594844333,0.16575198940852914,0.1909935559686183,54.46097666522004,8.304120342472743e-07
127256057.jpg,real-commons,False,True,False,weakest family supports only 6.9% of line length; worst VP localised to 1.56 deg,131,15.644121643389596,14.359992608841324,0.7842937411152617,1.6748036266719317,20.045822198956607,15.346183573719415
128369841.jpg,real-commons,False,True,False,worst VP localised to 1.49 deg,228,20.67181836559797,12.031393835728247,,6.613238504425346,20.037051250163948,0.9187801153811677
128753247.jpg,real-commons,True,False,False,,389,2.4544130716169406,1.9407196809196159,0.11880186159965868,0.06454201927715428,64.06946168755617,1.312025996368078
128858921.jpg,real-commons,False,True,False,weakest family supports only 0.8% of line length; worst VP localised to 11.47 deg,391,6.116264371013443,4.119639573814317,0.2219320263474531,0.32981899804686543,44.47642448642095,1.324293765492257e-05
128858931.jpg,real-commons,True,True,True,,605,2.8163204513198963,2.1918351133450553,0.07456456328803109,0.05621909498683413,58.31135765539746,2.6496564010207777
129248360.jpg,real-commons,False,True,False,weakest family supports only 3.6% of line length; worst VP localised to 1.30 deg; a family spans only 0.11 of the diagon,394,44.90651122032144,26.608689621389033,0.6459741635783599,10.684252676384483,7.907361848134273,82.14919700825595
129248361.jpg,real-commons,False,True,False,worst VP localised to 1.09 deg,304,75.81441182061062,43.79044328052654,0.10120469929535017,0.7816212579263994,33.713180105194226,24.090642101804008
130410221.jpg,real-commons,False,False,False,two VPs separated by only 8.5 deg,318,81.17265043237877,46.89141680534004,,343.3546883368641,55.72839473850893,80.32118511093631
131567787.jpg,real-commons,False,True,False,weakest family supports only 4.2% of line length; worst VP localised to 2.28 deg,704,1.3050040429506993,1.147696436850552,0.032577281459398415,0.028722513597511115,67.62708401387724,1.1991765746940644
131567794.jpg,real-commons,False,True,False,worst VP localised to 1.38 deg,646,69.04490339495379,40.72410108794312,0.4657558843917789,150.1586952432637,21.402133451389236,68.99844203200165
131568139.jpg,real-commons,False,True,False,worst VP localised to 2.74 deg,324,0.8991549011486626,0.671695794052116,0.018229159941893003,0.01567815930431997,65.02733632716908,0.5847641204495346
131718006.jpg,real-commons,False,True,False,weakest family supports only 4.7% of line length; worst VP localised to 1.12 deg,246,0.41772294373201646,0.2479839580662378,0.15141602527400277,0.09536825518151197,66.14356379655403,0.31546131455836246
133295087.jpg,real-commons,False,False,False,weakest family supports only 4.9% of line length,477,1.1063119535307777,0.6478794569281958,,1.9976246663803596,7.363757566076058,1.1079570170988404
133797480.jpg,real-commons,False,True,False,weakest family supports only 5.2% of line length; two VPs separated by only 4.6 deg,753,35.526391465191786,30.496517664247595,,4807.790610524582,2.291534791251324,5.873233570665889
133797611.jpg,real-commons,False,True,False,worst VP localised to 1.39 deg,262,52.17309049430602,34.51887280074741,0.9572614883265824,106.80167401268683,20.175715486895513,32.29494438330276
133797630.jpg,real-commons,False,True,False,worst VP localised to 1.05 deg; two VPs separated by only 3.1 deg; VP separation only 2.9x its uncertainty,503,86.92018141559427,50.208383792996344,,76.82888772768551,151.92735313900425,4.680310901477299
133797690.jpg,real-commons,False,True,False,worst VP localised to 1.30 deg,463,34.38092453577575,20.140632633373922,,8.01188527860976,60.7873702139802,3.8541771070682955
133798356.jpg,real-commons,False,True,False,worst VP localised to 1.83 deg,327,9.82878281740156,6.772386822846083,0.5270892187143322,0.4097444658748015,27.04242581381734,1.5195927024396383
133798361.jpg,real-commons,False,True,False,two VPs separated by only 8.3 deg,664,82.23666342392065,47.575091149705436,0.14487655287216,8.85495751820924,53.495712471762815,42.08770283816113
133798370.jpg,real-commons,False,True,False,two VPs separated by only 3.7 deg; VP separation only 4.1x its uncertainty,509,79.71864424138951,56.03968774110009,,143.4076771007158,6.210194230671044,50.98288033429716
133798379.jpg,real-commons,True,True,True,,473,15.97954626101469,12.484005843935508,0.4473869647477808,0.40978651090512713,66.84484248251877,15.132232347565903
133798455.jpg,real-commons,False,True,False,two VPs separated by only 4.5 deg,733,86.62626143749343,60.82041058620362,,2.2361529185946565,30.845838713511892,67.44186758541225
133798459.jpg,real-commons,False,True,False,weakest family supports only 6.5% of line length; two VPs separated by only 3.6 deg,612,86.65142892344741,50.029676533556376,0.008179450216638245,1.740017523286106,36.65908026769525,60.47361203286651
133798500.jpg,real-commons,False,True,False,worst VP localised to 1.06 deg; two VPs separated by only 4.3 deg; VP separation only 4.0x its uncertainty,463,86.31064851269464,49.85305192760189,,35.72573287645405,84.5044254875234,1.7037145308316894
133798579.jpg,real-commons,True,True,True,,374,29.446059108716206,21.541605697644076,,0.16815426157147523,137.7376595031089,27.736065293899735
133798600.jpg,real-commons,False,True,False,weakest family supports only 5.2% of line length,555,6.002651366017744,3.70359849109928,0.49564707625889726,3.3732968840042266,63.81972153497576,3.6481750134687445
133798615.jpg,real-commons,False,True,False,weakest family supports only 7.3% of line length,514,3.3445821129000564,2.219581381908758,0.2196891925246601,1.2544019935225923,53.92072140954805,3.3640456601285535
133798616.jpg,real-commons,False,True,False,worst VP localised to 3.69 deg,295,42.48982510345419,31.276404245701002,0.445926280049504,7336.132121633127,19.22482169553011,36.737868122329424
133798648.jpg,real-commons,False,True,False,two VPs separated by only 2.4 deg,289,87.32262150673317,50.42719406274266,0.059945408383579306,8.254049397257193,70.85277596612046,0.7885248607968265
133798697.jpg,real-commons,False,True,False,worst VP localised to 2.00 deg; two VPs separated by only 5.0 deg; VP separation only 2.5x its uncertainty,478,85.09519696514799,49.170532963176164,0.0952760755646511,335.5040695521821,37.183394059628625,82.8253580254633
133798698.jpg,real-commons,True,True,True,,453,51.383414329402356,33.61177355586184,0.43658145684490324,338.5599646451782,33.77803111797547,42.09891481580681
133798706.jpg,real-commons,True,True,True,,958,7.553728459756513,6.331393067505901,0.17034492542536914,0.11490928453420268,72.69285906652325,5.337479301179769
133798741.jpg,real-commons,True,True,True,,926,7.256631534384198,4.898624783682679,0.14213665480248844,0.12418615375274478,68.6833287574177,5.116208888444959
133798742.jpg,real-commons,False,True,False,two VPs separated by only 5.8 deg,288,83.60096671002633,48.33532154138708,0.0967595864854993,7.944168324410177,79.32659121744415,23.567287424821814
133798758.jpg,real-commons,False,True,False,weakest family supports only 7.3% of line length,412,42.30897771988413,28.186111792054763,0.4311817010359823,0.8631217493079069,115.49404807336447,5.307474675898078
133798768.jpg,real-commons,True,True,True,,459,67.63126748977584,39.13556366004042,0.08591765553533107,0.9896141660810404,83.49015445110804,60.79113582805116
133798774.jpg,real-commons,False,True,False,worst VP localised to 1.20 deg,535,4.0836729489898715,2.530661029186898,0.1323899900541408,0.1998769050893887,61.48998210155376,4.123435774419747
133798775.jpg,real-commons,False,True,False,worst VP localised to 1.27 deg,566,15.37955720614255,9.75161496162815,,0.7084245189236636,62.79111020767462,15.384704232564943
133798799.jpg,real-commons,False,True,False,two VPs separated by only 3.6 deg,495,86.4341170404584,49.91421011961934,0.14299420671193516,2.402713455697092,55.17243450144542,66.60038669946607
133798810.jpg,real-commons,False,True,False,weakest family supports only 3.1% of line length,208,31.93322362129623,22.724490630921647,,2.0445244045321247,55.03433585856661,6.471791778039915e-07
133798825.jpg,real-commons,False,True,False,worst VP localised to 1.13 deg,337,44.95970444443952,28.49431497301547,0.35413832515914695,5.197868793291929,26.601255003237448,26.23555763247186
133798837.jpg,real-commons,False,True,False,weakest family supports only 7.4% of line length; worst VP localised to 1.46 deg,281,56.95894673132637,40.37202448226242,,0.618342855903756,52.468230999735496,54.8476823941202
133798842.jpg,real-commons,False,True,False,weakest family supports only 5.4% of line length; worst VP localised to 1.20 deg,363,13.139567448398992,10.563405608861272,0.39845616093745784,0.5104478965906012,46.01123657841372,13.04523833782595
133927081.jpg,real-commons,True,True,True,,286,1.4095318326302078,1.0208822592380031,0.0335278724302383,0.037132160735039596,73.67839577937907,1.5047965976624198
133927083.jpg,real-commons,False,True,False,weakest family supports only 5.4% of line length,284,2.5231567216592765,1.9182381695115502,0.07107697547016696,0.058530930423346644,65.10984778780183,2.2935930162650777
133927149.jpg,real-commons,False,True,False,worst VP localised to 1.02 deg,480,1.643511710192115,1.0293161135762174,0.09374940398017907,0.3241248952162965,31.56404388369952,1.6113970188136335
133927150.jpg,real-commons,False,True,False,weakest family supports only 5.6% of line length; two VPs separated by only 2.3 deg; VP separation only 2.7x its uncerta,674,87.64659216214142,50.61190409116793,,1310.872080936006,120.10115349291385,39.659629994115804
133927151.jpg,real-commons,True,True,True,,501,0.5954138698506313,0.362408424466006,0.06561718405847573,0.34090109889267434,17.068016170041332,0.4265578117654627
134289001.jpg,real-commons,False,True,False,weakest family supports only 7.1% of line length; two VPs separated by only 3.1 deg,841,86.96193413932423,50.208632218046894,0.020373827294028195,9.308976193499033,51.7474489172459,9.751620382718116
134289003.jpg,real-commons,False,True,False,weakest family supports only 5.2% of line length; worst VP localised to 1.03 deg; two VPs separated by only 3.4 deg; VP ,401,86.78853309241634,50.11532512795145,0.47008907352467183,28.65106955480054,79.66787923839195,0.929729640176916
134289013.jpg,real-commons,False,True,False,weakest family supports only 7.0% of line length,703,72.44966100403518,41.830209079997864,0.004802568186712818,0.6938659866321261,66.62910486716909,0.40133973680946156
134289297.jpg,real-commons,False,True,False,weakest family supports only 7.2% of line length; worst VP localised to 1.13 deg,630,0.5405548132266063,0.32533385010536064,0.07670703367822161,0.09193064666501359,66.42171830719076,0.534220431137868
134289304.jpg,real-commons,False,True,False,weakest family supports only 7.2% of line length; two VPs separated by only 3.0 deg; VP separation only 4.6x its uncerta,866,87.03377442610406,85.67355039528954,,5.647301266670472,151.92738952622994,42.00501764441146
134289312.jpg,real-commons,True,True,True,,475,0.5899431796036794,0.47680351104077007,0.05727191634426657,0.010675446485348279,66.35539298986798,0.6601542992809613
134289315.jpg,real-commons,False,True,False,weakest family supports only 6.5% of line length,687,23.447401450450215,13.72968377169884,0.8835974096979622,10.065891180232791,60.80957711265853,21.645179309217056
134289321.jpg,real-commons,False,True,False,weakest family supports only 5.5% of line length; worst VP localised to 1.30 deg,508,0.38262514241786505,0.23070823764727688,0.13905961114300677,0.2041765851243435,66.68542957884374,0.37952221259089924
134289370.jpg,real-commons,False,True,False,weakest family supports only 7.3% of line length,345,0.2671039058759561,0.15469672808909832,0.0443529829029978,0.05584044429605327,67.34184354749067,0.2790850359261725
134289377.jpg,real-commons,True,True,True,,447,0.5938391028642371,0.3695342749601429,0.04835450582021922,0.022452775582392098,66.83971083306619,0.590646116979471
134289381.jpg,real-commons,False,True,False,weakest family supports only 6.4% of line length; worst VP localised to 1.29 deg,572,1.9018094989339858,1.1416404279624446,0.09675747970302359,0.13338234395963267,64.27528148822617,1.7745180407586787
134351811.jpg,real-commons,False,True,False,weakest family supports only 5.5% of line length,441,2.7479781789809294,2.380675737496388,0.076832397510741,0.045488466846074674,82.78359940669122,2.697169462245469
134351812.jpg,real-commons,False,True,False,worst VP localised to 1.18 deg,453,30.75491467838384,27.97318813076631,1.1492767538964008,15.269988315722188,21.10992251817333,29.55601203095265
134351813.jpg,real-commons,True,True,True,,353,1.0733418285270488,0.8802186667887791,0.03868400089863031,0.025248124116762364,97.76842005407413,0.9853419148108458
134356706.jpg,real-commons,True,True,True,,432,1.203454030371958,0.7822865235230552,0.09942956289287319,0.37002030454672635,20.541043634698497,1.21294602308825
134408326.jpg,real-commons,True,True,True,,613,0.22164821783714217,0.12857778095388855,0.020961961976963463,0.02518037706070691,66.80531311687055,0.22164821783714217
135702891.jpg,real-commons,False,True,False,weakest family supports only 4.4% of line length,382,0.26265213192532144,0.16120962940571773,0.0075188654983956126,0.008835503572158248,61.521773865672756,0.2864875461504397
136776699.jpg,real-commons,False,True,False,two VPs separated by only 5.4 deg,401,85.32139815028357,49.32521303774878,,4.480085954763521,63.97174437358542,81.40326646219944
138239479.jpg,real-commons,False,False,False,weakest family supports only 3.9% of line length,339,9.751324598271438,6.355634103162199,0.5593084488947729,2.774670769390051,4.851824658940376,4.067226311770938
139658745.jpg,real-commons,True,True,True,,484,50.42543903373538,29.509781029267742,0.3930187403292569,1.4545316366932584,149.38407725049035,2.781712014986738
139760688.jpg,real-commons,True,True,True,,450,44.942496494959904,25.9478521046752,,3.1446233843144626,24.3054410389383,0.2602654195263625
140073054.jpg,real-commons,True,True,True,,443,2.193186772475755,1.6143727829846715,0.339801756893611,0.05570434640613054,47.190288841547314,2.1773335522824055
140080569.jpg,real-commons,True,True,True,,446,0.3678725401554459,0.23005835790908755,0.9354506918459097,0.9217319700787203,92.39321720958594,0.3889355574418403
140130433.jpg,real-commons,True,True,True,,486,6.429846801607937,4.8070316983371395,0.4744152425260689,0.41888077888820197,68.15731937825431,6.422463413214871
141067890.jpg,real-commons,False,True,False,worst VP localised to 1.98 deg,362,2.9375715428479907,2.4624216346559287,0.276427214741387,0.3040072088840578,67.56991980218969,2.9456268555514526
141067896.jpg,real-commons,False,True,False,weakest family supports only 7.2% of line length; worst VP localised to 1.14 deg,479,4.536745476196799,3.049044018172606,0.3058808018550025,0.1784253002446131,68.01908531542297,4.4950681516092885
141067897.jpg,real-commons,False,True,False,weakest family supports only 6.5% of line length; worst VP localised to 1.42 deg,536,4.661770243046973,3.7266108465163006,0.3520818723171428,0.06426764998767193,70.69911855235516,2.9717562077021
141067899.jpg,real-commons,True,True,True,,422,4.020293159590594,2.6409334651314293,0.11675368959607015,0.1581198556186474,61.24802218718438,4.081178194229096
141067903.jpg,real-commons,False,True,False,worst VP localised to 1.11 deg,487,4.123790380301571,2.8361573521732852,0.15909913540447346,0.12637877203063413,56.17924185426762,4.056757716775266
141123623.jpg,real-commons,False,True,False,weakest family supports only 5.7% of line length; worst VP localised to 1.40 deg,452,19.022477425595582,14.680919563553296,0.6688903907069513,13.862907286199617,4.815427582895004,17.773511218571997
141125806.jpg,real-commons,True,True,True,,447,0.7654122683183289,0.5003067600902915,0.06708593663676805,0.06931468295275744,53.97840789533679,0.7827367268867533
141990277.jpg,real-commons,False,False,False,weakest family supports only 3.1% of line length; worst VP localised to 1.15 deg,458,7.0955723702592906,4.808932459126309,,16.840916770959787,2.34660711588077,0.008068517717802592
142113018.jpg,real-commons,False,True,False,worst VP localised to 1.02 deg,509,0.33558931228439803,0.2139259660394781,0.11017166392896569,0.049956386080545756,32.409081856581906,0.34501631612621964
142113033.jpg,real-commons,False,True,False,weakest family supports only 5.2% of line length; worst VP localised to 1.27 deg,405,5.364890139264162,3.3815735766205246,,0.18275424345151853,51.75222336031982,5.305278847511389
142127097.jpg,real-commons,True,True,True,,557,1.9783246993196144,1.2214429385996965,,0.468241048293223,69.282578112466,1.9475549117740911
142127098.jpg,real-commons,True,True,True,,336,4.579308620641996,3.0424069818921655,0.3119840942023572,0.06296812517643197,65.2285563405539,2.069207350522518
142127100.jpg,real-commons,True,True,True,,332,4.423933389655559,2.800637120503831,,0.1282718589555556,66.69412584781763,4.465587743331881
142127101.jpg,real-commons,False,True,False,weakest family supports only 7.3% of line length; worst VP localised to 1.53 deg; two VPs separated by only 9.6 deg,317,79.7288133076916,46.067862773115515,,10.876739262765058,30.215089632539293,39.29685571407275
142127106.jpg,real-commons,False,True,False,worst VP localised to 1.59 deg,478,1.09536957565156,0.8726441865946043,0.14010115529147546,0.17778410099476563,41.249104268201364,1.0538842110798612
142127112.jpg,real-commons,True,True,True,,569,0.2621025278932194,0.1571120310172033,0.024013915853947528,0.04863133687269365,37.99356934515882,0.4193748118978249
142127114.jpg,real-commons,True,True,True,,336,0.9167497538732334,0.6203742879949546,0.5409740882663413,6.6447692821634305,37.98284554489283,0.9067588587944329
142127115.jpg,real-commons,True,True,True,,343,2.8995313433048437,1.7682788944429317,0.08156993385401366,0.09539336400364079,60.692093200106264,3.0542918804435146
142127124.jpg,real-commons,False,True,False,worst VP localised to 5.10 deg,448,1.0975168499752783,0.8915049044032465,0.21309004846152688,0.6145414271325507,35.1661391795742,1.306496084905035
142127126.jpg,real-commons,True,True,True,,598,1.4195642344210455,0.8452970805987201,0.16905129434668315,0.4702214640296263,40.41575499991192,1.3655221339874402
142127127.jpg,real-commons,False,True,False,worst VP localised to 1.30 deg,289,57.69452495723513,35.058302629408225,0.44672728543097495,8.026379979462378,24.001686118426445,25.901176795987553
142127135.jpg,real-commons,True,True,True,,318,0.5209459183917886,0.37423502289193933,0.1059689247218182,0.13981573773563208,71.86058921397708,0.4750896374609681
142127137.jpg,real-commons,True,True,True,,600,1.1569538301355777,0.6951029469429788,0.11558064653845969,0.08316533984197014,70.09649869976003,1.1261545954641434
142127141.jpg,real-commons,True,True,True,,586,0.789159938845799,0.47286987506963346,0.10061349345880674,0.5884335151118951,70.54243663833529,0.7550490803763097
142127144.jpg,real-commons,False,True,False,weakest family supports only 5.0% of line length,541,0.9363584586923821,0.6567356142662085,0.11094520391374771,0.07483920985390542,59.00441761502292,0.9524047933537929
142127145.jpg,real-commons,True,True,True,,355,1.4944589088345026,0.8794728879496932,0.4750768741258322,6.303947874743877,68.95374432712026,1.494186657870216
142127147.jpg,real-commons,True,True,True,,370,1.442485891735302,0.8778987632606445,0.15609916036461566,0.45663997470496825,67.83413611618668,1.5259696392603956
142127148.jpg,real-commons,False,True,False,weakest family supports only 7.9% of line length; two VPs separated by only 2.4 deg; VP separation only 3.4x its uncerta,513,87.61854017943907,50.59551818746794,0.45675043892448147,16.352411883891904,35.59942834845628,85.28582643225278
142127151.jpg,real-commons,False,True,False,worst VP localised to 1.15 deg,364,5.860965768636618,4.314260747062447,0.4255874169468961,1.4899309894266906,54.35848209592228,5.441050937395488
142127154.jpg,real-commons,True,True,True,,350,1.046825830235349,0.8519923290269111,0.06688365532222264,0.10978555131905202,60.803537910749185,1.0546950600014782
142127155.jpg,real-commons,True,True,True,,474,2.8007864531151228,2.1920628389217214,0.09888073452893979,0.1096507959279761,38.491969730273276,2.674995206933076
142127157.jpg,real-commons,False,True,False,worst VP localised to 1.01 deg,546,1.259060635080047,0.8078913188597721,0.09149327728771442,0.2261495546885026,34.34283182013178,1.2998975732205338
142127166.jpg,real-commons,True,True,True,,576,1.088689353568725,0.6371012518973009,0.09488888653055806,0.26931217072723584,34.972254952137305,0.9652705116934612
142127172.jpg,real-commons,True,True,True,,352,3.8465736456109454,2.889512858187432,0.11357364219891052,0.1003262711415441,63.19059890564194,2.0644532207397503
142772811.jpg,real-commons,False,True,False,weakest family supports only 7.5% of line length; worst VP localised to 1.94 deg; two VPs separated by only 4.8 deg; VP ,231,85.2118095159199,49.23570413676032,,57.286640284207344,48.426048814382476,45.72707674250007
144073369.jpg,real-commons,True,True,True,,456,0.6370733904895047,0.5291980404659867,0.020134532421612936,0.01787749612127853,73.56963274789712,0.5437647703474937
144073372.jpg,real-commons,False,True,False,weakest family supports only 6.8% of line length; worst VP localised to 2.29 deg; two VPs separated by only 9.0 deg; VP ,430,81.23541895689198,46.9201565064247,0.20720521528986466,27.6217991325058,48.92091558781596,1.836794603089885
144073375.jpg,real-commons,True,True,True,,426,78.8014614358517,45.616998577182066,0.04425294079149786,25.771219250229606,56.043116071510376,1.2521586060405099
144073379.jpg,real-commons,True,True,True,,388,1.7745028739755497,1.2380691707200908,0.15749459113327038,0.10170802110038521,85.85228150639925,1.7874590853852652
144073382.jpg,real-commons,True,True,True,,377,0.7125049651698703,0.5173967728463089,0.017387850912918584,0.015140093090962791,71.83859091106791,0.686042750894643
144073388.jpg,real-commons,True,True,True,,342,0.4032537050034506,0.2805305484511639,0.007933747135741744,0.009410337730526077,72.88593292390115,0.36473186818402326
144073395.jpg,real-commons,True,True,True,,354,0.16033214772137683,0.10665208430765453,0.0031670395224347903,0.003802032612497623,72.8665540788645,0.15892272929514206
144073397.jpg,real-commons,True,True,True,,321,0.16672723101700626,0.12056369967877936,0.003150647163603153,0.0033687935278403002,73.0528287748451,0.16223877328725678
144073708.jpg,real-commons,False,True,False,weakest family supports only 7.1% of line length,446,39.68695205142204,27.929602183671854,0.959470354853353,11.062330921328815,46.04426258200081,16.20455769722132
144073745.jpg,real-commons,False,True,False,weakest family supports only 5.2% of line length,428,1.3693817298470208,0.9000990200265704,0.027177783550442914,0.031447498148761986,70.74770092333611,1.393086127278167
144074254.jpg,real-commons,True,True,True,,428,1.963744753805443,1.4060370430712836,0.03693656720863669,0.03604658926226511,75.63191019463032,1.7747016587961184
144074378.jpg,real-commons,False,True,False,weakest family supports only 3.1% of line length,476,72.19973249690561,41.97327854186117,0.26676035842730034,1.0071785661856314,83.27558146517771,71.49919541854851
144074831.jpg,real-commons,False,True,False,weakest family supports only 3.3% of line length,454,65.53531829310832,38.21108810157988,0.44526382817763815,0.6965165469956006,81.9783241186312,65.28323630124576
144075120.jpg,real-commons,False,True,False,weakest family supports only 4.3% of line length,582,15.537032223562477,9.949317675019502,0.1096442483861131,6.698674880499861,65.08943449995398,9.720502304578375
144075360.jpg,real-commons,False,True,False,weakest family supports only 4.5% of line length,465,43.22193598530893,28.975492224523766,0.9781059351461209,16.068436200350074,44.662364387944805,18.20319020082566
144075366.jpg,real-commons,False,True,False,weakest family supports only 5.1% of line length,449,40.36520237956325,28.79591908363396,0.9670599283250295,12.619712209399705,52.81953800155773,19.18301097056549
144075889.jpg,real-commons,False,True,False,weakest family supports only 4.1% of line length,439,52.6579294516206,31.43813107292015,0.038990704359514884,26.724932947791658,51.46337960442585,19.46227780401547
144076339.jpg,real-commons,False,True,False,weakest family supports only 5.1% of line length,540,28.84304777791501,22.49810985312885,,3.291038656381428,92.42098714500621,23.620360402827373
144076551.jpg,real-commons,True,True,True,,427,65.13093358669255,37.98761936258477,0.2255962115949395,0.7004577548501311,83.0871004347618,1.1877860537083649
144076553.jpg,real-commons,False,True,False,weakest family supports only 8.0% of line length,430,65.07177322709931,37.94510827125901,0.2188851611168347,0.6886921696981343,83.28617950942596,0.5859555971516386
144076561.jpg,real-commons,False,True,False,worst VP localised to 1.94 deg,374,6.297118508498869,4.959708704215998,0.14534204516157237,0.3219197438676751,31.85574615516128,5.994458650047633
144076565.jpg,real-commons,True,True,True,,214,0.5853870335726015,0.42173437774213596,0.20145239211057722,0.2842911346858304,57.345209103090816,0.5641737938187106
144076582.jpg,real-commons,False,True,False,weakest family supports only 5.5% of line length; worst VP localised to 1.36 deg,313,32.82653501254423,24.893031823461644,1.222859729410056,135.34382714223707,9.13824352447714,33.359404243453085
144076584.jpg,real-commons,False,True,False,worst VP localised to 1.79 deg,283,0.68567711832317,0.5851084595867929,0.031066437445688565,0.02969121358164121,71.26493573465545,0.7704389336483644
144076616.jpg,real-commons,False,True,False,worst VP localised to 1.39 deg,331,13.911291163182398,13.013306383205055,0.5284458280597647,2.3149480125712767,16.4719226131231,11.776162767951234
144076620.jpg,real-commons,False,True,False,worst VP localised to 1.23 deg,381,1.24302506715145,0.8066377802481542,0.02570455941968922,0.029958613052564403,70.89288869924104,1.2408722077342844
144076628.jpg,real-commons,False,True,False,weakest family supports only 5.1% of line length; worst VP localised to 1.17 deg; two VPs separated by only 3.2 deg; VP ,447,86.4942387377453,49.938914770073595,0.04847824793811012,323.2414311498245,9.481556982992092,52.76842782134537
147110769.jpg,real-commons,False,True,False,two VPs separated by only 2.7 deg,243,87.5232870345064,50.53592776784652,0.08782754838494511,9.65386996522871,40.12073000549806,10.186868654417722
147574082.jpg,real-commons,False,True,False,worst VP localised to 3.38 deg,365,11.026928072030415,7.724991966362783,0.4357591848609452,0.6632474697925543,19.857138657315275,11.102613085345226
147574083.jpg,real-commons,True,True,True,,386,3.4118456543590696,2.5396128417105563,0.18744227802814797,0.23384630079249083,34.5522589458431,3.6055560197708445
147574099.jpg,real-commons,False,True,False,weakest family supports only 7.1% of line length,394,3.142231475072734,2.300173805026025,0.12028043004703888,0.33566961996698097,38.09848998223544,1.659460184132712
147574108.jpg,real-commons,False,True,False,worst VP localised to 1.69 deg; two VPs separated by only 2.6 deg; VP separation only 1.6x its uncertainty,297,87.35566879872825,50.44612597565818,0.12820850225892308,25.895379398731944,45.26674362410749,1.1213383998281472
147593595.jpg,real-commons,False,True,False,weakest family supports only 7.7% of line length; worst VP localised to 1.03 deg,260,1.8844961891467307,1.2467168132235684,0.17699038613188894,0.1618861461581036,89.05272713104601,1.8059373351074868
148718408.jpg,real-commons,False,False,False,weakest family supports only 7.1% of line length; worst VP localised to 2.20 deg,183,14.112859197195078,9.599494227015256,0.6694705896318913,3.9485444700811785,6.895280955988407,15.961689749187855
148796159.jpg,real-commons,False,True,False,weakest family supports only 2.5% of line length; two VPs separated by only 2.8 deg; VP separation only 4.3x its uncerta,665,78.60210753734015,45.41904246218941,0.7808018120424248,904.955734487153,2.2863815396704537,22.220644597232095
149511681.jpg,real-commons,False,True,False,weakest family supports only 6.9% of line length; worst VP localised to 1.96 deg; two VPs separated by only 2.7 deg; VP ,329,87.14545953107879,50.32696106735802,,174.24251178623285,101.96552546532122,46.646002909782474
149844764.jpg,real-commons,False,True,False,weakest family supports only 6.9% of line length; worst VP localised to 2.52 deg,193,4.345182573539972,2.757105894285412,,1.2933765343161563,32.35529106747192,4.349155573108362
150027945.jpg,real-commons,True,False,False,,350,3.4877231268245055,2.3908671809749955,,1.0181585524163506,59.17562205083876,2.2515376870378105
150116680.jpg,real-commons,False,True,False,weakest family supports only 6.9% of line length; worst VP localised to 1.71 deg,277,1.2287981084497233,1.0316636447201526,0.7388644469808648,0.680207179517658,48.909361303499956,1.2365857527809396
150198698.jpg,real-commons,False,True,False,worst VP localised to 1.18 deg,336,5.475990556811283,3.4681812772495517,,0.21345028429524845,60.78489428285001,3.4842091296105195
150254460.jpg,real-commons,False,True,False,two VPs separated by only 2.5 deg,327,86.56657790825857,49.99322197059121,0.41632002205720736,11.343108561030029,77.39274213210116,4.720342754630352
151260109.jpg,real-commons,False,False,False,worst VP localised to 1.79 deg,253,4.588166423489341,2.764699653790027,0.3462855140661247,1.3528894131720157,15.017208412680374,3.4126836021484763
151607867.jpg,real-commons,True,False,False,,305,3.0064513793454495,2.311005756961521,0.14008133110333992,0.11132568462248027,79.5076924237473,2.1934641298321793
153097363.jpg,real-commons,False,True,False,weakest family supports only 6.2% of line length,431,0.5141227004579179,0.3317399685435939,0.1294425876055277,0.10348597461329291,59.28565119712347,0.5489391056676141
153899608.jpg,real-commons,True,True,True,,582,13.45814618415551,7.796139078040662,,0.6472527773405917,60.371617760974495,13.458159344654248
15406810.jpg,real-commons,False,True,False,worst VP localised to 1.23 deg; two VPs separated by only 3.3 deg; VP separation only 2.7x its uncertainty,608,86.7050026359136,50.073307454601775,0.11280601998034494,6.524853414211321,40.79285228462824,84.85095071629344
154768825.jpg,real-commons,False,True,False,weakest family supports only 7.7% of line length; worst VP localised to 1.13 deg; two VPs separated by only 2.1 deg,257,87.08732499756043,50.28207704678493,0.020334966619665582,1.0939035874809961,64.45913193253165,1.8777379739687632
15533725.jpg,real-commons,False,True,False,worst VP localised to 1.25 deg; two VPs separated by only 3.0 deg; VP separation only 2.4x its uncertainty,563,86.97979100199449,50.232510385334116,0.189255696614051,16.682769281653492,46.85611085235554,8.653770923151697
15538215.jpg,real-commons,False,True,False,weakest family supports only 5.2% of line length,495,80.96421353072552,46.87497865744798,0.8874631141988049,8.99246799033962,55.17917816436877,43.18102373237861
15538217.jpg,real-commons,False,True,False,weakest family supports only 7.8% of line length; worst VP localised to 1.25 deg,554,32.27161459350856,25.85206607963643,0.8542177928452492,23.438259096711008,10.998166305345356,18.002634162508798
157624590.jpg,real-commons,False,True,False,worst VP localised to 1.04 deg,553,28.635721529335733,16.534059919229488,0.1444318204986886,0.5176659402517313,19.025120236021376,2.179519650390816
158908474.jpg,real-commons,False,True,False,fewer than three VP families,24,,,,,,
159587511.jpg,real-commons,False,True,False,weakest family supports only 7.3% of line length; worst VP localised to 1.01 deg,512,1.321429692403413,0.7953466674761359,,0.15034759605272352,69.1026704060041,1.3208268434833315
159587535.jpg,real-commons,False,True,False,weakest family supports only 5.6% of line length,533,44.89037921620041,31.017045950178513,0.428123793976915,3.468508510786708,96.0099188942435,28.828850828394394
159587572.jpg,real-commons,True,True,True,,441,0.47790393439559864,0.30022599036414604,0.1010199291756111,0.06272737254854982,71.85233505305231,0.5122929512889272
161755351.jpg,real-commons,False,True,False,weakest family supports only 7.5% of line length; two VPs separated by only 2.5 deg; VP separation only 4.0x its uncerta,644,88.2715087579935,50.96849624487256,0.13416837288752909,1015.4165762146935,19.4716688274464,65.25946973267955
162536417.jpg,real-commons,True,True,True,,407,8.724160939713926,8.189324519160836,0.20587848977518625,0.16741349450314796,63.49666113828175,8.722412539907083
162537105.jpg,real-commons,True,False,False,,433,9.164537396286093,8.621258952799629,0.23152446133365948,0.17168395220353128,62.14974780242323,9.014994796524547
162663045.jpg,real-commons,True,True,True,,598,0.3415286879683208,0.2598524354264595,0.23639534274488452,0.07434708847412669,71.10934401969105,0.3450345283035148
162917765.jpg,real-commons,False,True,False,weakest family supports only 6.3% of line length; worst VP localised to 1.87 deg; two VPs separated by only 4.7 deg; VP ,368,83.9702098350687,48.49524825005693,0.2452729913272018,2.8848621546813185,25.395203240167383,74.65778190531906
162917768.jpg,real-commons,False,True,False,weakest family supports only 7.8% of line length; two VPs separated by only 2.1 deg; VP separation only 4.4x its uncerta,453,87.62985515827607,50.60208821342003,0.6027198202703812,24.4908487206338,70.19265078235905,1.8933592084474498
162927541.jpg,real-commons,True,True,True,,502,0.54442848880133,0.40160746312297196,0.05209161636323604,0.022337941477772846,67.54527755177449,0.5493901905007164
162927548.jpg,real-commons,True,True,True,,556,0.10874935749608028,0.07191755011062938,0.004131832279484517,0.004767580080291799,70.26176520994379,0.10038183263343115
16323118.jpg,real-commons,False,True,False,worst VP localised to 1.01 deg; two VPs separated by only 2.6 deg; VP separation only 2.6x its uncertainty,465,87.39529734771351,50.46785626130363,,1881.3200952656227,41.4274438028924,49.77449416226314
163797595.jpg,real-commons,False,False,False,two VPs separated by only 3.9 deg,381,86.34580967819619,49.85341022656709,0.005276035980460759,0.3695534109493629,39.8747061062279,36.350156630823264
164368723.jpg,real-commons,True,True,True,,741,6.113366458678499,4.090750264686334,0.22745692749149546,0.15527313586192276,35.20882685998846,5.730717637755106
164368837.jpg,real-commons,True,True,True,,411,10.941221346724276,6.678012260745217,,2.871254094412409,71.15018980574477,6.7786616493095835
164368854.jpg,real-commons,True,True,True,,413,8.727162288890213,5.564121957344931,0.3940702484457821,0.1310585069338421,71.86974401317438,5.303962676061346
164368855.jpg,real-commons,True,True,True,,438,8.552433001532748,5.722379595763506,0.3510623255801394,0.18154887406431697,65.81396844993829,8.585558022307083
164368856.jpg,real-commons,False,True,False,weakest family supports only 7.4% of line length,714,1.903656446987,1.362175468927109,0.06756229551617367,0.06562563237371648,35.830317237533635,1.93585933687919
164414846.jpg,real-commons,False,False,False,weakest family supports only 7.5% of line length,595,9.083681858107383,6.074944027292973,0.47916918059770225,0.7110868263850628,45.37068790432391,8.413800393346534
164454504.jpg,real-commons,True,False,False,,389,12.20663934461119,8.28921126715478,0.4067185269188629,0.33087808066219443,63.45821442137441,0.8110851595848914
167154989.jpg,real-commons,False,True,False,weakest family supports only 5.8% of line length; worst VP localised to 3.09 deg,389,12.247311538060089,7.39759249802221,0.8562413378994137,4.189508075161976,2.281231114511031,13.335650067950695
167534863.jpg,real-commons,False,True,False,worst VP localised to 1.42 deg,159,8.817445838604854,6.001892416051951,0.3311817131320186,0.4593590838138598,18.6677812392497,3.8566577503529658
169788509.jpg,real-commons,False,True,False,worst VP localised to 1.07 deg,378,60.45581750852542,37.600978475926134,0.9468344474353292,594.8423946547114,20.210528767103828,2.187870542037473
170504798.jpg,real-commons,False,True,False,weakest family supports only 6.9% of line length,869,47.448938103681776,32.83596579028523,0.8495985159261014,170.55579241585937,14.315121740461487,1.726042685732665
170729583.jpg,real-commons,True,True,True,,413,1.2418944631954503,0.7215437020697578,,0.8102696135048199,20.25170137508384,0.9831844756805879
170743455.jpg,real-commons,True,True,True,,373,3.3294709636471396,2.5214148125993456,,49.870824607817255,70.2870492560758,3.2642418510553455
170746481.jpg,real-commons,True,True,True,,399,0.22344658401104311,0.13830403818973896,0.9875565176679881,0.31824446569347464,86.23338257110782,0.1956828765284513
17189804.jpg,real-commons,True,True,True,,388,1.4077795851867876,0.9379223030666187,0.10066813817016881,0.10058738699879553,59.52801030971658,1.5004422406854587
172960762.jpg,real-commons,False,True,False,weakest family supports only 6.2% of line length; worst VP localised to 1.52 deg,264,1.3646867766604913,0.8143239873952446,0.5998543112148169,3.0236997090751774,79.53451381024982,1.3639704852061243
173004816.jpg,real-commons,False,True,False,worst VP localised to 1.12 deg,208,5.776843746779349,4.352213764556869,0.33990913485742535,0.19420817302325222,36.56381710920734,0.5242126124962141
173004818.jpg,real-commons,False,True,False,fewer than three VP families,24,0.08599198756614612,0.08599198756614612,,,151.92735540367562,0.08599198756614612
175443170.jpg,real-commons,True,True,True,,729,9.540214605587806,5.655260020541149,0.03765301959693803,7.733798976290569,2.387897184175002,9.466960929946808
175443183.jpg,real-commons,False,False,False,fewer than three VP families,779,0.03360777766135925,0.03360777766135925,,,151.72393490827795,0.03360777766135925
176046294.jpg,real-commons,True,True,True,,282,5.034604223737702,2.910061161662757,,6.286412311050115,116.33025845950058,2.523067162098002
178367167.jpg,real-commons,False,True,False,worst VP localised to 1.59 deg,128,6.7210118413860584,5.1507965938419735,0.3390275395696531,1.325785307285771,32.259379599257166,6.7210118413860584
178542729.jpg,real-commons,False,True,False,two VPs separated by only 5.1 deg,557,84.43487773328717,48.75606259694339,,19.121199641180464,26.848432346209414,80.49735293289741
179709623.jpg,real-commons,False,True,False,worst VP localised to 1.06 deg,345,53.63337937207563,31.033552524004005,0.7965678613934459,1.9737123751564658,19.997003101556334,45.162014091368555
182784457.jpg,real-commons,False,False,False,weakest family supports only 5.3% of line length; worst VP localised to 2.86 deg,214,1.6567642652701835,1.1283635679361825,0.09568419552060296,0.3047083869911701,34.44491174913033,0.7617351763216647
182883730.jpg,real-commons,False,False,False,two VPs separated by only 3.8 deg,306,85.10676060056471,49.15102453567131,0.2877259915840631,3.0376237905685075,82.77077581843828,82.37908724700455
18457350.jpg,real-commons,False,True,False,worst VP localised to 1.13 deg,388,1.9446713582397024,1.2830663916562,0.34059300387580826,0.46663793065350995,74.8005535324179,0.8225540913759346
185051984.jpg,real-commons,False,True,False,weakest family supports only 1.0% of line length; worst VP localised to 3.01 deg,474,11.005687531033658,7.573040443364712,,87.81559539737253,7.586435564881881,3.588018371575046
185308075.jpg,real-commons,False,False,False,weakest family supports only 6.3% of line length; two VPs separated by only 5.7 deg,479,83.93634736118292,48.48662701087975,0.08600186153578955,2.1809550456940956,51.31200469937532,83.77553186036961
186640910.jpg,real-commons,True,True,True,,404,5.92899455186641,4.175498172555046,0.2646904828865323,0.07696350300554151,66.5192055006356,3.8982929372741495
189481231.jpg,real-commons,False,True,False,two VPs separated by only 4.1 deg,440,80.10504168574006,46.27423313958636,,18.07235384386082,5.627199838801787,7.143754708776726
189622496.jpg,real-commons,False,False,False,worst VP localised to 1.33 deg,354,1.8158359885654818,1.4588051583752395,0.19218367021630517,0.4633435183725207,43.35383896469498,1.2077484069446598
19059095.jpg,real-commons,False,True,False,weakest family supports only 5.4% of line length; two VPs separated by only 2.2 deg; VP separation only 3.2x its uncerta,376,87.6335706516681,50.599202367141984,0.036803299716281206,1.1684256003913445,71.4992140785577,87.61286919502422
191391879.jpg,real-commons,True,True,True,,453,7.250365523074066,4.216382378388293,,1.2394915916185973,34.19410334644818,5.65379259023149
191631924.jpg,real-commons,False,True,False,weakest family supports only 6.3% of line length,478,0.7165463760963462,0.42721152154246744,0.035202685263220145,0.03958728095531669,68.24130609561264,0.6876405006625674
191632419.jpg,real-commons,False,True,False,weakest family supports only 3.2% of line length,516,0.2890032357084209,0.17873349712913036,0.07539380523741492,0.02121649642168479,72.6846601940484,78.93590981376867
191632421.jpg,real-commons,False,True,False,weakest family supports only 5.3% of line length,480,1.9547978975148084,1.1795930862449038,0.0943930864450634,0.09872358475859777,73.29846742352314,1.9537948290542602
191632422.jpg,real-commons,False,True,False,weakest family supports only 4.3% of line length; worst VP localised to 1.27 deg; two VPs separated by only 7.7 deg,712,28.326883874160806,26.160770328336415,0.9235968642538745,38.28037312107705,4.714147408025137,9.222655259601169
191632425.jpg,real-commons,False,True,False,weakest family supports only 4.8% of line length,596,1.8238545088794353,1.1693177091001452,0.07155365014191711,0.022812719888084806,65.97471597642186,1.8407207816044036
191632426.jpg,real-commons,True,True,True,,623,25.85734502410874,20.900312142831677,0.9824727514314135,30.03047829213679,6.525008933748598,23.58535815713293
192421379.jpg,real-commons,True,False,False,,452,2.1740457026319433,1.3167682785875543,,1.6647338944516783,25.653418179053222,2.469375750511915
195397600.jpg,real-commons,True,True,True,,414,0.23386861338524056,0.14576145115057898,0.021750084328661566,0.0034246347342030557,56.97386394919719,0.35831459241001085
196729084.jpg,real-commons,True,True,True,,277,9.932785189669588,6.627055130461893,0.32863963136699464,0.63375855761231,42.20602247554633,4.184500735117766
196893879.jpg,real-commons,False,True,False,weakest family supports only 4.7% of line length; worst VP localised to 2.27 deg,245,6.051843069146884,4.135976223894298,1.0387681219074074,3.0373864470947476,151.88688717654276,6.025188643846633
196931022.jpg,real-commons,False,True,False,worst VP localised to 1.47 deg,389,34.90848466570998,30.257121976821413,0.9800878583734789,1183.947838663616,10.68429890339962,15.034852734987155
198429548.jpg,real-commons,False,False,False,worst VP localised to 1.20 deg,336,10.410941087861943,7.807218448665076,0.555257689031427,2.174420743143344,22.19818910678015,9.768585929663615
198429552.jpg,real-commons,False,False,False,worst VP localised to 1.16 deg; two VPs separated by only 4.8 deg; VP separation only 4.1x its uncertainty,247,85.1083852166381,49.14710158638471,,16.39172929853019,38.36163839356888,82.85553993091844
198429553.jpg,real-commons,False,False,False,worst VP localised to 1.02 deg; two VPs separated by only 3.9 deg; VP separation only 3.8x its uncertainty,279,86.12693821708636,49.754312729559025,,22.07273763309954,45.34458770118763,10.076028330684508
198863012.jpg,real-commons,True,True,True,,204,0.4327953403898732,0.25757708038628957,0.0675214206327541,0.021947275048194253,18.470316480117937,0.44309802342783655
19899285.jpg,real-commons,False,False,False,weakest family supports only 6.1% of line length; worst VP localised to 1.30 deg; two VPs separated by only 3.0 deg; VP ,394,87.03368105660402,50.25987274333443,0.11338624403494593,4.767674354488887,48.742230787703136,81.36758146045759
199677639.jpg,real-commons,True,True,True,,286,6.322575635520835,4.300949533478095,0.26527415021802137,0.25470927223544965,26.157214360496003,6.322575635520835
20657181.jpg,real-commons,False,True,False,worst VP localised to 3.03 deg,229,54.32653176128823,33.318210250606604,0.5035319528972684,2.087823435718876,82.29014685094957,54.30938570692512
21010877.jpg,real-commons,False,True,False,two VPs separated by only 2.7 deg; VP separation only 3.7x its uncertainty,330,89.09301995388715,51.438965762726305,0.0643550487587891,206.57305148056838,7.880489567528328,71.70228038127075
21152354.jpg,real-commons,True,False,False,,747,32.21398001757148,18.899289793158935,,246.28601007107736,127.37635101370856,3.9674556672423478
21611524.jpg,real-commons,True,True,True,,451,1.4571100950694102,0.9036170112335122,0.0705518103044848,0.12124666768874107,36.64756555463328,1.034621712821064
21850640.jpg,real-commons,False,True,False,worst VP localised to 1.48 deg,131,32.24653650405789,23.167465715992563,0.40385560599100023,2.503606846780416,66.76860905557247,29.62123897047629
22647576.jpg,real-commons,True,True,True,,271,1.304385416948307,1.0541553627169562,0.05371932014487792,0.04714356375474424,52.80789659374264,1.3404980360580794
22786006.jpg,real-commons,True,True,True,,172,0.05651996444649399,0.033192832226113966,0.06490007269546413,0.08969852812356413,54.79266616080994,0.08402120237941801
23210586.jpg,real-commons,True,False,False,,345,3.326144093289969,2.111478568177391,,0.8532043867741703,65.27958823763834,3.2531455778166247
23962381.jpg,real-commons,True,True,True,,456,1.1908973112577144,0.7724659935676939,0.08807561656477624,0.1911704802461875,49.79382792522849,1.1566649314631832
24332753.jpg,real-commons,False,True,False,worst VP localised to 1.23 deg; two VPs separated by only 4.6 deg; VP separation only 3.7x its uncertainty,243,85.2860029408722,49.266461461199114,,4.897639285239405,35.82152739322964,11.146859616702912
25231335.jpg,real-commons,False,True,False,weakest family supports only 6.0% of line length; worst VP localised to 1.12 deg; two VPs separated by only 3.3 deg; VP ,495,86.64615352879447,50.026681829760086,0.4810678290901947,8292.93594325151,40.26750707120454,9.515556431040778
25367572.jpg,real-commons,False,True,False,weakest family supports only 8.0% of line length; two VPs separated by only 3.3 deg,599,86.56208473425086,49.99182640990752,0.12838854698408825,5.161427048124884,50.31391054319907,33.1336236224031
25501098.jpg,real-commons,False,False,False,weakest family supports only 6.1% of line length; two VPs separated by only 7.7 deg,610,81.5935722089177,47.167094074787805,,2.7131584509044693,36.58014519217504,12.034780263289193
26339665.jpg,real-commons,False,True,False,worst VP localised to 2.41 deg,434,17.771461793496783,16.099708453301783,0.728957653575049,3.229058703840648,12.864582931449458,16.132431440121934
26791257.jpg,real-commons,False,True,False,worst VP localised to 1.73 deg,453,9.288437983849462,6.446217055309816,0.5502558311107487,2.463506190900648,23.428507302673243,7.623114888056833
26914429.jpg,real-commons,False,True,False,worst VP localised to 1.10 deg,111,11.959938293996814,7.982249259862414,0.4290472320606253,5.192538958912996,3.1343343692902077,2.2866021137574393
27064333.jpg,real-commons,False,True,False,weakest family supports only 7.1% of line length,564,33.210431417762955,22.50915677483178,0.5290252978399681,13.81011502871283,24.896705714916866,11.461038260777471
27064370.jpg,real-commons,False,False,False,weakest family supports only 5.8% of line length,727,51.31679998421557,30.747554407149018,0.09045263955975436,3.7371548092696494,32.78396013058472,24.2771257728039
27299218.jpg,real-commons,True,True,True,,437,2.064428206523047,1.6463085776333195,0.05152758447905295,0.03379957541348033,69.17410645555901,2.1040505465948343
27299221.jpg,real-commons,True,True,True,,402,5.357502948507317,4.642268476636122,0.13947119937609395,0.07546948363990033,80.57128544135321,3.0610607754741466
27300088.jpg,real-commons,False,True,False,two VPs separated by only 5.8 deg,370,84.02912917989158,48.52413702473244,0.044497600806865316,1.0083065199259054,69.79721254926407,3.8085849134170644
27541522.jpg,real-commons,False,True,False,two VPs separated by only 4.0 deg,488,86.68397290057315,50.08617672876806,,30.274050005699205,152.9432842444345,65.50956316250614
27541534.jpg,real-commons,False,True,False,worst VP localised to 1.23 deg; two VPs separated by only 5.2 deg; VP separation only 4.3x its uncertainty,365,84.47632705417557,48.79245016546984,0.27657374909501226,2.5232740022213394,67.86130058846398,3.013680153760234
27541626.jpg,real-commons,False,True,False,worst VP localised to 1.95 deg,382,49.8258219132791,29.220440284719835,0.002921422922209864,0.5200321754335362,31.089471057573785,7.911001678870321
27597820.jpg,real-commons,True,False,False,,446,31.898235819646622,18.452818521603096,0.02719706874994257,1.0471139439946149,58.81588246530551,31.900713608228678
27725205.jpg,real-commons,False,True,False,worst VP localised to 2.09 deg; two VPs separated by only 2.8 deg; VP separation only 1.3x its uncertainty,152,87.34913381948589,50.442577296729034,,219.68230689949735,19.354219585189934,24.613443339636007
27991823.jpg,real-commons,False,True,False,worst VP localised to 1.75 deg; two VPs separated by only 4.0 deg; VP separation only 2.3x its uncertainty,297,85.83893842996824,49.58785840300029,0.5474028660401967,89.35603648019652,36.93031292744501,4.689706165880025
28381723.jpg,real-commons,True,True,True,,494,72.54907111619596,41.944820380346044,0.11342030999192301,0.8898698728856231,36.119209071948326,10.002918168216695
28436124.jpg,real-commons,False,True,False,worst VP localised to 2.06 deg,331,0.8474640112951448,0.5519673602662968,0.02952472163790125,0.3134590950708964,36.87431005826145,1.0542389442350952
29514918.jpg,real-commons,True,True,True,,467,41.35926360140383,24.525549072746188,,0.5001650671795502,21.78442305510339,4.646930539632919
29657001.jpg,real-commons,True,True,True,,515,15.478154009372574,12.271196860864611,0.5575642114820729,0.1772359696457601,82.45271957821973,9.739003632400468
3078862.jpg,real-commons,False,True,False,two VPs separated by only 1.3 deg,323,84.84249088827323,78.36741331277466,,0.7359597022921689,139.42149132672358,48.0400859954378
31773433.jpg,real-commons,False,True,False,two VPs separated by only 9.1 deg,541,78.60364003110857,45.630194378502765,0.3881630715563386,19.6732535516871,54.46157388132844,3.6633678569387342
32289309.jpg,real-commons,True,True,True,,288,2.189705132906724,1.286373281537968,,0.2561671487742785,50.06485389269274,2.3440317410171474
33240170.jpg,real-commons,False,False,False,worst VP localised to 3.92 deg,167,2.0567658579611674,1.2105062177007277,0.17880597322400588,0.40802590728145155,55.82569975960584,2.049467054706156
33633818.jpg,real-commons,False,True,False,two VPs separated by only 9.4 deg,511,40.046581501935734,30.79087833993112,1.2050958137106846,209.10551352017072,3.609431316271815,2.0924124832850595
35521434.jpg,real-commons,False,True,False,worst VP localised to 1.58 deg,252,19.95926672897052,18.98342382470709,0.5711152161962599,6.026920505333209,10.890110956838576,7.584312087239439
35950954.jpg,real-commons,False,False,False,weakest family supports only 6.5% of line length; two VPs separated by only 2.9 deg; VP separation only 4.1x its uncerta,669,81.70655283363384,47.18947195806423,0.2772052310589122,30.425008668573756,2.4153198482444416,76.44207525912009
3721699.jpg,real-commons,True,True,True,,602,0.202262646147787,0.16418382389060882,0.005246271745701732,0.005460470512151499,46.5049968572026,0.09351507679295423
3721742.jpg,real-commons,False,True,False,worst VP localised to 2.32 deg,259,28.744835688064995,23.28229726349761,,4.94234611212178,24.455617806448142,8.729026062507018
3721761.jpg,real-commons,False,True,False,weakest family supports only 7.8% of line length; worst VP localised to 1.55 deg; two VPs separated by only 3.1 deg; VP ,324,86.8725768330094,50.17234126362941,,27.260508735894465,151.92733656946749,11.590815355499288
3725381.jpg,real-commons,False,True,False,weakest family supports only 2.6% of line length,436,1.3068750577966028,0.9300130689280266,0.9163880822231834,0.3990139008426114,47.00794541858112,17.619005620451887
38392016.jpg,real-commons,True,True,True,,333,2.0556748530602107,1.2075107319406573,0.11600759508364834,0.25705853879630897,50.520335948368434,2.0743177218072475
41219873.jpg,real-commons,False,True,False,weakest family supports only 6.5% of line length,547,82.36064842777513,47.69539722420234,0.6661826803502847,6123.733408288862,89.34073743125153,0.3280911692284292
42895508.jpg,real-commons,False,True,False,worst VP localised to 1.26 deg,342,3.7861243220267227,2.457833098077985,0.09700750194368755,0.1927829615236508,35.52682222530972,3.7953768477317027
43766851.jpg,real-commons,False,True,False,two VPs separated by only 2.4 deg; VP separation only 4.0x its uncertainty,709,88.19149318413773,82.49503979132554,,4.4881965112681685,8.938982008381249,84.25151021239611
4384107.jpg,real-commons,True,True,True,,441,27.819736673772447,16.168536965332937,0.9621031708010176,16.998813793729404,41.111344405706824,0.7745976263122003
45045216.jpg,real-commons,True,True,True,,262,5.655934548369842,4.309156271590712,0.17790184072608192,0.19767644232927384,32.39734534787463,5.278435372508071
45430044.jpg,real-commons,True,True,True,,294,35.39415720101354,22.760886971227816,0.8763613945334108,77.61522413060058,34.438035674282965,35.641290152230965
49011545.jpg,real-commons,False,False,False,weakest family supports only 5.9% of line length; two VPs separated by only 2.5 deg; VP separation only 3.7x its uncerta,610,85.86575806263808,49.5799253992485,,444.1813199660423,2.4136094161761483,44.052521275086384
49165496.jpg,real-commons,False,True,False,weakest family supports only 6.4% of line length; worst VP localised to 1.21 deg,515,51.62939433388096,29.819634277398194,0.12100253472464001,0.4322421888390998,22.67052892544237,51.70775705298352
4968273.jpg,real-commons,True,True,True,,560,2.200483334481774,1.3303617961720913,,0.4378133414384516,70.81304788188174,1.845487556746079
50650969.jpg,real-commons,False,True,False,weakest family supports only 5.8% of line length; worst VP localised to 1.10 deg,331,3.913362874196025,2.653594848557828,,2.701670518642622,7.188479521493898,3.8747262206230744
50982087.jpg,real-commons,False,False,False,weakest family supports only 1.9% of line length; two VPs separated by only 2.8 deg; VP separation only 3.7x its uncerta,1035,71.20132221242932,41.12917292642274,0.8241879791324466,317.6698128448279,2.4255702145600493,0.11012486183761894
52522673.jpg,real-commons,False,False,False,weakest family supports only 4.1% of line length; worst VP localised to 1.09 deg; two VPs separated by only 3.2 deg; VP ,757,55.45766504598303,32.10816568901826,0.8245318914634379,157.78409685868337,2.3052886314884162,54.55241857612485
53166458.jpg,real-commons,False,False,False,weakest family supports only 5.4% of line length,720,0.4878898520686903,0.3084406824272316,0.25959355123288924,0.1259402384877056,17.597846890276344,0.4302570423236318
53247790.jpg,real-commons,False,True,False,worst VP localised to 1.91 deg,281,3.4544777172503984,2.119305390010768,0.10345439500561798,0.16063568587337615,44.95859471063329,1.9965885372855752
53573612.jpg,real-commons,False,True,False,weakest family supports only 6.5% of line length,537,5.7734900032660335,3.4649734757471924,,0.4516797987777077,25.504210123923585,3.04767111323811
54398721.jpg,real-commons,True,False,False,,620,4.589954270143224,2.9497514137973027,,0.34648461355389965,48.7997673422632,4.630735937581477
57603006.jpg,real-commons,True,True,True,,524,1.0944624538164192,0.8092267667777003,0.029347565734090475,0.011245899668958101,95.13363436325999,1.0909137333186578
61534267.jpg,real-commons,True,True,True,,706,75.66780836435565,44.012577765367766,0.36399653362938267,58.70455481379035,36.686441788845656,67.39868023627001
64139390.jpg,real-commons,False,False,False,worst VP localised to 2.43 deg; two VPs separated by only 8.2 deg; VP separation only 3.4x its uncertainty,545,80.42301317692026,46.49743188155778,0.17873494775554333,22.6871068469212,19.080968788432283,3.1609487046696074
65433162.jpg,real-commons,False,True,False,weakest family supports only 4.4% of line length; worst VP localised to 1.14 deg; two VPs separated by only 3.6 deg; VP ,359,55.08989810892716,32.088178379175446,,716.7997789411693,2.3844597094066136,1.2349239595300787
68593562.jpg,real-commons,False,True,False,worst VP localised to 1.58 deg,370,4.90797770941866,3.0317681240199144,0.4705397171508621,1.2087981526321994,102.78309940359628,1.6752129585967594
69735323.jpg,real-commons,False,False,False,two VPs separated by only 1.1 deg,520,78.88896724995793,46.05346309260137,,114.24438258753764,152.28723797915123,29.12324483625627
72728269.jpg,real-commons,False,False,False,weakest family supports only 5.1% of line length; two VPs separated by only 2.9 deg,591,86.6003283185134,50.0043805080301,0.5021360135528492,70893.82963673098,4.311376663002428,8.44524023495859
72853301.jpg,real-commons,False,True,False,worst VP localised to 2.26 deg,230,7.71981196298637,5.317500373369495,0.29132609260927345,0.2767448313275085,32.87551575771182,7.003733967781116
73054791.jpg,real-commons,False,False,False,weakest family supports only 4.6% of line length,843,35.37366754942732,20.709925748551253,,0.7788424399092337,152.59989788833397,24.13593249300716
73615995.jpg,real-commons,False,True,False,weakest family supports only 5.9% of line length; two VPs separated by only 2.2 deg,369,74.11274878931657,43.27808691946268,0.21114740402900758,2.6911878646220297,149.43007060397719,47.618291250249506
7419946.jpg,real-commons,False,False,False,two VPs separated by only 3.1 deg; VP separation only 3.7x its uncertainty,459,70.7274888454431,41.970300269420036,0.9898629773936651,10706.081806885491,2.3947616816686903,2.297298004761558
75011665.jpg,real-commons,False,False,False,worst VP localised to 1.89 deg; two VPs separated by only 6.3 deg; VP separation only 3.3x its uncertainty,373,65.6021246908771,38.56921818815737,0.6763292601334872,27.980833381373948,3.56692171529751,7.595246759582281
77569557.jpg,real-commons,True,True,True,,239,17.471261181977255,10.224112930643628,0.021513348345236157,4.8292415868920076,57.52708680527593,14.427231279451277
78769543.jpg,real-commons,False,True,False,worst VP localised to 1.33 deg,236,1.9536357948439473,1.4777263863511645,0.08529361266844694,0.041766788733636186,59.58264841725302,1.8863310298512914
79085935.jpg,real-commons,True,True,True,,478,0.8018025134046098,0.4843454649572458,0.030349343676961682,0.04049506795795283,64.9316809561612,0.867892607635028
79594594.jpg,real-commons,False,False,False,worst VP localised to 1.14 deg,486,17.049287464956905,9.93944569881772,,2.8354158254302444,2.2129466284027535,18.573836690277545
79594598.jpg,real-commons,False,False,False,weakest family supports only 2.9% of line length; worst VP localised to 1.02 deg; two VPs separated by only 4.0 deg; VP ,368,50.021133380750534,28.893339169550114,0.4421095236806412,14.470281889569613,2.2231327210959737,1.061251992950929e-07
80252921.jpg,real-commons,False,True,False,worst VP localised to 1.94 deg,291,0.6271937582611287,0.39657901917896987,,0.969233430253421,55.54426461074692,0.5916537322727606
82516459.jpg,real-commons,True,True,True,,312,0.9415039972489296,0.7321722783794201,0.1288523339021287,0.05127693556932245,63.7987047619897,0.7696471573762835
84250807.jpg,real-commons,False,True,False,weakest family supports only 6.8% of line length; worst VP localised to 1.72 deg,353,0.5345702681319864,0.31578856219790674,0.06020050553015075,0.1258904239831193,8.496349501245477,0.12859162796951296
84742407.jpg,real-commons,True,True,True,,266,78.6571494053962,45.415286833542616,0.0566505455041724,0.5097117845367305,59.75796146751827,2.4940733387197724
86761378.jpg,real-commons,False,True,False,weakest family supports only 7.0% of line length,932,18.628288510100532,10.76947121461876,,1.9677495976911021,2.291534791251324,18.628288510100532
86879200.jpg,real-commons,False,True,False,two VPs separated by only 3.2 deg; VP separation only 3.7x its uncertainty,562,81.09008285870829,46.988163089669825,,664.0432551069578,8.476600503074865,8.217587456798341
87190846.jpg,real-commons,False,True,False,two VPs separated by only 4.0 deg,527,77.43639104565052,51.16901620258761,0.09663638609421146,265.6945516703245,2.382741521241444,65.07508365921943
88114953.jpg,real-commons,False,True,False,weakest family supports only 6.6% of line length; two VPs separated by only 3.4 deg; VP separation only 4.1x its uncerta,644,86.56824046573071,50.02246207632708,,249.1859782438297,152.9808446944891,2.3569673203194696
8879069.jpg,real-commons,False,True,False,weakest family supports only 7.3% of line length; worst VP localised to 2.10 deg; two VPs separated by only 3.3 deg; VP ,302,86.94917779195548,50.207945808443874,0.10090922216292438,7.004727200914883,32.97780658836751,41.53683288073401
88884420.jpg,real-commons,False,True,False,weakest family supports only 5.8% of line length; worst VP localised to 1.08 deg,546,1.427593564283356,0.8584444154962693,0.044935979966392786,0.0819187423611641,49.90997439492089,1.515836523199738
8913717.jpg,real-commons,False,True,False,weakest family supports only 3.2% of line length,391,6.241092178440596,3.6033700695675757,0.007855127169346207,0.7741754627162025,55.92761992242525,1.0956225082736637e-07
89454440.jpg,real-commons,True,True,True,,366,1.2014533257201379,0.9019643476331018,0.14491255461077898,0.12014654025923834,68.1319231087705,1.2137098855276776
90907782.jpg,real-commons,True,True,True,,324,2.0083455628868734,1.2885205564852396,0.05218800377932009,0.08265318455892696,40.223509758937695,2.0874964670116327
91065334.jpg,real-commons,True,True,True,,511,14.41833731636521,8.360300549774948,0.9365698754654652,8.437935991585986,63.85555082878602,14.41872786777978
91259245.jpg,real-commons,False,True,False,worst VP localised to 1.03 deg,99,0.2535133332447117,0.20885051056520967,1.2321368098511598,0.2929401012754281,133.07478513734642,0.2535133332447117
92409324.jpg,real-commons,True,False,False,,506,2.9050977644253493,2.1757733182994223,0.13865727290142735,0.906586527048263,10.272073096336756,1.7058658701434268
95371447.jpg,real-commons,False,True,False,worst VP localised to 1.19 deg,325,1.0227720048716407,0.6444965977213385,0.3533327101059424,10.891653435909511,10.070757563431652,0.8401053874150222
97254476.jpg,real-commons,False,True,False,weakest family supports only 3.1% of line length; worst VP localised to 1.37 deg; two VPs separated by only 4.8 deg; VP ,361,41.297424374734966,30.97849398102701,0.9311938592331702,917.7954583485582,2.291534791251324,2.2232298988456023e-06
98874670.jpg,real-commons,True,False,False,,406,2.543897614565651,1.6917742174364108,0.1118426477459489,0.08277107068575296,55.97823910416246,2.5827869201116442
9959768.jpg,real-commons,False,False,False,weakest family supports only 7.6% of line length; worst VP localised to 1.27 deg,359,52.70830237444817,30.43296943599523,0.03342543983811265,0.35082293696432226,43.789524371104115,52.33613027857698
99938888.jpg,real-commons,True,True,True,,446,0.8908676083815834,0.6222210529021568,0.06495681067314209,0.029132352871898016,51.152630049328835,0.5619308331372679
sd15_0000.png,sd15_pilot,False,True,False,two VPs separated by only 2.8 deg; VP separation only 3.6x its uncertainty,746,78.75088332764264,57.23688622635397,0.7643888363989796,41401.229286073,2.291534791251324,38.908365705153194
sd15_0001.png,sd15_pilot,False,True,False,weakest family supports only 7.2% of line length; worst VP localised to 1.01 deg,281,6.715903768622738,4.990817522799718,,0.4262019618722506,28.842592854144463,1.222211555281973
sd15_0002.png,sd15_pilot,False,True,False,two VPs separated by only 2.7 deg; VP separation only 4.1x its uncertainty,735,87.31253664070054,50.40992017584935,0.0013393916228260998,8.545034151266682,37.43793717913794,85.10503632597243
sd15_0003.png,sd15_pilot,False,True,False,weakest family supports only 4.1% of line length; worst VP localised to 1.05 deg; two VPs separated by only 4.8 deg,593,45.47203859375375,32.27021607954205,0.9029196354556708,583.125223032034,2.4873926388963725,37.824020648384
sd15_0004.png,sd15_pilot,False,True,False,worst VP localised to 3.87 deg,228,2.362142977249519,1.5202123318784273,0.25654339235476176,1.1493806611633834,15.319426115858876,1.6316755571211274
sd15_0005.png,sd15_pilot,True,True,True,,461,0.28793400510546974,0.1665550050444029,0.055416863070429714,0.06192241314217867,63.09870268678944,0.32714596895587533
sd15_0006.png,sd15_pilot,False,True,False,two VPs separated by only 2.2 deg; VP separation only 3.4x its uncertainty,529,87.63808665459251,50.60685824991563,0.0700883241048248,70.83063202143377,24.744690132846273,82.22709337529405
sd15_0007.png,sd15_pilot,True,True,True,,157,39.934405340152146,26.630924883702715,,3.526667120043405,64.80683733278214,39.92034821894257
sd15_0008.png,sd15_pilot,False,True,False,weakest family supports only 7.4% of line length; worst VP localised to 1.13 deg; two VPs separated by only 3.1 deg; VP ,486,86.76946542772642,50.108604305676835,0.10115546126576469,46.23327644912947,28.234761203755117,4.4108376938848295
sd15_0009.png,sd15_pilot,False,True,False,weakest family supports only 3.3% of line length,161,2.3957054146240893,1.4259424841259767,0.3130983023229082,0.8097316151202761,63.83189895672618,5.065478916321808e-07
sd15_0010.png,sd15_pilot,False,True,False,weakest family supports only 4.6% of line length,472,11.005357742882254,6.627929180964414,,0.6539868968582028,14.524501061312302,9.359678481885112
sd15_0011.png,sd15_pilot,False,True,False,worst VP localised to 1.66 deg,282,2.3764219159851905,2.1587669525127215,,1.5098013242483268,121.95605707360701,1.5523681468882558
sd15_0012.png,sd15_pilot,False,True,False,worst VP localised to 1.03 deg,144,4.001497293027967,2.316318822736885,0.010344546179820835,0.9599721603224376,33.30378718507796,4.052799041925937
sd15_0013.png,sd15_pilot,False,True,False,two VPs separated by only 4.9 deg,399,85.14483895070754,49.162836549045565,0.022686185574952028,1.5023381015132304,51.430152034907074,71.6111798906273
sd15_0014.png,sd15_pilot,True,True,True,,404,0.4801038939726965,0.3248696578776135,0.21937184040325933,0.8307132402714462,60.927586295594,0.45198815394510916
sd15_0015.png,sd15_pilot,True,True,True,,421,3.8789773991700827,2.921687998468524,0.4049225083029497,0.23987883052509537,56.98812744765317,3.8789773991700827
sd15_0016.png,sd15_pilot,True,True,True,,597,1.7200840728503266,1.0254675765692114,0.1521724281276987,0.8593460607535012,48.995847430454425,0.4321211989298348
sd15_0017.png,sd15_pilot,True,True,True,,249,4.854739924311062,3.0680363670477298,0.6095677006214396,2.458815041928876,101.75933985382183,1.9045537518936868
sd15_0018.png,sd15_pilot,True,True,True,,700,44.3559430747631,26.426679512514575,0.4470694602152161,1.747198304633742,13.76893055449482,2.517689628762696
sd15_0019.png,sd15_pilot,True,True,True,,357,3.1484300485883665,2.058330778011865,0.15727421427555216,0.05616271613202397,65.04097555779701,3.079620224516816
sd15_0020.png,sd15_pilot,False,True,False,weakest family supports only 8.0% of line length; two VPs separated by only 6.3 deg,677,37.37315583766468,28.944532079119142,,85.4536643227518,3.666284186681125,37.890261370130496
sd15_0021.png,sd15_pilot,False,True,False,weakest family supports only 7.8% of line length; worst VP localised to 1.40 deg,181,1.05777606304531,0.8882023546267501,0.33586760049726005,1.3072999654254482,60.71149888990177,1.1713437101349626
sd15_0022.png,sd15_pilot,True,True,True,,475,1.2979011659822248,0.7548010128113087,0.3287580805696663,0.40463903724071415,37.76557649319619,1.2858049139435508
sd15_0023.png,sd15_pilot,True,True,True,,652,3.6223414503909055,2.7629547603064717,,0.4312447546400424,59.70330193946633,3.619213405690388
sd15_0024.png,sd15_pilot,False,True,False,two VPs separated by only 2.9 deg; VP separation only 3.5x its uncertainty,523,87.16899907735396,50.340671060329186,,15.399445924054202,151.92740937716056,24.538597009261878
sd15_0025.png,sd15_pilot,True,True,True,,563,0.8065881762094733,0.5726166286787008,,0.5135465334251983,19.252621024060186,0.0868908548965095
sd15_0026.png,sd15_pilot,False,True,False,two VPs separated by only 5.7 deg,744,83.96614083954809,48.48575097914135,0.031895711360492844,0.9012715999668655,93.56315803484243,2.746743640102693
sd15_0027.png,sd15_pilot,False,True,False,weakest family supports only 3.7% of line length; worst VP localised to 2.50 deg,156,10.776953203861993,7.760698632214772,0.609619880584742,6.44968657066857,84.33372905605113,10.776953203861993
sd15_0028.png,sd15_pilot,False,True,False,worst VP localised to 2.40 deg; a family spans only 0.11 of the diagonal,281,5.575117473021962,4.351104923424743,0.33793959140017826,2.5867335357655326,6.593546381731896,5.971702969834368
sd15_0029.png,sd15_pilot,False,True,False,weakest family supports only 4.5% of line length; worst VP localised to 3.64 deg,379,8.931940650423385,6.250272705390832,0.7140835115883263,58.925419782516556,66.2544930444377,8.958438088158573
sd15_0030.png,sd15_pilot,False,True,False,worst VP localised to 2.73 deg,347,28.812530660147296,17.159625422862458,0.763677877757505,25.46014157904774,45.58377791767725,28.542524216509698
sd15_0031.png,sd15_pilot,True,True,True,,306,0.6709953911244071,0.42495612865006366,0.05250613917198624,0.09359937050796155,49.53366575277,0.7746269142689215
sd15_0032.png,sd15_pilot,False,True,False,worst VP localised to 1.13 deg,379,2.4449119010656517,1.4862024898933044,0.5923438598798652,1.2474157104112087,50.05445808296131,0.7966833193312937
sd15_0033.png,sd15_pilot,True,True,True,,516,5.650570008528916,3.513843012429711,0.5672710846665593,2.8920723903835825,77.3087552114134,2.47514024898733
sd15_0034.png,sd15_pilot,False,True,False,worst VP localised to 1.31 deg; two VPs separated by only 7.7 deg,551,18.77517267751844,13.566598486635318,,9.261529170033965,3.1712911029415976,9.192987685670971
sd15_0035.png,sd15_pilot,False,True,False,worst VP localised to 1.21 deg,170,17.505864622461274,14.7501715723872,,0.5055547509364121,77.57539319292445,14.739764067010356
sd15_0036.png,sd15_pilot,False,True,False,worst VP localised to 1.75 deg,406,1.6563243586175815,1.0393836699722208,0.24789622273276496,0.764317816681862,12.582467222599321,0.9704392055020463
sd15_0037.png,sd15_pilot,False,True,False,two VPs separated by only 3.9 deg,273,82.94952290789618,47.961815181564255,,236.80571349640246,115.16554090975878,2.109056765973719
sd15_0038.png,sd15_pilot,False,True,False,weakest family supports only 1.5% of line length,599,4.089986053240452,2.3746936986206917,0.42529255455560894,1.8372523133259069,19.483677910386724,40.84353022149905
sd15_0039.png,sd15_pilot,False,True,False,weakest family supports only 6.1% of line length,198,1.9483310775265892,1.3239047831913917,0.07290659613722887,0.05703082098326868,59.3875969660815,1.4929396464768843
sd15_0040.png,sd15_pilot,False,True,False,worst VP localised to 1.17 deg,551,0.8559878391713909,0.6690478214621537,0.1628701514973502,0.3759496328969822,28.736994777759435,0.7567635303674933
sd15_0041.png,sd15_pilot,False,True,False,weakest family supports only 5.9% of line length,244,2.5046609070805914,1.7078557088247734,0.7711913537644458,34.39565824279955,92.33834656076714,2.513533504795035
sd15_0042.png,sd15_pilot,False,True,False,weakest family supports only 6.0% of line length; worst VP localised to 1.34 deg,504,0.7480466775213301,0.4635131229683887,0.08002472035504422,1.9543934406432046,22.205248598736127,0.7822660519730391
sd15_0043.png,sd15_pilot,False,True,False,weakest family supports only 2.7% of line length; worst VP localised to 1.06 deg; two VPs separated by only 3.6 deg; VP ,479,80.40463217679383,46.56921389949435,,13.887341621509595,5.454466582141743,62.97403962337039
sd15_0044.png,sd15_pilot,False,True,False,weakest family supports only 5.3% of line length; worst VP localised to 14.93 deg; VP separation only 2.8x its uncertain,208,42.22293146225014,24.407752757992053,0.19349636438446643,0.8710354759650327,23.583979692098573,44.59167550339764
sd15_0045.png,sd15_pilot,True,True,True,,350,0.143403263547782,0.0926378060955718,0.046547925820823434,0.010532474505308443,57.42959775632914,0.15982786954714356
sd15_0046.png,sd15_pilot,False,True,False,two VPs separated by only 3.1 deg; VP separation only 4.3x its uncertainty,716,73.21081084276182,42.45150784351156,,8.835241614915045,3.1643995496394846,72.36541495663167
sd15_0047.png,sd15_pilot,False,True,False,worst VP localised to 1.07 deg,175,68.0818863131395,40.43221419132657,0.4714925753364487,148.6460798407963,72.90586736879422,31.042851509420338
sd15_0048.png,sd15_pilot,True,True,True,,654,16.164028741255976,11.848234153504343,,0.8550498567104495,66.35577894108968,15.895457172641926
sd15_0049.png,sd15_pilot,False,True,False,weakest family supports only 5.5% of line length; worst VP localised to 2.50 deg,246,6.672790255418789,4.876588169293056,0.5894659935167865,0.1654235515567943,55.86250350398221,6.681454026870512
sd15_0050.png,sd15_pilot,False,True,False,two VPs separated by only 5.4 deg,539,85.76695811464289,49.52477728177059,0.08162574676408343,7.845457333604463,25.643180600016436,85.94768984730295
sd15_0051.png,sd15_pilot,True,True,True,,380,4.4074145126992335,3.3264655559171232,0.5286113155151413,0.16079563204736547,26.278874371866344,4.462238682466577
sd15_0052.png,sd15_pilot,False,True,False,weakest family supports only 5.6% of line length,395,4.708293701871369,2.851852442555357,,7.358094745224732,18.28406893544144,2.411570298673965
sd15_0053.png,sd15_pilot,True,True,True,,536,5.205592030625027,3.9239090802780425,,1.001761865839658,102.03055167613617,5.185897969233963
sd15_0054.png,sd15_pilot,False,True,False,two VPs separated by only 2.6 deg; VP separation only 4.5x its uncertainty,559,87.3849717585289,50.460946003356845,0.5292814843046976,8.118909472469664,60.04693376178538,38.018871049201884
sd15_0055.png,sd15_pilot,True,True,True,,286,21.95748036312324,13.863793462365287,0.19362139004986306,0.5941412086706601,55.37978470498343,1.373160650437157
sd15_0056.png,sd15_pilot,False,True,False,worst VP localised to 1.80 deg,406,69.99695829345498,40.454834351504715,0.039839307938246415,7.964735431611659,23.078693231762337,7.9440385027839255
sd15_0057.png,sd15_pilot,False,True,False,worst VP localised to 1.19 deg,419,3.37733808176246,2.616758195541359,0.7092192507962849,1.1834649644971282,48.78876202584355,3.047966268526906
sd15_0058.png,sd15_pilot,False,True,False,weakest family supports only 4.7% of line length; worst VP localised to 1.78 deg,299,18.19918944231962,13.014844613179424,0.41506862608671585,14.864453070719911,10.107036802808794,18.22713251091446
sd15_0059.png,sd15_pilot,True,True,True,,367,1.370568694434013,1.0084048948785,0.08054550473615635,0.040115372227896066,73.30782763478065,1.2766390243779284
sd15_0060.png,sd15_pilot,False,True,False,weakest family supports only 4.6% of line length,273,19.983263505910287,14.870890577946309,,12.461411496392065,5.462200007845024,19.795098077475885
sd15_0061.png,sd15_pilot,True,True,True,,229,2.316173970113013,1.364068648541643,0.0003078393749614872,0.054939040202107395,64.82455482492509,2.2798466067306435
sd15_0062.png,sd15_pilot,False,True,False,worst VP localised to 1.01 deg; two VPs separated by only 3.2 deg; VP separation only 3.2x its uncertainty,518,69.31831248348767,41.349861133157845,0.9745460149548071,9392.675089397724,2.2915341879279016,55.651335318210684
sd15_0063.png,sd15_pilot,False,True,False,weakest family supports only 4.9% of line length; worst VP localised to 1.20 deg; two VPs separated by only 2.8 deg; VP ,581,87.43228319322282,50.504371706170694,,391.03809287859025,151.92738628939222,85.29452003920956
sd15_0064.png,sd15_pilot,False,True,False,weakest family supports only 7.5% of line length; worst VP localised to 1.56 deg; two VPs separated by only 4.9 deg; VP ,354,26.119694516567527,15.957434759505114,0.7150775227367715,12.160111615520327,2.291534791251324,2.5186850524930406
sd15_0065.png,sd15_pilot,True,True,True,,397,3.294575896488766,2.303556537490117,,0.04105988831282433,69.47293074426776,2.6677835681387876
sd15_0066.png,sd15_pilot,False,True,False,two VPs separated by only 8.9 deg,452,85.68082748820993,49.631305801008196,,31.550175962984145,14.096035349762175,69.2419559864572
sd15_0067.png,sd15_pilot,False,True,False,weakest family supports only 1.9% of line length; worst VP localised to 1.63 deg,113,41.28590129585505,30.851368842396326,0.9911128875454546,88.69248864097497,130.35443935764962,5.4804786486783996e-08
sd15_0068.png,sd15_pilot,True,True,True,,365,3.3891860626983714,2.1197793114522194,0.0859497803041688,0.1339496711636206,52.18830595239103,3.199856865209597
sd15_0069.png,sd15_pilot,False,True,False,weakest family supports only 7.3% of line length; worst VP localised to 1.14 deg,308,5.384000337220499,3.6471561980549283,,1.416592758726262,51.44304367518184,0.47558978056711965
sd15_0070.png,sd15_pilot,False,True,False,weakest family supports only 5.2% of line length; two VPs separated by only 7.5 deg,500,83.7586489689336,48.38994714983768,0.12380799423529815,10.001381266876084,31.872854458262513,71.03222632794814
sd15_0071.png,sd15_pilot,True,True,True,,354,2.115181958440701,1.3592631076656998,0.21907345800542014,0.10135412526146256,57.41692792455912,2.207540216697865
sd15_0072.png,sd15_pilot,False,True,False,weakest family supports only 7.1% of line length; worst VP localised to 1.86 deg; two VPs separated by only 3.9 deg; VP ,331,77.7858440759309,45.2234628817442,,36.692402625444466,6.686375400232125,5.07973108218637
sd15_0073.png,sd15_pilot,False,True,False,worst VP localised to 1.43 deg,522,7.463424289124561,4.513397191236282,,0.7237450789490579,41.15755412689904,7.447326490897268
sd15_0074.png,sd15_pilot,False,True,False,two VPs separated by only 2.5 deg; VP separation only 3.8x its uncertainty,342,87.44147653427095,50.495032768404734,0.13013314189715594,24.263643076805888,49.32747180200193,64.56282975238163
sd15_0075.png,sd15_pilot,True,True,True,,378,0.12724628310036223,0.10338987590520511,0.19378726292696127,0.3112976033884992,59.96858258865488,0.1656181257763052
sd15_0076.png,sd15_pilot,False,True,False,two VPs separated by only 2.7 deg; VP separation only 3.9x its uncertainty,595,78.26763012906001,45.289390050049214,0.5738700439067828,17.408145441237345,2.9676894910377136,64.95413576682668
sd15_0077.png,sd15_pilot,True,True,True,,359,3.7705165890407812,2.719246968840564,0.2444261202017398,0.10257212881979198,74.43639961706704,1.0855173798441058
sd15_0078.png,sd15_pilot,False,True,False,weakest family supports only 3.2% of line length; worst VP localised to 1.27 deg,493,0.6486434859971979,0.5236416872828498,0.40677640162299983,0.6276367723849036,11.517094835987724,87.5392885109238
sd15_0079.png,sd15_pilot,True,True,True,,404,2.1269979743444196,1.4771503387818732,,0.14258882929892097,65.55545257089551,1.5030893216893872
sd15_0080.png,sd15_pilot,False,True,False,two VPs separated by only 2.8 deg; VP separation only 4.8x its uncertainty,958,87.16691336711128,50.34160090702536,,16.774598543819035,151.9274191259112,84.93321308982595
sd15_0081.png,sd15_pilot,False,True,False,weakest family supports only 6.6% of line length; worst VP localised to 1.06 deg,281,1.4483126970280011,1.0722691023120663,,0.5284379478505973,61.93763818974652,1.6561584704887053
sd15_0082.png,sd15_pilot,False,True,False,worst VP localised to 5.90 deg,339,10.024174635941066,6.266345290826192,,0.3109303095874858,52.205878014405975,8.439351924474451
sd15_0083.png,sd15_pilot,False,True,False,weakest family supports only 5.8% of line length; two VPs separated by only 2.1 deg; VP separation only 2.8x its uncerta,340,87.1659819218469,50.33819061648267,,7.603246179175944,117.94699449899835,31.504873620947137
sd15_0084.png,sd15_pilot,False,True,False,weakest family supports only 6.3% of line length; worst VP localised to 1.41 deg; two VPs separated by only 4.3 deg; VP ,334,69.55100396613068,40.959259403880054,,20.060578935868325,5.554973171857167,63.98938882000273
sd15_0085.png,sd15_pilot,True,True,True,,388,0.4485811633524577,0.32768369065929925,0.0271875899211967,0.008962034260684676,48.70179506791269,0.7735075235802498
sd15_0086.png,sd15_pilot,True,True,True,,567,6.304370980897417,4.952563801597922,0.25119258931532107,0.20931404707653264,54.76871279821034,5.975120980936637
sd15_0087.png,sd15_pilot,False,True,False,worst VP localised to 2.85 deg,211,24.485626010319024,14.674102282041527,,2.2563375494334665,17.863395421279645,16.528732705262343
sd15_0088.png,sd15_pilot,False,True,False,weakest family supports only 5.2% of line length; worst VP localised to 1.05 deg; two VPs separated by only 8.4 deg,477,68.5388920251016,39.91639884866755,,6.666585624117525,8.761257602008293,17.934589173660243
sd15_0089.png,sd15_pilot,False,True,False,worst VP localised to 2.09 deg,182,1.1623593664244254,0.6881011417141328,0.23165118773956703,0.5526415835256416,74.87061638517832,1.1602628439822666
sd15_0090.png,sd15_pilot,False,True,False,weakest family supports only 6.1% of line length; two VPs separated by only 5.2 deg,617,85.42599126432131,49.337776303498494,0.029293100741402293,2.7372478056392526,38.709187274700916,27.539038140432233
sd15_0091.png,sd15_pilot,True,True,True,,552,23.552633171522984,18.15329721879309,0.8753648527144634,56.12693249561886,22.54044728701993,4.105410386874794
sd15_0092.png,sd15_pilot,False,True,False,weakest family supports only 6.8% of line length; worst VP localised to 1.75 deg,445,5.345958763085022,3.9147710549972445,0.5098085522752023,1.2427098728923296,70.47926913402743,1.8460299141603684
sd15_0093.png,sd15_pilot,True,True,True,,207,1.297334759017005,0.749328692093663,0.5217680621042889,1.7365664553343083,67.35730621046878,0.5537860576693276
sd15_0094.png,sd15_pilot,True,True,True,,312,4.89555194355971,3.094218157861296,0.20073048737354926,0.2364257326464778,43.2223942681662,1.3507729519336351
sd15_0095.png,sd15_pilot,False,True,False,weakest family supports only 5.6% of line length,453,0.8832289678073266,0.5153698877613786,0.4917375100000355,0.1441120328858818,76.71017011932487,0.8987006317343713
sd15_0096.png,sd15_pilot,False,True,False,worst VP localised to 1.23 deg,719,10.260125567525535,7.7164332009854375,0.7349294911138947,2.004766248813669,6.155596074134024,5.610766148574285
sd15_0097.png,sd15_pilot,True,True,True,,502,1.3437176732346927,0.9943699588386034,,2.563445335835589,53.936601655832334,0.9721839632240687
sd15_0098.png,sd15_pilot,False,True,False,two VPs separated by only 1.7 deg,946,88.63188384602621,51.174680292344675,0.09592852322321886,181.05102294584975,33.442630120654044,87.57548157760978
sd15_0099.png,sd15_pilot,False,True,False,weakest family supports only 6.7% of line length; two VPs separated by only 3.4 deg; VP separation only 4.6x its uncerta,332,86.56557124581998,49.99151207550168,0.12864721519086667,6.505937909193521,42.00851391834938,86.60722391568846
sd15_0100.png,sd15_pilot,False,True,False,worst VP localised to 1.08 deg,554,9.523849138273349,6.778920421536179,0.4672220629552657,2.0360348809894155,5.817406411607335,9.809981038054786
sd15_0101.png,sd15_pilot,False,True,False,weakest family supports only 5.5% of line length; worst VP localised to 1.30 deg,190,5.826356512646299,3.4856910928092706,,0.3162467105633952,50.27167814783816,5.82664154834859
sd15_0102.png,sd15_pilot,False,True,False,two VPs separated by only 3.0 deg; VP separation only 4.1x its uncertainty,524,86.78436324296449,50.10867522419015,0.0755475302040082,122.7389951215521,26.33811044719555,84.06119201702951
sd15_0103.png,sd15_pilot,False,True,False,weakest family supports only 6.0% of line length; worst VP localised to 1.36 deg; two VPs separated by only 2.9 deg; VP ,441,87.13498507966582,50.31193963424759,0.15152186991249542,277.13666594880056,43.12936990288289,5.514128131310727
sd15_0104.png,sd15_pilot,False,True,False,worst VP localised to 3.12 deg,142,22.510484573867558,13.148192391772586,,0.392556357383134,32.78035746436134,7.185946607358602
sd15_0105.png,sd15_pilot,True,True,True,,342,1.8088394562826835,1.4359240203961403,0.34986160329357197,0.5528116776679252,49.66909881275186,1.4391481718958232
sd15_0106.png,sd15_pilot,False,True,False,worst VP localised to 1.77 deg,383,3.7874475753155394,2.2171221539053914,0.8410394031372951,20.68331663854237,5.678612637871012,2.766442972837581
sd15_0107.png,sd15_pilot,False,True,False,worst VP localised to 2.92 deg,124,68.39736173841627,39.88751016821869,0.15762982252525382,2.805027558375965,40.663997162551794,29.101874773112947
sd15_0108.png,sd15_pilot,False,True,False,two VPs separated by only 2.8 deg; VP separation only 3.6x its uncertainty,678,86.91677739011527,50.18613647892646,0.03219964568631653,1.527251755857285,69.76917721362828,86.1737518378983
sd15_0109.png,sd15_pilot,False,True,False,weakest family supports only 6.4% of line length; worst VP localised to 1.18 deg,297,2.7646894908092463,1.7102074986187898,0.5633746908267707,2.414802393403468,61.89895240948366,2.7157477233608205
sd15_0110.png,sd15_pilot,False,True,False,worst VP localised to 1.10 deg,644,48.329688899981534,27.912689644334712,,105.60636462996003,10.874175318753865,49.59928946026344
sd15_0111.png,sd15_pilot,False,True,False,worst VP localised to 1.34 deg,416,31.363586775103457,20.139619229347286,0.41314623607934375,9.296328887890507,5.594351937719607,3.330424175385801
sd15_0112.png,sd15_pilot,False,True,False,weakest family supports only 6.3% of line length; worst VP localised to 1.42 deg; two VPs separated by only 4.1 deg; VP ,240,40.633304659153595,27.282676610033537,,87.86946896698382,2.291534791251324,25.718553673390858
sd15_0113.png,sd15_pilot,True,True,True,,574,1.91970781998306,1.1365542550673242,0.4050434207435225,1.0558686107726127,10.566326787256719,1.6696559358841512
sd15_0114.png,sd15_pilot,False,True,False,worst VP localised to 4.90 deg,183,1.891215414291608,1.5053714289532898,0.3809759756467807,0.18135271731755886,49.70204069588712,1.8883841930382204
sd15_0115.png,sd15_pilot,True,True,True,,428,2.6279931606293587,1.7913978406769062,0.3771936845550977,0.40578061186154035,78.54669321578663,2.578559202231702
sd15_0116.png,sd15_pilot,False,True,False,weakest family supports only 6.3% of line length; two VPs separated by only 2.9 deg; VP separation only 4.4x its uncerta,729,87.3457771989258,50.437358421857496,0.13642862736281922,16.28002779643021,36.71926300428199,83.62375942055218
sd15_0117.png,sd15_pilot,False,True,False,weakest family supports only 7.6% of line length; worst VP localised to 1.50 deg,262,1.7307129790395805,1.2975748133087965,,1.2190954862102257,40.030015284298926,1.4935905207805718
sd15_0118.png,sd15_pilot,False,True,False,weakest family supports only 5.1% of line length; worst VP localised to 1.69 deg,488,0.42984382633812857,0.3183315869522557,0.09771437829308365,2.0075700052999133,10.852879341288697,0.535632381744108
sd15_0119.png,sd15_pilot,True,True,True,,227,0.9432377574049013,0.6344111418998754,0.03613756251154711,0.018111571947169426,55.85068158734615,0.9138156131898825
sd15_0120.png,sd15_pilot,False,True,False,weakest family supports only 4.8% of line length; two VPs separated by only 2.5 deg; VP separation only 4.4x its uncerta,573,87.31595735827358,50.42006443335952,,471.1204332934547,2.291534791251324,74.43317233671505
sd15_0121.png,sd15_pilot,True,True,True,,311,7.206506390528517,4.459740361477021,,0.45596840361121305,25.95465185812033,6.220110802442221
sd15_0122.png,sd15_pilot,False,True,False,two VPs separated by only 2.4 deg,595,87.47746734203669,50.518146859351035,,365.7070905845667,50.63674872529922,2.469384516970649
sd15_0123.png,sd15_pilot,False,True,False,weakest family supports only 3.6% of line length,251,0.5088895303592551,0.2953368651452658,0.12045803235129987,0.15392508381386907,29.32177646708922,85.21585538672234
sd15_0124.png,sd15_pilot,True,True,True,,294,2.15048320000831,1.5491510535442146,0.1785455587966801,0.03346504918931001,60.65524230670404,1.9481720418001345
sd15_0125.png,sd15_pilot,True,True,True,,361,2.3714453067279777,1.4011237209194178,0.22563826957585448,0.07937488189114747,50.13126238333875,2.3641498131244703
sd15_0126.png,sd15_pilot,True,True,True,,385,63.76419180631733,38.78453445365926,0.7151620220553079,694.4933356100946,4.869145149021236,63.74168681598616
sd15_0127.png,sd15_pilot,False,True,False,worst VP localised to 1.07 deg,108,23.964353749444726,16.654117745132837,0.7778553072429466,10.950164776231174,122.01216309362309,23.964353749444726
sd15_0128.png,sd15_pilot,False,True,False,two VPs separated by only 2.8 deg,737,87.32768057606623,50.430544029386695,0.6997872512911731,1334.1313316701544,27.23578975018202,84.06528534976073
sd15_0129.png,sd15_pilot,False,True,False,weakest family supports only 5.6% of line length; worst VP localised to 1.50 deg,376,1.32670361509156,0.7900448677829096,0.5224315223371905,0.050088752705310144,40.83432132245654,1.3893648830678842
sd15_0130.png,sd15_pilot,False,True,False,weakest family supports only 7.6% of line length; two VPs separated by only 2.3 deg,464,88.35398936200001,51.015685286211195,0.14163318132499683,355.607468911093,31.474897891023993,1.5354696696833372
sd15_0131.png,sd15_pilot,False,True,False,worst VP localised to 2.63 deg,358,9.273812227389229,8.200319472953382,0.292559414406279,0.6032983850717517,32.23056251672843,0.8919631245487665
sd15_0132.png,sd15_pilot,False,True,False,two VPs separated by only 5.3 deg,682,84.26010899599359,48.65669907646755,,9.513539894101564,61.54043556530747,63.16805629637023
sd15_0133.png,sd15_pilot,False,True,False,two VPs separated by only 3.6 deg,894,89.2213470573284,51.554776514965425,,1301.003995720905,9.57883164622362,78.69080497121844
sd15_0134.png,sd15_pilot,True,True,True,,740,5.052984142418794,3.0209886807381334,0.24829543768398,0.6629836672476382,50.38680801522959,4.722689650457653
sd15_0135.png,sd15_pilot,False,True,False,worst VP localised to 1.36 deg,301,2.120626537227679,1.7358370410447028,0.4825351641709974,0.40492866449763737,20.147174631803647,1.8526662683077433
sd15_0136.png,sd15_pilot,False,True,False,weakest family supports only 4.3% of line length; worst VP localised to 2.84 deg; two VPs separated by only 7.7 deg; VP ,345,42.321800081701156,25.06535533337997,,4.039600238738914,2.678019719893833,13.735160787387784
sd15_0137.png,sd15_pilot,True,True,True,,347,3.5584607177689804,2.799955094202985,,7.0937482548714845,88.94910937899658,3.134532565871069
sd15_0138.png,sd15_pilot,False,True,False,weakest family supports only 1.9% of line length; worst VP localised to 2.65 deg; two VPs separated by only 2.5 deg; VP ,436,87.62311011285354,50.60488210272186,,14.044747000255093,151.92733445161372,88.37198898705805
sd15_0139.png,sd15_pilot,True,True,True,,330,14.097832361888393,8.649781295159993,,1.0890879262108446,3.758389424707237,14.216284339324986
sd15_0140.png,sd15_pilot,False,True,False,weakest family supports only 5.1% of line length; two VPs separated by only 3.3 deg,967,74.6881840945148,43.93596894739359,,2958.72280631642,6.860848481162094,34.794985260682935
sd15_0141.png,sd15_pilot,False,True,False,weakest family supports only 4.1% of line length; worst VP localised to 1.61 deg,392,1.631729872516246,0.9662776932239507,0.6816773281276731,4.342957857430965,58.381053163791385,0.5810678483317702
sd15_0142.png,sd15_pilot,False,True,False,weakest family supports only 6.8% of line length; worst VP localised to 1.01 deg,538,49.638839349281625,29.650720786540276,0.0036194684096890026,0.20433972352302304,59.969378326947336,49.38616908342076
sd15_0143.png,sd15_pilot,False,True,False,worst VP localised to 1.01 deg,397,14.585686796529671,8.48755925372017,0.006899246498071899,1.2718654625293815,37.686728468426566,4.234817463131421
sd15_0144.png,sd15_pilot,False,True,False,worst VP localised to 3.52 deg; VP separation only 3.5x its uncertainty,229,22.129876711890333,17.71791781020052,0.9840856927907315,22.59360429395138,4.269769786402728,5.608943625281157
sd15_0145.png,sd15_pilot,True,True,True,,376,1.1614911267942034,0.6813523171695229,0.0575945380464981,0.10216624524767406,56.51219961668464,0.9740704246277119
sd15_0146.png,sd15_pilot,False,True,False,two VPs separated by only 2.6 deg; VP separation only 4.6x its uncertainty,724,87.37041131591603,50.443820335123775,0.011597325930479734,4.829732732179245,47.62848916758986,81.78849379729445
sd15_0147.png,sd15_pilot,False,True,False,weakest family supports only 5.0% of line length; worst VP localised to 1.63 deg; two VPs separated by only 3.2 deg; VP ,144,85.03488684118147,49.107402864295,0.22498920231372804,49.29212425393459,13.230214422622698,85.03193724498104
sd15_0148.png,sd15_pilot,False,True,False,worst VP localised to 1.16 deg; two VPs separated by only 2.8 deg; VP separation only 2.4x its uncertainty,374,86.48790213130349,49.94507732541384,0.586228462709134,15.25811154151526,18.475652348712533,82.35510971018452
sd15_0149.png,sd15_pilot,False,True,False,weakest family supports only 6.7% of line length; worst VP localised to 1.24 deg,378,1.4279052720966945,1.0652645497265159,0.3054591960321235,0.2886521377615723,71.5701234237309,1.4153315192446883
sd15_0150.png,sd15_pilot,False,True,False,weakest family supports only 6.1% of line length; worst VP localised to 1.09 deg,450,35.17177106843458,26.230729827363035,0.9097129955775705,105.58117563298192,7.182131070622389,10.592879586911792
sd15_0151.png,sd15_pilot,True,True,True,,368,2.2606224255985694,1.565242957045594,0.15684959337203452,0.3285546607841159,50.095255277925084,1.6278251443032161
sd15_0152.png,sd15_pilot,True,True,True,,356,5.677228056139995,3.994817556145598,,0.5260278197105093,26.618346202565697,4.065408318889823
sd15_0153.png,sd15_pilot,True,True,True,,756,19.194982364292827,14.11702342650629,0.5158186836361254,0.1586885377279471,105.66551341743397,14.61278354499649
sd15_0154.png,sd15_pilot,False,True,False,worst VP localised to 1.48 deg,419,4.768185953993125,2.8383457124360745,0.6843225339061,7.643347710814188,57.002034339005306,4.000682954208372
sd15_0155.png,sd15_pilot,False,True,False,worst VP localised to 1.87 deg,333,16.78188382384296,9.805272332078804,0.13578515957716455,1.8737730566945894,55.35688267240253,3.467563964270269
sd15_0156.png,sd15_pilot,False,True,False,worst VP localised to 1.42 deg,426,52.769516981279416,30.536418010458345,0.25823942944543143,0.4601508840665371,15.47777130817701,37.453990568920496
sd15_0157.png,sd15_pilot,False,True,False,weakest family supports only 4.4% of line length,205,1.8432706692277776,1.469034196976721,0.78915000435916,0.6954726288610472,61.19541291737671,1.7811731374306135
sd15_0158.png,sd15_pilot,False,True,False,weakest family supports only 1.5% of line length; worst VP localised to 1.85 deg,264,11.5460700693625,7.576620952219038,0.7817240469533321,3.3266191975215276,4.293887546246647,0.2377470799640662
sd15_0159.png,sd15_pilot,False,True,False,worst VP localised to 1.10 deg,259,0.9970020556368553,0.753106512100009,0.07551511558947081,0.05921981591277767,52.34369037092458,0.8336180755533746
sd15_0160.png,sd15_pilot,False,True,False,weakest family supports only 3.9% of line length; two VPs separated by only 4.6 deg,542,85.5166130305219,49.438606904424724,,10.962863475166785,41.78877670854487,84.44459002766837
sd15_0161.png,sd15_pilot,True,True,True,,216,2.9827000757644697,2.0368442108839013,,0.029993362453690373,78.91640675191606,2.704796371816002
sd15_0162.png,sd15_pilot,False,True,False,weakest family supports only 6.8% of line length; two VPs separated by only 2.1 deg,628,88.78174094941092,51.25950791548839,0.06078963302135649,30.676771421623126,23.15898396315346,81.25240482101394
sd15_0163.png,sd15_pilot,False,True,False,weakest family supports only 4.2% of line length; worst VP localised to 1.54 deg; two VPs separated by only 3.5 deg; VP ,791,85.43605809538148,68.22480950019532,,34.604824033805684,2.291534791251324,85.43605809538148
sd15_0164.png,sd15_pilot,False,True,False,weakest family supports only 6.8% of line length,323,10.56065332881883,6.3532483306756955,,2.6181765997293756,30.74355991787277,10.177177607111346
sd15_0165.png,sd15_pilot,True,True,True,,297,0.7413223492607841,0.5416775506659552,,0.06109131569539906,64.60133814899274,0.6506758621193711
sd15_0166.png,sd15_pilot,True,True,True,,568,5.598550767722315,3.412963513378689,0.25275906225340933,0.738549441708424,49.151056394230295,3.727603907082866
sd15_0167.png,sd15_pilot,False,True,False,weakest family supports only 6.3% of line length,209,74.69038519042304,43.32716410731197,,6.875100223427226,89.35927261496852,3.053019543325405
sd15_0168.png,sd15_pilot,False,True,False,weakest family supports only 7.0% of line length; worst VP localised to 1.60 deg; two VPs separated by only 2.5 deg; VP ,234,87.7507785642052,50.67049148313405,0.15420949631206685,34.14392443951402,29.846562522598138,81.68613711386311
sd15_0169.png,sd15_pilot,False,True,False,worst VP localised to 1.17 deg,269,1.2325575753480251,0.7260415034297426,,2.1045964832848707,63.32805169520214,1.2445208656735502
sd15_0170.png,sd15_pilot,False,True,False,two VPs separated by only 2.8 deg,442,83.78208899967484,48.43401693889687,,27.908764879998476,132.84672945179634,2.3419932610899394
sd15_0171.png,sd15_pilot,True,True,True,,316,1.4099342190374813,0.8496094390815466,0.04482455409926351,0.0662236589342712,53.99276063406446,1.3832526253447668
sd15_0172.png,sd15_pilot,True,True,True,,411,5.4385972977534465,3.4073567689139574,,0.18962499261542512,72.18062332527225,5.432325575114845
sd15_0173.png,sd15_pilot,False,True,False,worst VP localised to 1.25 deg,549,5.7063817799961924,3.748050278704871,,0.7625314715887543,28.18283848340392,5.6253950476138925
sd15_0174.png,sd15_pilot,True,True,True,,629,1.1501420711960293,0.6842385974137156,0.7883826859203755,18.82335646302641,9.374534661671357,0.24568416428928685
sd15_0175.png,sd15_pilot,True,True,True,,697,2.6059610459065112,1.9450170187025455,,91.34171743958001,57.45513706170427,2.6408167790021224
sd15_0176.png,sd15_pilot,False,True,False,weakest family supports only 5.8% of line length; two VPs separated by only 3.4 deg,694,89.13829497752847,51.50233485789179,,1040.324552624916,8.105725624525132,83.04892633175847
sd15_0177.png,sd15_pilot,False,True,False,worst VP localised to 1.23 deg,386,3.314063354964091,2.6374041890224573,0.6369339641582316,0.11160130200939486,108.7871401197976,3.5306266324150215
sd15_0178.png,sd15_pilot,False,True,False,worst VP localised to 1.37 deg,770,8.038324672551681,5.258941919852459,0.6692237905417817,2.0652201668126,5.303037583985689,7.804650124453559
sd15_0179.png,sd15_pilot,True,True,True,,237,3.70557404616585,2.491575681744372,0.12320726963378052,0.04439133726274307,69.14351206408276,3.250592036406971
sd15_0180.png,sd15_pilot,False,True,False,weakest family supports only 6.5% of line length; worst VP localised to 1.03 deg; two VPs separated by only 2.6 deg; VP ,403,86.7426825995725,50.09034849101089,0.27940724972128533,31.984157257012935,10.668723418613814,85.89095679038206
sd15_0181.png,sd15_pilot,False,True,False,two VPs separated by only 0.8 deg,142,89.04351141422671,51.40938758643818,0.01610562864713386,3.4115793792811444,50.17317399314171,42.51075466652162
sd15_0182.png,sd15_pilot,False,True,False,worst VP localised to 1.52 deg; two VPs separated by only 2.8 deg,563,87.16459588000556,50.337230759306586,,257.84092632536317,3.566586116556833,32.20540508087776
sd15_0183.png,sd15_pilot,False,True,False,worst VP localised to 1.51 deg; two VPs separated by only 2.6 deg; VP separation only 1.7x its uncertainty,575,86.41014022216146,49.900002052905506,0.25161824064503324,3841.8143123069153,7.1871919821034655,62.549648436538206
sd15_0184.png,sd15_pilot,True,True,True,,217,6.623281183368832,4.722006410149035,0.2125355042815364,0.12149015378086539,53.80969426255868,6.483882391164357
sd15_0185.png,sd15_pilot,False,True,False,worst VP localised to 1.19 deg; two VPs separated by only 3.4 deg; VP separation only 2.9x its uncertainty,538,86.68672105145053,50.05897346066202,0.3080701473374543,2.2608545097042225,49.65378740919272,84.91395317631931
sd15_0186.png,sd15_pilot,False,True,False,weakest family supports only 4.7% of line length; worst VP localised to 1.34 deg; two VPs separated by only 2.2 deg; VP ,676,87.62678986785171,50.600235066128725,0.38574597314517206,136.32291269297673,10.69724289408015,84.58320506648889
sd15_0187.png,sd15_pilot,True,True,True,,197,4.528652176737552,3.2302249481871956,,0.32207047914261333,25.43646508235797,4.532522298322789
sd15_0188.png,sd15_pilot,False,True,False,weakest family supports only 6.2% of line length; worst VP localised to 2.35 deg,267,42.21024706389906,24.418083463309788,0.314654960357324,0.6271878887514516,33.26354557987852,25.666881557674685
sd15_0189.png,sd15_pilot,False,True,False,weakest family supports only 6.3% of line length; worst VP localised to 1.70 deg,241,4.867038590004171,3.1337597173455776,0.45318326076271986,0.7638734428661148,14.721998891558837,4.440472693985086
sd15_0190.png,sd15_pilot,False,True,False,weakest family supports only 6.1% of line length; two VPs separated by only 4.2 deg,506,87.24389099426253,50.38304158922491,0.15484295186976207,1140.9017315622882,24.95586282015604,82.94859038777689
sd15_0191.png,sd15_pilot,False,True,False,two VPs separated by only 3.2 deg,437,86.6654532271391,50.053757758061714,,7.813983245694004,90.25946303863108,2.644207406013834
sd15_0192.png,sd15_pilot,False,True,False,weakest family supports only 4.7% of line length; worst VP localised to 1.68 deg,152,22.670038349763246,14.912612325827439,,4.503325123866998,6.134711387118277,7.115866477597436
sd15_0193.png,sd15_pilot,False,True,False,weakest family supports only 4.6% of line length,536,2.8149536147875978,1.8190913066490082,0.7266863950579646,1.7530773544001954,12.378004158745254,2.8968395615074485
sd15_0194.png,sd15_pilot,True,True,True,,538,78.1205184562337,45.223201129730796,0.24353890957291704,13.946152334723985,24.94718850234473,76.58816778192877
sd15_0195.png,sd15_pilot,True,True,True,,315,4.135805751798912,2.8801846870338506,0.47636271099943733,0.2499298631501007,18.833618179616145,3.0630289830812814
sd15_0196.png,sd15_pilot,True,True,True,,651,1.9641100779442127,1.1694497180082513,0.1553402023613144,0.8285782050886755,22.307352393487037,1.977169087022375
sd15_0197.png,sd15_pilot,True,True,True,,294,11.599185652837946,6.699855282675606,0.28520480748638033,0.3611473453515408,32.00952276175848,9.659870163537377
sd15_0198.png,sd15_pilot,False,True,False,weakest family supports only 1.6% of line length; worst VP localised to 1.05 deg; two VPs separated by only 2.4 deg; VP ,678,87.57017618439069,50.573520479674826,,760.1697538341101,151.92740068327032,
sd15_0199.png,sd15_pilot,False,True,False,weakest family supports only 5.7% of line length; two VPs separated by only 1.7 deg,424,87.87844916246735,50.743738747789926,0.21431998327627222,25.606309169333677,66.32293214450793,1.6476168142598482
sdxl_0000.png,sdxl_pilot,False,True,False,weakest family supports only 4.1% of line length; two VPs separated by only 2.4 deg; VP separation only 4.1x its uncerta,620,87.63637660477774,50.59862204561669,0.021359309629835108,4.068486410798468,38.05443791056826,85.83421737303203
sdxl_0001.png,sdxl_pilot,False,True,False,weakest family supports only 8.0% of line length; worst VP localised to 1.35 deg,219,1.809012745660226,1.0463301323268221,0.12091741572626212,0.22555990566639111,27.862537705629595,2.4166278821186893
sdxl_0002.png,sdxl_pilot,False,True,False,weakest family supports only 7.3% of line length,653,6.590103465004276,4.384970365760582,0.2611425144454281,0.13448303410243137,46.73814471087167,4.1282906656368965
sdxl_0003.png,sdxl_pilot,False,True,False,weakest family supports only 6.7% of line length; worst VP localised to 1.13 deg; two VPs separated by only 4.8 deg; VP ,467,41.21293024984809,32.655752808113476,0.8899883351221055,417.9345367340347,2.291534791251324,40.88180206734801
sdxl_0004.png,sdxl_pilot,False,True,False,weakest family supports only 5.5% of line length,251,5.812575887195109,3.3601559413168234,0.46619112163199505,0.6110770326581815,26.20010970587048,5.796387172835679
sdxl_0005.png,sdxl_pilot,True,True,True,,359,0.8883808365197581,0.7131525025535821,0.6972171050772916,0.08982539405575858,53.387597655761866,0.9512321876447629
sdxl_0006.png,sdxl_pilot,False,True,False,two VPs separated by only 1.3 deg,665,89.57065870066009,51.91499665177364,,150.28538248900128,12.906135971657369,87.20872531729161
sdxl_0007.png,sdxl_pilot,False,True,False,weakest family supports only 2.9% of line length; worst VP localised to 1.56 deg,515,48.02892727151404,27.74021487672075,0.47719213698248925,3.834698179095485,15.20047587596474,8.650724225844897e-08
sdxl_0008.png,sdxl_pilot,False,True,False,weakest family supports only 3.6% of line length; worst VP localised to 1.73 deg; two VPs separated by only 3.8 deg; VP ,584,55.80033136653045,34.43179245319383,,173.2005268203562,2.291534791251324,80.03300456648253
sdxl_0009.png,sdxl_pilot,False,True,False,worst VP localised to 1.01 deg,281,0.9600492349660072,0.7655793844100749,,4.360001498102814,50.03729291495414,0.960026663647426
sdxl_0010.png,sdxl_pilot,False,True,False,two VPs separated by only 1.2 deg,337,89.1990236542012,51.499766212907254,0.053798680183826025,37.94411672966143,30.942385071927053,2.048797250548006
sdxl_0011.png,sdxl_pilot,True,True,True,,444,3.228556796135763,1.8941968907314057,,0.14411249432376264,18.14540867682285,3.216759804767335
sdxl_0012.png,sdxl_pilot,True,True,True,,146,73.33387203409012,42.438243043339796,0.27011486240444493,4.786930702477186,26.55428294629216,54.7016865144418
sdxl_0013.png,sdxl_pilot,True,True,True,,769,0.805803516867968,0.4661351797590107,,0.17351356816591784,46.964108384317235,0.03833574094068126
sdxl_0014.png,sdxl_pilot,False,True,False,weakest family supports only 2.8% of line length; worst VP localised to 2.11 deg,738,8.069502897503071,6.4672729270282465,0.6883832083962503,1.1046573848471635,48.563230289933095,65.2360422055414
sdxl_0015.png,sdxl_pilot,True,True,True,,284,0.2786525641430302,0.21367229823996992,0.13642523150638247,0.201918360370826,38.832987034909884,0.5210400707420035
sdxl_0016.png,sdxl_pilot,True,True,True,,373,4.540119720553818,3.2931600150218716,0.4603899987034541,0.7299513009650392,69.72860513722544,4.022369329254161
sdxl_0017.png,sdxl_pilot,False,True,False,weakest family supports only 5.6% of line length,249,18.72122732520613,13.459865790140325,0.6814528285569169,2.065637418475185,135.0283495366649,0.7336125371215161
sdxl_0018.png,sdxl_pilot,True,True,True,,136,4.17691635364578,2.570635204364973,0.5029483660817251,2.139030014821944,63.693442565144764,2.6095192092745236
sdxl_0019.png,sdxl_pilot,True,True,True,,299,0.418390977952086,0.24949408710480464,0.03689179331005589,0.07198440248844712,52.35488614326062,0.32371837111971047
sdxl_0020.png,sdxl_pilot,True,True,True,,635,4.653143476326505,2.88060494880619,0.5320368831787025,2.554513532265212,2.440290171265604,2.4332132625860226
sdxl_0021.png,sdxl_pilot,False,True,False,two VPs separated by only 1.8 deg,352,77.52666593970724,45.25002941391812,0.020266555384153437,1.6476448429510244,144.0101962451993,66.5592093600537
sdxl_0022.png,sdxl_pilot,False,True,False,two VPs separated by only 3.9 deg,491,88.97034730505187,51.44834668730072,,252.5083841087571,7.233493374960222,76.49853685164913
sdxl_0023.png,sdxl_pilot,False,True,False,weakest family supports only 7.3% of line length; two VPs separated by only 2.7 deg; VP separation only 3.0x its uncerta,519,74.61448028689959,43.5190473086982,0.6409190960757862,655.2494870336437,2.8623917552023186,27.940538848285215
sdxl_0024.png,sdxl_pilot,False,True,False,weakest family supports only 4.5% of line length,243,2.950209782299865,1.8503598303380369,0.825933839695436,0.1400150454895209,24.480581720402892,2.937107346713347
sdxl_0025.png,sdxl_pilot,True,True,True,,524,1.6418488818181345,1.0486113805686905,0.8348664827187737,2.819741947807715,49.59455469976502,1.5904704905592126
sdxl_0026.png,sdxl_pilot,False,True,False,worst VP localised to 2.08 deg,412,20.180875084588166,18.102476389963964,0.4378856243452442,0.23786646978071918,78.46426248375171,18.204787646677417
sdxl_0027.png,sdxl_pilot,False,True,False,worst VP localised to 6.28 deg,264,30.239417427873967,17.72035041117891,0.5286976254844594,9.50726776274445,3.0497999015562973,0.5620197666893887
sdxl_0028.png,sdxl_pilot,True,True,True,,607,6.090815112666462,4.911481513280314,0.6331118516367261,15.118762599335259,43.90049691318685,5.857432156016088
sdxl_0029.png,sdxl_pilot,False,True,False,worst VP localised to 1.38 deg,271,0.17956591048117332,0.1418066982998776,0.2421087188926748,0.32143485509962316,38.222097300343684,0.16657127446737263
sdxl_0030.png,sdxl_pilot,False,True,False,weakest family supports only 4.0% of line length; worst VP localised to 1.16 deg; two VPs separated by only 3.7 deg; VP ,536,58.1709897935679,33.602540162266,0.33455100334949156,8.936327436208865,2.291534791251324,13.57896498356115
sdxl_0031.png,sdxl_pilot,False,True,False,worst VP localised to 1.62 deg; two VPs separated by only 3.7 deg; VP separation only 2.3x its uncertainty,374,49.130982918745964,33.21149385971607,0.9541757636307974,2048.1831504278384,2.291534791251324,1.874403056471479
sdxl_0032.png,sdxl_pilot,True,True,True,,530,1.4808845439641232,0.869402333920457,,0.1736815804888021,38.63279892059892,0.4539321334586077
sdxl_0033.png,sdxl_pilot,False,True,False,two VPs separated by only 0.9 deg,448,89.52784587327483,51.68900098420796,0.04787308971602948,52.87196818008745,22.793260769774577,83.11917395656604
sdxl_0034.png,sdxl_pilot,False,True,False,weakest family supports only 7.8% of line length,470,6.300973921017189,4.695867623676276,,1.8038141404603354,66.97230332754137,6.295048711986567
sdxl_0035.png,sdxl_pilot,True,True,True,,306,0.49340539193268285,0.344865184440469,,0.586417913495729,49.39050261127088,0.8289541083214118
sdxl_0036.png,sdxl_pilot,True,True,True,,639,54.661399861510546,31.58388463104607,0.3920052386732226,10.05603546190223,38.50413460845271,54.95656380368989
sdxl_0037.png,sdxl_pilot,False,True,False,weakest family supports only 6.4% of line length,197,1.3700401718447495,0.8013904214552706,,0.12801576986697602,16.1949658344236,1.3700401718447495
sdxl_0038.png,sdxl_pilot,True,True,True,,313,33.123194019228364,21.755288272447583,,10.721390860302295,4.374287421534692,32.31757984480958
sdxl_0039.png,sdxl_pilot,True,True,True,,327,1.0774838281342909,0.6416517550543509,0.46377206780665087,0.12111333656230276,38.31050423491299,0.9664628633459529
sdxl_0040.png,sdxl_pilot,False,True,False,weakest family supports only 3.4% of line length; two VPs separated by only 2.5 deg; VP separation only 4.6x its uncerta,1134,71.31430944976424,41.2844713462485,0.9158937711943848,202.49792880951264,2.291534791251324,83.28388834888507
sdxl_0041.png,sdxl_pilot,False,True,False,weakest family supports only 6.7% of line length; worst VP localised to 1.01 deg,230,2.654603396400006,1.721182213314662,,0.9240084146489057,38.90326669873748,2.5169316421551713
sdxl_0042.png,sdxl_pilot,False,True,False,worst VP localised to 1.25 deg; two VPs separated by only 3.4 deg; VP separation only 2.7x its uncertainty,683,66.20402682403308,38.45112138219923,,145.55311971199006,2.291534791251324,31.103365376559772
sdxl_0043.png,sdxl_pilot,True,True,True,,396,5.1335375228567415,4.020549238607583,0.03212831138508321,0.2765203169887315,40.46548769861362,3.0209039266055555
sdxl_0044.png,sdxl_pilot,False,True,False,weakest family supports only 4.2% of line length,260,1.9589689093124605,1.1673257393457648,0.6712930218186841,0.6247278062329582,22.28383460551784,0.8684146775077721
sdxl_0045.png,sdxl_pilot,True,True,True,,609,1.834693363626954,1.1904782844217683,,2.218043886825898,65.31761042979458,1.796012700944516
sdxl_0046.png,sdxl_pilot,False,True,False,two VPs separated by only 2.2 deg; VP separation only 3.6x its uncertainty,672,87.99547005603625,50.80524184152877,0.00988835670571257,1.3592800194021626,39.060944914097995,86.35585463453462
sdxl_0047.png,sdxl_pilot,False,True,False,worst VP localised to 5.85 deg,227,26.468354763518626,15.429442259221132,,1.4483543819355071,9.375048617888265,13.185167365993081
sdxl_0048.png,sdxl_pilot,True,True,True,,388,14.831762787015052,11.3178159493846,0.5152632655097511,1.4327307185482558,20.473967399019205,10.661982802509698
sdxl_0049.png,sdxl_pilot,True,True,True,,429,0.6098609215606814,0.4601467148505404,0.763704549299961,1.976133198774312,5.119177789533797,0.4944275010130923
sdxl_0050.png,sdxl_pilot,False,True,False,weakest family supports only 5.7% of line length; worst VP localised to 1.26 deg,527,28.84651792926138,18.392147125870217,,5.2054608645763345,4.352246663981793,29.311922920007106
sdxl_0051.png,sdxl_pilot,False,True,False,worst VP localised to 1.73 deg,425,2.5095134617009336,1.7106311175985724,0.38470696287211714,0.32611041344403624,50.52175465118135,1.1941280196016208
sdxl_0052.png,sdxl_pilot,True,True,True,,366,1.5458865285384036,0.994660408863243,0.16086841053417775,0.9134314128270351,25.474731524435473,0.9435774587513492
sdxl_0053.png,sdxl_pilot,True,True,True,,677,1.5393210302000426,1.0867974838902483,,2.9088412196600975,31.72713294725084,0.4564127810052838
sdxl_0054.png,sdxl_pilot,True,True,True,,641,6.3812877388782,4.242422171223885,,10.57860780104096,61.70478574302486,5.974789461629683
sdxl_0055.png,sdxl_pilot,False,True,False,worst VP localised to 1.04 deg,405,1.8882404201018517,1.3307074785477617,0.604453243717491,0.1006328771166997,21.119738749003517,1.762552493439074
sdxl_0056.png,sdxl_pilot,True,True,True,,699,2.281100090663827,1.5099659569839106,0.20847915079682103,0.3836943095732587,53.928825059755376,2.2753700873185494
sdxl_0057.png,sdxl_pilot,True,True,True,,336,1.1366956468560119,0.7472024683189122,,0.17517967885076577,18.846414866525045,1.13431641825278
sdxl_0058.png,sdxl_pilot,False,True,False,weakest family supports only 1.5% of line length,313,1.1526337986715873,0.6990788983525578,0.6933566508121222,0.2610075701878766,22.612131163127163,1.5885973425611155e-08
sdxl_0059.png,sdxl_pilot,True,True,True,,270,0.38891105270150206,0.2303345442197548,0.22541317631364916,0.22682845777303784,57.607510355470986,0.3247254400188808
sdxl_0060.png,sdxl_pilot,False,True,False,weakest family supports only 4.1% of line length; two VPs separated by only 2.2 deg; VP separation only 3.3x its uncerta,888,82.24627846129783,47.50394579611506,0.8909878994656968,147.07082118707626,2.291534791251324,82.24627846129783
sdxl_0061.png,sdxl_pilot,True,True,True,,226,1.3279410534638032,1.0109707661497738,,0.4292322343462544,28.634496231981394,1.3650130152855837
sdxl_0062.png,sdxl_pilot,False,True,False,two VPs separated by only 4.7 deg,502,86.29190997645186,49.83019061808332,0.14531864179027962,17.196296399850638,22.101519216943455,2.5190268892387877
sdxl_0063.png,sdxl_pilot,True,True,True,,450,2.829070592512366,1.90701219969663,0.7420698350143689,2.1264825428537892,65.10663836150263,2.864732869300454
sdxl_0064.png,sdxl_pilot,True,True,True,,264,6.884071190959588,4.908710134398926,0.4527905251469781,0.3255868383095388,63.91364798295797,5.587962332533266
sdxl_0065.png,sdxl_pilot,False,True,False,weakest family supports only 5.1% of line length,886,2.5881866207755877,1.5555498056859234,,1.2796529412058277,14.219833281988734,2.8008372510157642e-08
sdxl_0066.png,sdxl_pilot,False,True,False,weakest family supports only 6.0% of line length; two VPs separated by only 2.8 deg,836,87.2529006433894,50.3878064636459,0.4649682703395584,38.5992102394148,49.396821687562735,85.01590313551827
sdxl_0067.png,sdxl_pilot,False,True,False,weakest family supports only 6.3% of line length,303,3.6952741889533627,2.8180235831804694,,2.6895592481761113,28.546286603696117,3.6393916882277324
sdxl_0068.png,sdxl_pilot,True,True,True,,382,25.610323672517637,19.203960149502997,0.6688091541157931,5.487305884009515,33.35532581285584,6.712913691247678
sdxl_0069.png,sdxl_pilot,False,True,False,worst VP localised to 1.05 deg,253,2.0354339660622145,1.550516677616037,,2.4146155956487103,36.58780640354174,1.772416804564699
sdxl_0070.png,sdxl_pilot,False,True,False,two VPs separated by only 2.5 deg; VP separation only 3.1x its uncertainty,512,88.18404934557752,50.9179449407356,0.1723851645101511,143.27062116153488,11.84113309846484,83.10000590469537
sdxl_0071.png,sdxl_pilot,True,True,True,,386,2.613496501611678,1.7154487344480125,0.4823944240592073,0.9388182819145945,46.55451594643441,1.3346870221500495
sdxl_0072.png,sdxl_pilot,False,True,False,weakest family supports only 4.7% of line length,222,1.287949613493197,0.8419237982351447,0.47292715441757593,0.20356575239444807,40.093876486570885,1.180825786688942
sdxl_0073.png,sdxl_pilot,True,True,True,,550,4.562973475774925,3.1737602744639246,0.7549318007795822,1.1572492449749818,68.25100594029726,4.585680550468027
sdxl_0074.png,sdxl_pilot,True,True,True,,558,1.0898195650492397,0.663735593506477,0.6546090725398991,36.91989847314444,51.96130540320993,1.3218293834697619
sdxl_0075.png,sdxl_pilot,True,True,True,,409,2.884775363754258,1.7833325829953484,,0.42255723785850385,57.89340831003537,0.7621331007999288
sdxl_0076.png,sdxl_pilot,True,True,True,,463,1.3159243508774097,0.821102798170327,,4.110032947434302,46.09677038879446,1.3124157955551539
sdxl_0077.png,sdxl_pilot,False,True,False,weakest family supports only 3.4% of line length,199,1.9520993393221886,1.5016095133683431,,1.4816180695567847,15.58026866859099,9.304420700573246e-08
sdxl_0078.png,sdxl_pilot,False,True,False,weakest family supports only 6.3% of line length; worst VP localised to 1.33 deg,985,21.56982058635569,12.545564167364175,,1.9007435712272858,2.291534791251324,21.56982058635569
sdxl_0079.png,sdxl_pilot,True,True,True,,404,0.5172360382500472,0.35749648782786164,0.1416002354245832,0.09941154623749346,86.69736690820292,0.21120647295403217
sdxl_0080.png,sdxl_pilot,False,True,False,weakest family supports only 3.2% of line length; two VPs separated by only 2.1 deg; VP separation only 3.2x its uncerta,560,79.43549981767663,45.88012272242311,,260.9204621677842,2.291534791251324,0.2892476539526996
sdxl_0081.png,sdxl_pilot,False,True,False,weakest family supports only 7.9% of line length; worst VP localised to 1.67 deg,321,0.8840163047604506,0.7539131868130833,0.3927118397546587,0.7105873089223665,56.99858367549821,0.8580803269806268
sdxl_0082.png,sdxl_pilot,True,True,True,,522,5.342973831364574,3.269540446094588,0.4392262243623632,0.8864464759998786,7.882337021294986,2.4270822106452954
sdxl_0083.png,sdxl_pilot,True,True,True,,447,7.727211218796754,4.770516901333786,,0.12280480984947706,23.506988942053404,7.647907812292715
sdxl_0084.png,sdxl_pilot,True,True,True,,257,5.076656368117824,3.0397829454407725,,0.24186562229943856,35.165499034376886,1.0200562659136523
sdxl_0085.png,sdxl_pilot,True,True,True,,618,0.8370049063017007,0.6275548940753264,0.7020578051663882,1.8773318249705608,37.90909413252444,0.4962325595103749
sdxl_0086.png,sdxl_pilot,False,True,False,weakest family supports only 4.1% of line length; two VPs separated by only 4.4 deg,615,80.57682129894188,46.56802102546193,,38.681246123604566,8.170630948217044,80.27494237289677
sdxl_0087.png,sdxl_pilot,False,True,False,weakest family supports only 5.1% of line length,291,11.037909105249668,6.9313249377495225,,1.5473748521743926,16.157782641995045,11.255972935503564
sdxl_0088.png,sdxl_pilot,False,True,False,weakest family supports only 3.1% of line length; worst VP localised to 1.34 deg; two VPs separated by only 6.1 deg; VP ,604,30.72831702930906,17.808704440624982,0.8081083338224125,83.58102132332974,2.291534791251324,58.4943379864967
sdxl_0089.png,sdxl_pilot,False,True,False,worst VP localised to 1.21 deg,262,1.5007591269806255,0.9883559417419758,0.47854636520404353,0.4215163523072983,39.189335034071604,0.730260703124685
sdxl_0090.png,sdxl_pilot,False,True,False,two VPs separated by only 2.4 deg,582,86.23663070220074,49.81294014669483,,93.29136233160656,151.92735728683144,3.645103650914791
sdxl_0091.png,sdxl_pilot,False,True,False,worst VP localised to 1.45 deg,471,7.349356224083792,4.963435293635621,0.4663327226023153,0.25810877214862804,34.8789665289705,5.367442106217027
sdxl_0092.png,sdxl_pilot,False,True,False,worst VP localised to 3.42 deg,381,5.717109947905229,4.323305406530276,,0.9892510963237882,94.37480528447074,5.765140149851959
sdxl_0093.png,sdxl_pilot,True,True,True,,571,0.5197972355028355,0.3851026091444584,0.979435520760015,9.326872203937125,31.076026914210914,0.4875453839781585
sdxl_0094.png,sdxl_pilot,False,True,False,weakest family supports only 7.1% of line length,808,1.4876641350900286,0.9120761514369299,0.06835888879067065,0.6187821676151901,60.37469053291767,1.374470229078696
sdxl_0095.png,sdxl_pilot,False,True,False,worst VP localised to 1.52 deg,283,4.645328297630982,3.0588197990779094,,0.275581182180995,51.99547073289136,3.90607011741902
sdxl_0096.png,sdxl_pilot,False,True,False,weakest family supports only 6.7% of line length,785,3.450759981534091,2.4897647053179046,0.2515305901370907,0.40330790214741746,34.79301944420074,0.6346083434034426
sdxl_0097.png,sdxl_pilot,True,True,True,,176,0.48539188316338766,0.3132862655753441,0.26219236941736124,1.5392386271314984,75.27047178614662,0.261199744646504
sdxl_0098.png,sdxl_pilot,False,True,False,weakest family supports only 5.3% of line length,459,3.172863448599088,2.084216245799406,,0.02470874492360206,16.56346565000564,3.246130679633822
sdxl_0099.png,sdxl_pilot,True,True,True,,248,2.2970195652993795,1.6214201962939963,0.4598811617309318,0.08822854515692027,53.73642755602853,2.383348426674374
sdxl_0100.png,sdxl_pilot,False,True,False,weakest family supports only 4.9% of line length; worst VP localised to 1.09 deg,748,20.0847561181656,12.241021665995598,,6.209421019089875,2.291534791251324,2.8993087920777185
sdxl_0101.png,sdxl_pilot,False,True,False,worst VP localised to 1.45 deg,149,1.3571095298044185,0.8069281051217329,0.5474473876611837,0.3605867133262403,36.704988915595386,1.144817785912437
sdxl_0102.png,sdxl_pilot,False,True,False,weakest family supports only 4.2% of line length; worst VP localised to 2.37 deg,456,8.636507056781767,5.568041658685142,,2.347345255461965,2.291533936761378,11.373152366223025
sdxl_0103.png,sdxl_pilot,False,True,False,weakest family supports only 5.3% of line length; two VPs separated by only 3.9 deg; VP separation only 4.2x its uncerta,464,66.53248990257059,39.39680511810382,,18.94197079029135,4.109744201611341,30.045183847696144
sdxl_0104.png,sdxl_pilot,True,True,True,,243,4.102772903755167,2.4408151170228307,,0.3711598111240765,23.647467833895796,3.639336081526025
sdxl_0105.png,sdxl_pilot,True,True,True,,694,1.3980198796867427,0.8265511869481528,,2.7334661315355064,44.9850082943975,1.305863613513111
sdxl_0106.png,sdxl_pilot,False,True,False,two VPs separated by only 3.9 deg,497,88.4107449847852,51.04544159321109,0.0847470257611137,44.4817159570753,16.8801229687623,48.8997147179159
sdxl_0107.png,sdxl_pilot,False,True,False,worst VP localised to 3.36 deg,189,46.93153082039106,27.3992789315535,,34.68518992608451,16.946882562464953,6.944953205719784
sdxl_0108.png,sdxl_pilot,False,True,False,two VPs separated by only 1.7 deg,571,89.41123968862692,51.62213352720064,0.04104835551649765,227.3525800179903,13.439636138223571,87.48385228767405
sdxl_0109.png,sdxl_pilot,False,True,False,worst VP localised to 1.47 deg,252,2.8813612515916702,1.776491222307811,0.4901811194215423,1.0990735025282048,32.90893388655512,2.5893006429864016
sdxl_0110.png,sdxl_pilot,False,True,False,two VPs separated by only 1.9 deg,514,89.07585771727145,51.487991184715455,,3266.7992461138488,18.321499137310685,54.01679429500388
sdxl_0111.png,sdxl_pilot,True,True,True,,421,1.0182397356312975,0.6610107308318137,0.0345218463855618,0.016987151731938818,64.42507232831743,1.115007753103157
sdxl_0112.png,sdxl_pilot,False,True,False,worst VP localised to 2.13 deg,188,12.343879321981973,7.270588998953418,,8.949119503418276,2.291534791251324,1.4384109373691132
sdxl_0113.png,sdxl_pilot,True,True,True,,785,0.8901086226196355,0.6384070488410677,0.36995623246595083,0.6105763766872169,39.07332889296284,1.51432826481566
sdxl_0114.png,sdxl_pilot,True,True,True,,665,5.732907483690752,4.223102650285675,0.7707042876540391,77.87490622935225,60.012030036441125,4.467642870375343
sdxl_0115.png,sdxl_pilot,True,True,True,,284,1.7508027609180346,1.212713226516373,,0.038134429700224876,83.65808893008499,1.1128724014329379
sdxl_0116.png,sdxl_pilot,False,True,False,two VPs separated by only 4.5 deg,495,88.30578930290814,51.0509514890761,,135.85061596566808,8.679046918766263,72.4870475341136
sdxl_0117.png,sdxl_pilot,False,True,False,worst VP localised to 1.10 deg,222,0.585055780451512,0.3474022347459646,0.3402139547287948,0.5843024634010306,73.96232489907744,0.4594021381730329
sdxl_0118.png,sdxl_pilot,False,True,False,worst VP localised to 1.29 deg,97,0.9941699957630874,0.689722098801775,0.3595398514620302,1.1302137734747792,50.964727381300314,0.9941699957630874
sdxl_0119.png,sdxl_pilot,True,True,True,,360,3.6216028979548582,2.865580580975523,0.5238007076784016,0.6744351797793132,53.466053745083144,1.9886725352341017
sdxl_0120.png,sdxl_pilot,False,True,False,worst VP localised to 1.23 deg; two VPs separated by only 8.8 deg,794,17.622900730933836,10.438474218746304,0.9809378835506235,90.95496468591112,2.291534791251324,0.2890619532835075
sdxl_0121.png,sdxl_pilot,True,True,True,,147,0.5415198351124246,0.34480232265447597,0.7402198605546455,1.7720314430133919,26.488065890324783,0.5291595990155287
sdxl_0122.png,sdxl_pilot,False,True,False,weakest family supports only 7.6% of line length; worst VP localised to 1.51 deg,531,17.396224313926325,12.36406453171669,,7.788422928719562,5.382830950446946,3.018046089648024
sdxl_0123.png,sdxl_pilot,False,True,False,worst VP localised to 1.06 deg,376,0.8856835958220444,0.5904835004797316,0.11025179323755711,0.31787101924323385,76.2119901329867,1.0657053653940665
sdxl_0124.png,sdxl_pilot,True,True,True,,280,7.618239456327316,4.856323447117763,,139.91263348131278,76.75321484824798,7.667970678188354
sdxl_0125.png,sdxl_pilot,True,True,True,,606,2.194395149602343,1.3955701756530652,0.2566491520262181,0.35594133059944183,19.826012624741026,1.4300567143126983
sdxl_0126.png,sdxl_pilot,False,True,False,weakest family supports only 4.4% of line length,530,5.222439106730192,3.9506810779379795,0.25658752089095194,0.31502586488604123,39.29207618824217,86.43324315734455
sdxl_0127.png,sdxl_pilot,False,True,False,weakest family supports only 3.5% of line length,296,7.609793920494155,5.686710758006411,0.79976746781419,23.105574546418296,8.652313951514289,2.747243801682359
sdxl_0128.png,sdxl_pilot,False,True,False,worst VP localised to 1.13 deg,506,5.909446863798635,4.986366942331594,0.21336386728961396,0.22553165462641112,41.49045443753318,4.93723786334607
sdxl_0129.png,sdxl_pilot,True,True,True,,298,0.8306812339636593,0.5104685532348091,0.5173729519141433,0.9939581687980854,77.37313427466756,0.7907874862640938
sdxl_0130.png,sdxl_pilot,True,True,True,,437,4.554775469357665,2.6710259317799636,0.1724001340636227,2.4679672216030513,37.580560755792355,4.463073310716638
sdxl_0131.png,sdxl_pilot,True,True,True,,374,3.960371401429171,2.4645182805003554,0.4256275618435129,2.8520071691411433,41.994942208437045,3.8603738312347105
sdxl_0132.png,sdxl_pilot,False,True,False,weakest family supports only 7.7% of line length,312,2.3804250283805715,1.5105172500835091,0.762903801051832,0.3046090162334311,14.247081419303143,1.6033750257944348
sdxl_0133.png,sdxl_pilot,True,True,True,,745,7.925695518705581,5.455212988862016,,2.5574876958093857,8.473019316647282,6.940656052872043
sdxl_0134.png,sdxl_pilot,False,True,False,two VPs separated by only 1.6 deg,619,89.44944779852852,51.64413983593699,0.043362223107856514,324.31060958590837,15.59856741284512,0.03715195688840822
sdxl_0135.png,sdxl_pilot,True,True,True,,470,3.990806354005997,2.4259553374220424,0.51859293839696,3.163208668344547,73.4486736544076,4.193540919875446
sdxl_0136.png,sdxl_pilot,True,True,True,,600,3.0760730532947065,2.006409843554069,0.2988767822811314,1.0852568368996665,34.04945587157672,0.7886382822678968
sdxl_0137.png,sdxl_pilot,False,True,False,weakest family supports only 7.7% of line length,249,1.0038424726548953,0.7743716554991603,0.7389883594053976,1.8500328981493919,29.259380731089273,0.976505002183103
sdxl_0138.png,sdxl_pilot,False,True,False,weakest family supports only 2.4% of line length,307,1.9621007140800657,1.373450675441124,0.5731879120121715,0.21675132591285773,16.62629376880334,1.9228082237532362e-08
sdxl_0139.png,sdxl_pilot,False,True,False,weakest family supports only 4.7% of line length,385,0.19875257786780764,0.1347038244324531,0.5262573695598639,0.5273589939717308,30.856044112095116,0.2484575062903076
sdxl_0140.png,sdxl_pilot,False,True,False,weakest family supports only 4.2% of line length; two VPs separated by only 2.6 deg; VP separation only 2.7x its uncerta,1201,65.34115173705919,37.731223170666155,0.6046782055275975,47.3303466122942,2.291534791251324,65.1367414605606
sdxl_0141.png,sdxl_pilot,False,True,False,weakest family supports only 2.2% of line length; worst VP localised to 2.55 deg,287,2.7797891606199983,1.947065124044952,0.5360285074309845,5.494691621020945,98.26733697564843,89.70070007700379
sdxl_0142.png,sdxl_pilot,True,True,True,,504,1.6207925495538547,1.284615239490492,0.18346655774690734,0.23368963195835274,35.50094698092634,1.5388464290941073
sdxl_0143.png,sdxl_pilot,False,True,False,weakest family supports only 4.5% of line length; two VPs separated by only 1.2 deg; VP separation only 4.6x its uncerta,401,79.40205947015869,45.88189721022756,,331.284140197969,151.9274036682336,80.07623940351387
sdxl_0144.png,sdxl_pilot,False,True,False,weakest family supports only 3.4% of line length; worst VP localised to 3.79 deg; two VPs separated by only 3.6 deg; VP ,240,67.62543997648203,39.05236437625909,0.8966344973293935,70.34312765690358,2.291534791251324,6.436387138819555e-07
sdxl_0145.png,sdxl_pilot,False,True,False,weakest family supports only 4.4% of line length,627,1.839563390636016,1.0830534292030423,,3.363599609136844,11.401335219217826,1.777188688663557
sdxl_0146.png,sdxl_pilot,False,True,False,weakest family supports only 7.1% of line length; two VPs separated by only 2.8 deg,500,86.28828457382029,49.84454901806653,0.07373562600183997,55.070836315897594,64.13251848178034,77.42194626291071
sdxl_0147.png,sdxl_pilot,False,True,False,worst VP localised to 2.14 deg,114,9.89070763069256,5.85125149767713,0.3655426194957704,5.450891333748338,48.558231763471476,9.78074853844484
sdxl_0148.png,sdxl_pilot,False,True,False,weakest family supports only 5.8% of line length; two VPs separated by only 2.4 deg; VP separation only 4.1x its uncerta,618,74.7505509601418,43.17795869832358,,69.94385185732573,2.291534791251324,75.58719160523046
sdxl_0149.png,sdxl_pilot,False,True,False,worst VP localised to 1.31 deg,427,4.127996529320072,2.4076343892619163,,1.0761610622651743,21.070836716716318,4.145687603395615
sdxl_0150.png,sdxl_pilot,False,True,False,two VPs separated by only 2.4 deg,546,89.14912942721547,51.47123333101263,0.08851279504360986,176.55793261278674,13.826476873187014,24.366873654562156
sdxl_0151.png,sdxl_pilot,True,True,True,,546,75.00997909103558,43.696967750766845,0.16816233283939708,14.785884219296225,53.38837832495424,2.498110889998358
sdxl_0152.png,sdxl_pilot,False,True,False,weakest family supports only 6.7% of line length; worst VP localised to 2.08 deg; two VPs separated by only 2.7 deg; VP ,308,87.1287584283281,50.32898143211173,,152.58390326457823,151.92739353877062,78.17357578356564
sdxl_0153.png,sdxl_pilot,False,True,False,two VPs separated by only 3.6 deg,586,89.35594145147037,51.589888995983856,0.07369705970346514,185.33714784328888,8.05300452447843,65.2697221032564
sdxl_0154.png,sdxl_pilot,False,True,False,weakest family supports only 2.9% of line length; worst VP localised to 2.67 deg,507,2.4669696135897254,1.489487889131546,,0.7925177869056257,15.228115553415305,0.33435992409489756
sdxl_0155.png,sdxl_pilot,True,True,True,,404,0.601348725180415,0.35438659915415177,0.10501185232663,0.13982849906047734,73.0196427769827,0.6548144379961087
sdxl_0156.png,sdxl_pilot,False,True,False,two VPs separated by only 3.4 deg,532,62.05403211288666,36.06243764805206,0.9474536198067209,2788.5174761380067,2.291534791251324,66.74937804854133
sdxl_0157.png,sdxl_pilot,False,True,False,weakest family supports only 1.2% of line length; worst VP localised to 1.61 deg,193,4.138004444406249,2.418971763416815,,1.4879179458405045,2.291535368874699,0.05926967415382478
sdxl_0158.png,sdxl_pilot,False,True,False,worst VP localised to 1.19 deg,283,72.1820196104581,41.702573001215214,0.04734010956834341,0.5436084365851547,75.25702580943779,62.284359836277986
sdxl_0159.png,sdxl_pilot,True,True,True,,338,5.954769564403151,3.561617468217983,0.4543106646598529,2.016286042515667,64.95074499721855,1.926183363973152
sdxl_0160.png,sdxl_pilot,False,True,False,weakest family supports only 6.2% of line length; worst VP localised to 1.50 deg,977,9.16669222914112,5.849102845497367,,2.2245175232545353,4.229771711088123,7.24769640401361
sdxl_0161.png,sdxl_pilot,True,True,True,,273,0.5307772210468897,0.40388459119422837,0.7194968864334177,27.407554844952607,45.29295018967157,0.5226170892415496
sdxl_0162.png,sdxl_pilot,False,True,False,two VPs separated by only 2.5 deg,461,89.22429719604746,51.587377784097825,,731.2192096022876,11.043070380547702,12.84161129095574
sdxl_0163.png,sdxl_pilot,False,True,False,worst VP localised to 1.71 deg; two VPs separated by only 2.6 deg; VP separation only 1.5x its uncertainty,399,86.74158577187833,50.088329097061354,,392.81418872401446,16.758056236093463,85.14834261504024
sdxl_0164.png,sdxl_pilot,False,True,False,weakest family supports only 7.1% of line length,287,8.030951390907319,5.2683445812728,0.4473193536633063,0.26131011525672193,41.735140804847596,8.18250791073038
sdxl_0165.png,sdxl_pilot,True,True,True,,514,0.9586260438080387,0.5559166227586573,0.3704844768061715,4.008796123654262,34.4108007702521,0.8135710557119751
sdxl_0166.png,sdxl_pilot,False,True,False,two VPs separated by only 2.9 deg; VP separation only 3.6x its uncertainty,448,86.95982873750974,50.2206306651373,0.03850958010656912,7.026471719713101,70.78885619798244,6.5039921723269885
sdxl_0167.png,sdxl_pilot,False,True,False,worst VP localised to 5.92 deg,115,41.14752213149741,25.140957452966983,,155.7486587941047,8.636472959085582,2.0563738285781596
sdxl_0168.png,sdxl_pilot,False,True,False,weakest family supports only 2.2% of line length,564,1.948565707567127,1.2156277670856188,0.5479005194699268,0.3417566335521977,18.298085149361793,1.3822642586092115e-08
sdxl_0169.png,sdxl_pilot,True,True,True,,370,2.62893283392188,1.5712053275534525,0.3176377545304752,0.3953701019132852,53.651189127286735,1.6123484715291312
sdxl_0170.png,sdxl_pilot,False,True,False,weakest family supports only 7.9% of line length; two VPs separated by only 6.1 deg,551,86.23655425876794,49.832125886816414,0.09376455351523451,474.2352567675324,25.115035691934363,3.0071620756301485
sdxl_0171.png,sdxl_pilot,True,True,True,,580,0.9911589352750667,0.5800420515985366,0.18473516198568474,1.145878270837647,20.80024253629555,0.9976624657965658
sdxl_0172.png,sdxl_pilot,False,True,False,weakest family supports only 6.0% of line length,306,0.7087855693380334,0.5789573366757865,0.16762478283559723,0.18210783951565943,73.45116911769385,0.5852026416725238
sdxl_0173.png,sdxl_pilot,True,True,True,,716,0.9274985518400456,0.7246586369293027,0.6637192557912067,0.23238164551504464,49.241307149567874,0.17391885327845102
sdxl_0174.png,sdxl_pilot,False,True,False,worst VP localised to 1.00 deg,500,2.334618988393231,1.4945950445595004,0.3013334497657814,0.19638626940660647,50.62429962977042,2.1694387328122104
sdxl_0175.png,sdxl_pilot,True,True,True,,367,1.069048912006565,0.6172718968496683,0.02451985857647282,1.599852126068876,64.77889672684223,1.269282239211904
sdxl_0176.png,sdxl_pilot,False,True,False,two VPs separated by only 1.7 deg,601,87.83073396096249,50.71630728322659,0.10136384755569487,29.921019578555285,53.12746206951391,3.506901536249117
sdxl_0177.png,sdxl_pilot,True,True,True,,251,0.4560611788771354,0.30539482415626024,0.38452793218930825,1.3157836518502846,52.720138800395574,0.27317757021681643
sdxl_0178.png,sdxl_pilot,False,True,False,weakest family supports only 2.2% of line length,303,0.8095828298492904,0.5245843361371664,0.3809633000194125,0.7903164748112063,38.24319673717648,0.16178902222146974
sdxl_0179.png,sdxl_pilot,False,True,False,weakest family supports only 5.8% of line length,399,0.2700715947626833,0.1924196445666604,0.05852069295586581,0.3640914671090731,48.18674868783191,0.234765989566057
sdxl_0180.png,sdxl_pilot,False,True,False,weakest family supports only 6.4% of line length; two VPs separated by only 2.7 deg; VP separation only 3.4x its uncerta,1102,86.98730358084903,50.232407043542025,0.792915175166902,52.043352347894405,3.196265064175716,76.34098096672082
sdxl_0181.png,sdxl_pilot,True,True,True,,185,0.8619314929017463,0.5384905798909784,0.17950052570644262,0.06383405967341793,36.84862446506189,0.8794339524958161
sdxl_0182.png,sdxl_pilot,True,True,True,,475,0.43523115849514227,0.3577954029878305,0.08748763604245198,0.09839040021912916,33.564001179712456,0.4443387905800762
sdxl_0183.png,sdxl_pilot,False,True,False,weakest family supports only 4.9% of line length; worst VP localised to 1.05 deg; two VPs separated by only 2.7 deg; VP ,692,84.77704146581577,49.41959686790703,,2501.945457834541,8.004490560997588,2.225971344319362
sdxl_0184.png,sdxl_pilot,False,True,False,worst VP localised to 1.05 deg,248,6.265208088537051,4.211794745452845,0.5168832371919295,0.9564636524131539,7.811829380979554,1.0193850686964367
sdxl_0185.png,sdxl_pilot,True,True,True,,399,0.6685733426127314,0.528825449977591,0.5246404728828771,6.157110344386475,67.15903006869786,0.6247536329011041
sdxl_0186.png,sdxl_pilot,False,True,False,two VPs separated by only 3.8 deg,463,87.99081500850166,50.80218167224971,0.027242463232753155,7.176807319288848,20.51516557081344,5.865062093585777
sdxl_0187.png,sdxl_pilot,False,True,False,weakest family supports only 6.5% of line length; worst VP localised to 4.06 deg,181,25.428445429967226,18.884799393644652,,3.9913296144751955,4.7401432649745905,1.9890801155403608
sdxl_0188.png,sdxl_pilot,False,True,False,weakest family supports only 3.2% of line length; two VPs separated by only 3.0 deg,657,77.12019092886031,44.53647396729346,1.047700108476771,251.00468857583985,2.291534791251324,5.9533235230446735e-08
sdxl_0189.png,sdxl_pilot,True,True,True,,242,2.259545100459462,1.7383958710041456,0.37602743324318594,0.06262116160872874,35.28616700946055,2.2947355443865405
sdxl_0190.png,sdxl_pilot,False,True,False,weakest family supports only 7.8% of line length; two VPs separated by only 3.5 deg,522,88.58538363554823,51.14559338515262,0.05788758700974763,30.732251021825235,15.994812800348013,85.76500425015445
sdxl_0191.png,sdxl_pilot,True,True,True,,431,1.2664493084484576,0.8913113758425806,,0.9628787140927203,55.81538398152956,1.3733033859573283
sdxl_0192.png,sdxl_pilot,False,True,False,worst VP localised to 2.03 deg,294,2.3187561842941733,1.8898292537904466,0.14324065356339785,0.06877787318920654,56.96717000761699,2.227649503508104
sdxl_0193.png,sdxl_pilot,True,True,True,,644,1.8825295289669128,1.2844937328696044,,0.16457899170826695,54.4141029268813,1.8796212499303948
sdxl_0194.png,sdxl_pilot,False,True,False,weakest family supports only 6.8% of line length,408,1.8605046284651507,1.198051983439956,,0.13247067874733914,50.48745787304601,1.8290545265340938
sdxl_0195.png,sdxl_pilot,True,True,True,,356,0.6723844507519203,0.4039077220377169,,0.10094757123072792,89.0950432935772,1.1573008539645002
sdxl_0196.png,sdxl_pilot,True,True,True,,561,47.67164910193998,27.855325415710084,0.05209088839772187,0.6201106455580307,23.50029319345995,3.1054059242295153
sdxl_0197.png,sdxl_pilot,False,True,False,weakest family supports only 3.4% of line length,163,0.9949346199910707,0.6519677324178447,0.5138771349388788,0.8480884719925201,17.31688765926515,5.1500776976354246e-08
sdxl_0198.png,sdxl_pilot,True,True,True,,405,1.043806466276834,0.7672267124467035,0.31083281288946446,0.1475005433764992,19.946267390240596,0.8883250410783319
sdxl_0199.png,sdxl_pilot,False,True,False,worst VP localised to 1.13 deg,275,1.1693767141538132,0.6815605140082623,0.09540898057981614,0.11503023911215073,46.55349465553863,1.1112554518340119
