path,set,identifiable,uncropped,selected,reject_reason,n_segments,ortho_err_max_deg,ortho_err_rms_deg,f_spread,orthocenter_offset,hfov_deg,l3best_ortho_err_max_deg
P1020171,yorkurban,False,True,False,weakest family supports only 6.0% of line length,532,5.3347395934247,4.133841280390403,0.16071240613913051,0.10978288412244629,62.11444974038718,5.359165848553673
P1020177,yorkurban,True,True,True,,349,1.0544933678497586,0.6760020651902672,0.02427665514767572,0.033560378215488226,51.05601964687235,1.0539543901628292
P1020822,yorkurban,False,True,False,weakest family supports only 6.4% of line length; worst VP localised to 1.10 deg,386,1.0694147292017817,0.6254175392938329,0.0844592549949722,0.16146866000961413,48.73099796670388,0.9032053455114522
P1020826,yorkurban,False,True,False,worst VP localised to 1.45 deg,170,0.22279664013728961,0.14514656833577788,0.14396622357899444,0.024452321961620917,49.684760766316515,0.2539504841283673
P1020828,yorkurban,True,True,True,,159,0.12401846404276284,0.09871980313127361,0.04195905218869501,0.06864047949310571,50.780162728875396,0.39441594644456757
P1020829,yorkurban,False,True,False,weakest family supports only 5.8% of line length; worst VP localised to 1.29 deg,422,72.04818171997834,42.40613044924482,0.7794073009501935,1271.2306391255902,17.058728713381964,0.4525081770536161
P1020830,yorkurban,True,True,True,,349,0.7872560101469475,0.5448951814226638,0.1306444141327945,0.06353364547002371,48.82005794460725,1.0005626385015205
P1020833,yorkurban,True,True,True,,160,0.8492707493099942,0.4943869515672992,,1.0731244819768504,52.14647584217852,0.8510076981596058
P1020838,yorkurban,True,True,True,,234,0.6027877748836374,0.5041385454876643,0.03237158527767664,0.027172744084760156,50.53410697102158,0.5110620497161307
P1020841,yorkurban,True,True,True,,404,0.842664880622749,0.5612459778853863,0.04169768201126344,0.01767349899833489,49.558030866072784,0.842664880622749
P1020845,yorkurban,True,True,True,,338,0.43135658520002096,0.2909329473829306,0.08447975790221679,0.14687028666688023,49.519527826546074,0.7119418357287373
P1020854,yorkurban,False,True,False,weakest family supports only 7.1% of line length,237,0.8601079971290915,0.6301366954072835,,0.019156432104121324,49.81597075574382,0.7768423464233223
P1020856,yorkurban,False,True,False,weakest family supports only 4.6% of line length; worst VP localised to 1.05 deg; two VPs separated by only 3.4 deg; VP ,326,86.32068364057088,49.845267858136516,0.29284348119883097,21.254513269925997,22.352894994348986,34.37943763755279
P1020860,yorkurban,True,True,True,,393,0.3297764178763316,0.23568955503827355,0.18167672611324662,0.022636330859729353,49.20547775298833,0.3703240045616383
P1020861,yorkurban,True,True,True,,315,1.7911504830329363,1.250249598648595,0.19040277091185384,0.17376267155091152,47.686992665055364,1.6916946857348591
P1020871,yorkurban,True,True,True,,354,68.27049704389529,41.03243224823219,,67.98619985224778,151.92741111945637,1.4919398344568293
P1020872,yorkurban,True,True,True,,228,0.6902984056586661,0.5474548439329016,0.07749420937484333,0.030099134043909098,48.91802774043498,0.7073051638057848
P1020887,yorkurban,True,True,True,,374,14.475914500688475,9.975479459437608,0.3869049740814586,1.1236105981069826,38.340889514739644,1.1519782577067446
P1020912,yorkurban,True,True,True,,413,65.07169044772414,39.00602138858853,0.37828153114533386,2916.5134224317007,33.61890573513597,0.46547043115339193
P1020928,yorkurban,True,True,True,,329,0.9255546027403057,0.5722053892848517,0.031413481054205994,0.06258774118735351,48.932747566308485,0.8444644284476794
P1040779,yorkurban,False,True,False,weakest family supports only 5.9% of line length,450,5.680878947172147,3.555126546495065,0.4653558207732412,0.8611990543505017,81.09267155574287,5.612024370772261
P1040783,yorkurban,True,True,True,,338,1.5709633950640836,1.0869451048425298,0.10574703940848998,0.055129652510148335,54.024864333775845,1.5064878903250474
P1040788,yorkurban,True,True,True,,340,1.170013360437423,0.6919371371361108,0.20482871325939153,0.05042062318152765,52.79128145196315,0.9785789815963852
P1040795,yorkurban,False,True,False,worst VP localised to 1.44 deg,437,6.871134725265804,4.5120123921311235,0.3870872070294378,0.3157176423253984,26.483370902970613,0.5256583974439621
P1040798,yorkurban,False,True,False,weakest family supports only 6.3% of line length,338,0.511113896610226,0.2981099511776409,,0.06646270342454469,51.94903389534108,0.5957942506877316
P1040801,yorkurban,False,True,False,weakest family supports only 4.5% of line length,526,3.4144450504939527,2.749554321268112,0.3483334700260133,0.3029563408704914,70.67357008837487,3.390848682397319
P1040811,yorkurban,False,True,False,worst VP localised to 1.76 deg,162,0.2975312493463633,0.18065995222242318,0.12126092960816723,0.07887334868782257,50.27143653786523,0.37364329797829043
P1040812,yorkurban,True,True,True,,479,1.1793138489959603,0.7006273516591127,0.1459246924333819,0.0686932295791064,47.236423737288405,1.1443096763138527
P1040813,yorkurban,False,True,False,weakest family supports only 6.8% of line length,433,1.318573372435381,1.0564938519981628,0.23078376385667607,0.028035513245738216,49.933579361111654,1.3034783311775442
P1040814,yorkurban,True,True,True,,270,0.17381264675053387,0.12315558639299272,0.03311852714094875,0.06664048384251164,50.34126947409223,0.17699226455381734
P1040815,yorkurban,False,True,False,weakest family supports only 7.2% of line length; worst VP localised to 1.30 deg; two VPs separated by only 4.4 deg; VP ,491,42.738015960118695,33.17018869578182,0.9580628855681113,2174.9586511328266,2.291534791251324,40.379762966970084
P1040817,yorkurban,True,True,True,,372,0.2980141152394964,0.2511207465291189,0.11881520421546447,0.07447514277789828,43.10726308182327,0.5885010602155916
P1040818,yorkurban,True,True,True,,361,72.19782588567253,41.73383220138515,0.37949323314647737,1.8942950845332118,32.753133289522715,1.1263128003240297
P1040819,yorkurban,True,True,True,,338,0.6554605052490103,0.431508809065715,0.020954099801936455,0.020114807035836856,50.05600619765039,0.567823639633886
P1040822,yorkurban,False,True,False,worst VP localised to 1.38 deg,190,1.3160956674225162,0.9164186327710535,0.2123255175755279,0.4500479855635339,40.45327685291287,1.3892020369445248
P1040823,yorkurban,True,True,True,,256,13.340752059217053,9.493861789215986,0.383414492623678,0.7036068596519633,24.473707858531,13.355340637989755
P1040825,yorkurban,True,True,True,,241,0.1747235050311957,0.11430921042412713,0.021059939399454893,0.010383784624070943,51.99458475223751,0.22056077732410984
P1040826,yorkurban,True,True,True,,189,0.9989952661707378,0.618390861660797,0.27213197124994354,0.059548041347135684,74.07375653412333,0.9780141935706439
P1040829,yorkurban,True,True,True,,378,0.35978804152108523,0.26454384489935345,0.08835327324230847,0.16144921637604032,48.11783822039517,0.4183173827775164
P1040833,yorkurban,True,True,True,,631,0.6440996214185617,0.5055674707424077,0.12984031911060512,0.16403027873746578,68.55999744211388,0.6899836944775473
P1040839,yorkurban,True,True,True,,550,0.45716630740473363,0.2745149763675426,0.1682830392040179,0.006892407755579814,51.61046100487531,0.46712108648262074
P1040843,yorkurban,True,True,True,,389,0.38971842098534637,0.2508087554604999,0.20662416168790876,0.11999547526221574,53.2013088257444,0.2985447579329161
P1040845,yorkurban,True,True,True,,427,0.026632166191546958,0.02061338763402238,0.015816605627691542,0.007663340274838853,49.89310681802923,0.031886009289095796
P1040850,yorkurban,True,True,True,,395,0.8034388892816651,0.497581517610783,0.12087868740940627,0.015865555424808633,49.91831179735208,0.6998474926673168
P1040853,yorkurban,True,True,True,,308,0.8378603864091332,0.5295405941037588,0.22623892485948627,0.12075647480279232,45.87781960192907,0.8074216309209135
P1040854,yorkurban,True,True,True,,621,0.6745174641802549,0.4948620901820075,0.09666087863098045,0.06635882083184919,53.376308047823045,0.6745174641802549
P1040855,yorkurban,True,True,True,,478,0.4754429796117705,0.3263423605010959,0.30631915319666764,0.21504685328635695,46.049879514492346,0.43613384144533995
P1040856,yorkurban,True,True,True,,513,0.44913309413112756,0.3706165786723796,0.08974794206535616,0.0556422362234433,49.67150428365727,0.4644893038583007
P1040860,yorkurban,True,True,True,,464,0.39587222670442657,0.23373089279379647,0.354426022909767,0.2831733750029216,48.48412177346616,0.25863249644119435
P1040862,yorkurban,True,True,True,,227,0.9946685687088035,0.7867028871286887,,0.24480814010178847,47.573846673829074,0.9374203323993413
P1040863,yorkurban,True,True,True,,388,0.6601472066489436,0.4145636713208912,,0.19245709071060235,45.412543083524206,0.46817684072421173
P1040870,yorkurban,True,True,True,,336,1.1210005565613557,0.6604154167701484,0.07865891409250214,0.09545141813935207,50.897418938820195,1.1255918862054841
P1020816,yorkurban,True,True,True,,363,0.47969185819309246,0.27838163513749037,0.0638491944959752,0.08225208004814161,51.087907075387676,0.47492476822895924
P1020817,yorkurban,True,True,True,,350,0.6267439380313391,0.37120250205991256,0.1001322353165059,0.05809318877618758,51.07592942132567,0.6092399828712161
P1020819,yorkurban,True,True,True,,344,1.2271688290362448,0.7511119733901879,0.09936545207743491,0.03460131730464801,51.07183476730629,1.1795230012948963
P1020824,yorkurban,True,True,True,,152,0.5161789715466796,0.3720610188496705,0.209337310769885,0.01644488783052651,49.196491902241895,0.5347531572501083
P1020825,yorkurban,True,True,True,,122,1.3748314513178883,0.9037156144366589,,0.05194786164193919,49.42276857075033,1.3748314513178883
P1020831,yorkurban,True,True,True,,561,0.5860667128353754,0.41857299813355214,0.29676792894985554,0.5147359731749348,49.80723491310799,0.5882266331208967
P1020839,yorkurban,False,True,False,worst VP localised to 1.13 deg,195,0.8837037840241351,0.5402444681997063,0.2088131644512236,0.9492625005632037,53.863895412769466,0.8837037840241351
P1020847,yorkurban,True,True,True,,400,0.42423904963011694,0.3175115585879925,0.08926452456143959,0.14156105948067177,52.21375552669361,0.48173338774765284
P1020848,yorkurban,False,True,False,weakest family supports only 5.7% of line length; worst VP localised to 2.21 deg,608,51.41720924166377,30.625868296732516,0.21028093663568462,2.1524455252655423,27.04098297170207,1.184377436361956
P1020867,yorkurban,True,True,True,,279,0.20316272277565872,0.16400351644769798,0.04144090961823204,0.04110926363181622,49.890484675170676,0.3096219345183755
P1030001,yorkurban,True,True,True,,616,0.8822881603104378,0.6138447178265393,0.0286628571739109,0.03395053078989411,49.535389576286924,0.8514021991631324
P1030004,yorkurban,True,True,True,,399,2.305068170786271,1.380315022207935,0.07235143443489347,0.15043578054498866,48.07374090224317,1.954939936841967
P1080005,yorkurban,True,True,True,,647,1.3155437240937573,0.7753677890307022,0.056100143854080346,0.1090407834553932,49.71515471040641,0.7425068205322276
P1080008,yorkurban,True,True,True,,759,0.5785911667598782,0.34750187297825474,0.018662805254349893,0.030738230940940282,50.720467290934195,0.4705777316716251
P1080011,yorkurban,True,True,True,,391,0.6472214572614234,0.3878519796539016,0.02184159408851976,0.038182962315486256,49.95794495406821,0.8279416486807492
P1080015,yorkurban,False,True,False,weakest family supports only 4.1% of line length,542,0.23774204797310006,0.21438785238771946,0.032634543758969944,0.027695811248179505,51.281145837074455,60.19665800578981
P1080018,yorkurban,True,True,True,,583,0.596288436293662,0.48750515588450116,0.025085462069575865,0.022618296077954462,50.7899060897949,0.6234161706375403
P1080020,yorkurban,False,True,False,weakest family supports only 4.8% of line length,628,0.4033657217073596,0.2601067295964467,0.04002396736962427,0.05383047707751109,53.12984607744854,0.3911978537669256
P1080021,yorkurban,False,True,False,weakest family supports only 5.8% of line length,345,0.5449065875024104,0.40868008628855595,0.043917418779379803,0.034811094411919916,51.07252483236665,0.5759067682399035
P1080023,yorkurban,False,True,False,weakest family supports only 6.6% of line length,814,0.5451906364720998,0.3927113826105473,0.03020396976477704,0.05069905955368474,48.43932662002106,0.5654584899703536
P1080025,yorkurban,True,True,True,,286,0.20849815245848902,0.14555282122037252,0.02578842624467386,0.05325857441153947,50.6757907748008,0.4006830831402084
P1080031,yorkurban,True,True,True,,535,0.34097184604588904,0.2267479881592017,0.022862348096695146,0.03794503755727396,52.15215972974154,0.338777792907635
P1080032,yorkurban,False,True,False,worst VP localised to 1.23 deg,275,2.8261116017088455,2.0534399524395357,0.2823287644170097,0.12425028808095209,50.559118248096674,2.6169200162354684
P1080033,yorkurban,False,True,False,worst VP localised to 2.17 deg,338,0.33415370313274195,0.2008225331753716,0.010451299903085071,0.10867689325009403,55.69870508860994,0.33940814995553126
P1080036,yorkurban,True,True,True,,423,1.2930966000388935,0.782629599513829,0.07522376172424794,0.047918578346694565,50.43413536888923,1.2285978739938628
P1080045,yorkurban,False,True,False,weakest family supports only 6.2% of line length,337,0.7491701954288317,0.5396548608422305,0.02856558912262389,0.023672016105010848,49.96547484932143,0.7222090204910785
P1080047,yorkurban,False,True,False,worst VP localised to 1.11 deg,276,2.349977166204681,1.4440671089863142,0.23217535636122233,0.04863271785364522,48.00156666339981,2.3676032781619227
P1080049,yorkurban,True,True,True,,650,1.5744686527522873,1.029832053658693,0.05332146351988409,0.10039705679455756,48.660644959639484,1.5964301179731564
P1080053,yorkurban,True,True,True,,386,0.6182616489186756,0.3672797162730403,0.02423479834150857,0.04797278096508697,47.050132313351284,0.251092483921596
P1080055,yorkurban,True,True,True,,407,1.2895107559914578,0.750483960400988,0.08203747649637211,0.17007792487936638,50.81411750100998,1.0318021358653908
P1080056,yorkurban,False,True,False,worst VP localised to 1.89 deg,355,6.1352570353448215,4.015298060321335,0.44022898376242453,2.148253855921452,15.215980414292787,6.045039617379672
P1080057,yorkurban,True,True,True,,421,0.577738877332493,0.37291540835709897,0.029471979215670945,0.039722126979740174,49.52044346574121,0.5419738292149248
P1080062,yorkurban,True,True,True,,403,0.08555344874791615,0.05174691108767846,0.11627391410604868,0.028216187728316355,54.15907295698489,0.4466231451010714
P1080063,yorkurban,False,True,False,worst VP localised to 1.04 deg,507,0.6983451072565572,0.4642085808624853,0.20528530849215212,0.15509271650629203,54.99271151268772,0.6606423888661368
P1080074,yorkurban,True,True,True,,387,1.6304101704706682,1.0103524326401565,0.053307621371462874,0.07010977049964837,51.25631789852612,1.4542614865798527
P1080077,yorkurban,False,True,False,weakest family supports only 7.9% of line length; worst VP localised to 1.04 deg,351,0.571254916437212,0.4072878497742992,0.0313636768531694,0.01164875013338219,49.58978715113836,0.5179275691375551
P1080078,yorkurban,True,True,True,,570,0.36015166799334963,0.22608314933921417,0.17882221108130475,0.11849458781138048,44.986397180711435,0.4049740201921139
P1080079,yorkurban,True,True,True,,659,0.379111296234214,0.25227516302432595,0.12222790524334397,0.23076535541011287,48.965944183831226,0.38312130904407127
P1080084,yorkurban,False,True,False,weakest family supports only 4.0% of line length; two VPs separated by only 3.6 deg; VP separation only 4.3x its uncerta,414,86.45948434251623,49.93654371555884,0.39098756888985114,18.30243482131702,37.21687132741039,80.52782941577415
P1080091,yorkurban,True,True,True,,541,0.845541597828543,0.5014193439513617,0.14297290148561564,0.19544256911290328,50.52038654256445,0.8443066543317599
P1080092,yorkurban,True,True,True,,498,0.5217059187077666,0.30969962658844497,0.019015495439175488,0.24541857825979652,48.54310807671922,0.5448163580641676
P1080093,yorkurban,False,True,False,weakest family supports only 8.0% of line length,529,1.0207894397166228,0.622131086482348,0.046823009560048444,0.04957329894881252,51.41496536796723,0.9861086092235922
P1080096,yorkurban,False,True,False,weakest family supports only 7.9% of line length,365,0.6161662797236147,0.417240862750612,0.04896099990106779,0.01708445966312307,49.3361871248181,0.6003741717822209
P1080100,yorkurban,True,True,True,,354,0.6124552615545866,0.36438362709964534,0.0226581730652557,0.037828042294144625,51.249907114726135,0.5271065566703754
P1080104,yorkurban,True,True,True,,506,0.3946001935120904,0.31914511963549935,0.015191969585667948,0.00966592868082324,50.444783176908274,0.39421986119853614
P1080106,yorkurban,True,True,True,,248,0.26043938467164196,0.17783198365600084,0.012177395171972562,0.015680078020544237,50.81748450295699,0.4394297583396565
P1080111,yorkurban,True,True,True,,518,2.8527948126075273,1.710571638660547,0.11948787682797288,0.2843075670226623,47.596756777614836,0.08986874848368132
P1080113,yorkurban,True,True,True,,662,0.6726155369377551,0.501041082183711,0.024679219135061856,0.01818799093934854,50.59078702836952,0.8121900401742863
P1080116,yorkurban,True,True,True,,346,1.6012544563155586,0.9710237726292799,0.12132981220168162,0.19578936825893717,50.23189858594335,1.3462673387356432
P1080119,yorkurban,True,True,True,,541,0.5466687775925436,0.40187476755163565,0.030576304101182443,0.062202395423033116,49.45578028680489,0.41588169162307054
100038573.jpg,real-commons,False,True,False,two VPs separated by only 2.4 deg; VP separation only 2.8x its uncertainty,724,87.60370773851301,50.587462748958615,0.07362823876059565,51.96495430302075,47.767526484009025,73.53692176712966
101102990.jpg,real-commons,True,True,True,,494,69.795579049086,41.13080445788828,0.4847585653808976,96.56233596506621,25.175985193637363,69.80385848419303
101287934.jpg,real-commons,False,True,False,worst VP localised to 2.39 deg,311,16.21299845709825,9.44945547890738,0.22702043705152547,0.3893960502034943,75.72580288756984,3.236287642968165
103025077.jpg,real-commons,False,True,False,weakest family supports only 1.1% of line length; two VPs separated by only 3.2 deg,837,73.31675882659498,43.00567234418555,0.5760409468780173,21959.238155386647,3.7632948537923894,
10402374.jpg,real-commons,False,True,False,worst VP localised to 1.05 deg,291,2.328230689108807,1.6742182038468194,0.8557243304529859,0.048920555010461414,51.10962119882714,1.7746304505589023
105241817.jpg,real-commons,True,True,True,,269,2.157570419443772,1.3258139155289836,0.07447322047436604,0.06806635139578515,72.12412559607723,0.6120806408287507
105241819.jpg,real-commons,False,True,False,weakest family supports only 3.9% of line length,350,0.23515074679623638,0.15167139839688779,0.005631766448575857,0.0042845350654649875,78.87649617156309,0.5367707288679071
105241820.jpg,real-commons,True,True,True,,303,1.72721629835641,1.0214451055602918,0.08811826230368942,0.09031834305907545,71.63767512630228,0.8391691359202582
105291070.jpg,real-commons,False,False,False,weakest family supports only 1.3% of line length; two VPs separated by only 2.2 deg; VP separation only 3.8x its uncerta,932,85.38903364900003,49.325627631750685,,1514.345853282666,2.423863345660695,0.043809886605629345
105380830.jpg,real-commons,True,True,True,,475,50.0126840337624,33.78106097032029,0.92391706389936,266.28875643066107,8.330096805603594,47.264936630807675
106558465.jpg,real-commons,False,False,False,weakest family supports only 4.1% of line length; worst VP localised to 1.02 deg; two VPs separated by only 2.9 deg; VP ,498,80.41705356970512,46.455681044059126,,61.065646184626495,2.479770311852631,42.13363696540482
10660689.jpg,real-commons,False,True,False,weakest family supports only 7.4% of line length; worst VP localised to 2.18 deg,358,28.300361517664612,16.36532076704218,1.242606028495271,675.6551561831747,10.468474347231826,1.203310957900527
10686514.jpg,real-commons,False,True,False,two VPs separated by only 2.2 deg,561,83.93388269733417,48.46950882096775,0.5065444081275364,12.16235307137906,130.79687182948354,6.141840700231157
107067853.jpg,real-commons,False,True,False,worst VP localised to 2.23 deg,239,59.71133119600532,34.56423832982139,0.33646238995899047,1.4291677967831042,63.41518687901672,7.761641989485554
107361509.jpg,real-commons,False,True,False,weakest family supports only 2.5% of line length; worst VP localised to 3.00 deg; a family spans only 0.08 of the diagon,311,27.86426937885024,21.74353193847704,0.577761792954277,20.560701287668405,2.3844597094066136,4.997293956421345e-08
107361510.jpg,real-commons,True,True,True,,456,10.373879632991972,7.342836270833028,,0.5284744942442643,21.127529775744225,10.094292426267458
107528007.jpg,real-commons,True,True,True,,345,47.363781773481996,27.490268749327786,,2.3037164809890545,29.53278629742743,0.4576517911214921
108115953.jpg,real-commons,False,True,False,fewer than three VP families,290,1.2803170079678239e-08,1.2803170079678239e-08,,,18.011884083601956,1.2803170079678239e-08
111599140.jpg,real-commons,False,True,False,worst VP localised to 3.93 deg; two VPs separated by only 6.1 deg; VP separation only 1.6x its uncertainty,255,80.59668134785326,46.71286097522199,,4.561666580569705,28.259133625925926,76.99186289660543
112636258.jpg,real-commons,False,False,False,weakest family supports only 4.3% of line length,637,3.0671212883960663,2.069361083011647,0.20353903314173297,0.6394078765451233,7.497157603586883,3.2457795287662776
113368842.jpg,real-commons,True,True,True,,377,29.318726380245792,18.760558063245888,,5.630725176960509,5.445483575454332,28.12180179029678
114063282.jpg,real-commons,False,True,False,weakest family supports only 6.2% of line length; two VPs separated by only 2.3 deg,576,87.44886000800747,50.4955375912234,0.06213003868168338,2.295423233204401,61.10353878982574,85.47338586166099
114951785.jpg,real-commons,False,True,False,worst VP localised to 1.87 deg,280,0.5451991271607994,0.4386078732403283,0.22746974941911713,0.06638641022909683,80.96457979050953,0.4974685657583393
115919549.jpg,real-commons,True,True,True,,458,32.06437869526301,30.046531311783422,0.9503913845037796,4226129.608548831,43.66189384440833,31.31522061937804
115919554.jpg,real-commons,False,True,False,worst VP localised to 1.34 deg,123,46.19990090155668,36.49965650883252,,73.37762711822,152.98080897164766,31.36077852107028
115919559.jpg,real-commons,False,True,False,worst VP localised to 1.12 deg,372,23.472324077655557,18.772815859075063,0.6160256108251753,2.2133901834207506,39.7559002046787,0.44641518893936905
117403767.jpg,real-commons,False,True,False,worst VP localised to 1.78 deg; two VPs separated by only 3.2 deg; VP separation only 1.8x its uncertainty,282,86.73702581070768,50.09305765200581,0.5079350688453553,13.480090155879745,40.07434600960967,6.700912668010602
119858370.jpg,real-commons,True,True,True,,309,50.42233886749504,29.73648569045349,,0.5929560879732881,27.138076767831304,3.6223223188857077
121501894.jpg,real-commons,True,True,True,,372,3.260293216058841,2.657502736055511,0.09564638179660259,0.0578215623472144,63.39591598742458,3.2511782452806983
121685664.jpg,real-commons,False,True,False,weakest family supports only 6.7% of line length; worst VP localised to 1.58 deg,445,6.257965125586452,4.005811347644987,0.4412736802466893,0.4796109100345337,52.648433402335215,5.064928466198253
122233284.jpg,real-commons,True,True,True,,165,0.279899930073654,0.18118092634503472,0.19769374713975113,0.586253425430239,71.42680870678926,0.3250513413172911
122915193.jpg,real-commons,False,True,False,two VPs separated by only 3.7 deg,483,86.13886585517763,49.74573309354773,0.06565995803199615,3.844073896063335,48.92652784609277,1.8683988746575153
124585902.jpg,real-commons,True,True,True,,375,69.50591768061308,40.334468721797805,0.11703307502693339,0.6974542838567218,49.46670176257326,10.399890763904267
126185163.jpg,real-commons,False,True,False,weakest family supports only 5.9% of line length; two VPs separated by only 3.0 deg; VP separation only 3.9x its uncerta,374,86.95725896201604,50.21669537915094,0.08593769144267228,6.469554288089023,50.3840918499181,84.55340989651731
126237511.jpg,real-commons,False,True,False,weakest family supports only 3.7% of line length; worst VP localised to 1.40 deg; two VPs separated by only 7.4 deg,268,51.099035643310955,30.90324831175353,,9.501847262671022,4.900342482454084,0.29042826752608164
126352218.jpg,real-commons,False,True,False,weakest family supports only 4.2% of line length; worst VP localised to 2.05 deg; two VPs separated by only 2.9 deg; VP ,309,86.56685389750226,49.99352663079891,0.10461467723319577,3.9958026110597293,62.06883063274338,42.977360859855956
126424394.jpg,real-commons,False,True,False,worst VP localised to 1.56 deg; two VPs separated by only 1.8 deg; VP separation only 3.8x its uncertainty,200,86.75111228581247,50.1048646691369,0.3728170742216421,132.85692088099614,76.03193153951574,2.429592903906311
127256020.jpg,real-commons,False,True,False,weakest family supports only 2.3% of line length; worst VP localised to 1.14 deg,116,16.546476300952776,9.664400594844333,0.16575198940852914,0.1909935559686183,54.46097666522004,8.304120342472743e-07
127256057.jpg,real-commons,False,True,False,weakest family supports only 6.9% of line length; worst VP localised to 1.56 deg,131,15.644121643389596,14.359992608841324,0.7842937411152617,1.6748036266719317,20.045822198956607,15.346183573719415
128369841.jpg,real-commons,False,True,False,worst VP localised to 1.49 deg,228,20.67181836559797,12.031393835728247,,6.613238504425346,20.037051250163948,0.9187801153811677
128753247.jpg,real-commons,True,False,False,,389,2.4544130716169406,1.9407196809196159,0.11880186159965868,0.06454201927715428,64.06946168755617,1.312025996368078
128858921.jpg,real-commons,False,True,False,weakest family supports only 0.8% of line length; worst VP localised to 11.47 deg,391,6.116264371013443,4.119639573814317,0.2219320263474531,0.32981899804686543,44.47642448642095,1.324293765492257e-05
128858931.jpg,real-commons,True,True,True,,605,2.8163204513198963,2.1918351133450553,0.07456456328803109,0.05621909498683413,58.31135765539746,2.6496564010207777
129248360.jpg,real-commons,False,True,False,weakest family supports only 3.6% of line length; worst VP localised to 1.30 deg; a family spans only 0.11 of the diagon,394,44.90651122032144,26.608689621389033,0.6459741635783599,10.684252676384483,7.907361848134273,82.14919700825595
129248361.jpg,real-commons,False,True,False,worst VP localised to 1.09 deg,304,75.81441182061062,43.79044328052654,0.10120469929535017,0.7816212579263994,33.713180105194226,24.090642101804008
130410221.jpg,real-commons,False,False,False,two VPs separated by only 8.5 deg,318,81.17265043237877,46.89141680534004,,343.3546883368641,55.72839473850893,80.32118511093631
131567787.jpg,real-commons,False,True,False,weakest family supports only 4.2% of line length; worst VP localised to 2.28 deg,704,1.3050040429506993,1.147696436850552,0.032577281459398415,0.028722513597511115,67.62708401387724,1.1991765746940644
131567794.jpg,real-commons,False,True,False,worst VP localised to 1.38 deg,646,69.04490339495379,40.72410108794312,0.4657558843917789,150.1586952432637,21.402133451389236,68.99844203200165
131568139.jpg,real-commons,False,True,False,worst VP localised to 2.74 deg,324,0.8991549011486626,0.671695794052116,0.018229159941893003,0.01567815930431997,65.02733632716908,0.5847641204495346
131718006.jpg,real-commons,False,True,False,weakest family supports only 4.7% of line length; worst VP localised to 1.12 deg,246,0.41772294373201646,0.2479839580662378,0.15141602527400277,0.09536825518151197,66.14356379655403,0.31546131455836246
133295087.jpg,real-commons,False,False,False,weakest family supports only 4.9% of line length,477,1.1063119535307777,0.6478794569281958,,1.9976246663803596,7.363757566076058,1.1079570170988404
133797480.jpg,real-commons,False,True,False,weakest family supports only 5.2% of line length; two VPs separated by only 4.6 deg,753,35.526391465191786,30.496517664247595,,4807.790610524582,2.291534791251324,5.873233570665889
133797611.jpg,real-commons,False,True,False,worst VP localised to 1.39 deg,262,52.17309049430602,34.51887280074741,0.9572614883265824,106.80167401268683,20.175715486895513,32.29494438330276
133797630.jpg,real-commons,False,True,False,worst VP localised to 1.05 deg; two VPs separated by only 3.1 deg; VP separation only 2.9x its uncertainty,503,86.92018141559427,50.208383792996344,,76.82888772768551,151.92735313900425,4.680310901477299
133797690.jpg,real-commons,False,True,False,worst VP localised to 1.30 deg,463,34.38092453577575,20.140632633373922,,8.01188527860976,60.7873702139802,3.8541771070682955
133798356.jpg,real-commons,False,True,False,worst VP localised to 1.83 deg,327,9.82878281740156,6.772386822846083,0.5270892187143322,0.4097444658748015,27.04242581381734,1.5195927024396383
133798361.jpg,real-commons,False,True,False,two VPs separated by only 8.3 deg,664,82.23666342392065,47.575091149705436,0.14487655287216,8.85495751820924,53.495712471762815,42.08770283816113
133798370.jpg,real-commons,False,True,False,two VPs separated by only 3.7 deg; VP separation only 4.1x its uncertainty,509,79.71864424138951,56.03968774110009,,143.4076771007158,6.210194230671044,50.98288033429716
133798379.jpg,real-commons,True,True,True,,473,15.97954626101469,12.484005843935508,0.4473869647477808,0.40978651090512713,66.84484248251877,15.132232347565903
133798455.jpg,real-commons,False,True,False,two VPs separated by only 4.5 deg,733,86.62626143749343,60.82041058620362,,2.2361529185946565,30.845838713511892,67.44186758541225
133798459.jpg,real-commons,False,True,False,weakest family supports only 6.5% of line length; two VPs separated by only 3.6 deg,612,86.65142892344741,50.029676533556376,0.008179450216638245,1.740017523286106,36.65908026769525,60.47361203286651
133798500.jpg,real-commons,False,True,False,worst VP localised to 1.06 deg; two VPs separated by only 4.3 deg; VP separation only 4.0x its uncertainty,463,86.31064851269464,49.85305192760189,,35.72573287645405,84.5044254875234,1.7037145308316894
133798579.jpg,real-commons,True,True,True,,374,29.446059108716206,21.541605697644076,,0.16815426157147523,137.7376595031089,27.736065293899735
133798600.jpg,real-commons,False,True,False,weakest family supports only 5.2% of line length,555,6.002651366017744,3.70359849109928,0.49564707625889726,3.3732968840042266,63.81972153497576,3.6481750134687445
133798615.jpg,real-commons,False,True,False,weakest family supports only 7.3% of line length,514,3.3445821129000564,2.219581381908758,0.2196891925246601,1.2544019935225923,53.92072140954805,3.3640456601285535
133798616.jpg,real-commons,False,True,False,worst VP localised to 3.69 deg,295,42.48982510345419,31.276404245701002,0.445926280049504,7336.132121633127,19.22482169553011,36.737868122329424
133798648.jpg,real-commons,False,True,False,two VPs separated by only 2.4 deg,289,87.32262150673317,50.42719406274266,0.059945408383579306,8.254049397257193,70.85277596612046,0.7885248607968265
133798697.jpg,real-commons,False,True,False,worst VP localised to 2.00 deg; two VPs separated by only 5.0 deg; VP separation only 2.5x its uncertainty,478,85.09519696514799,49.170532963176164,0.0952760755646511,335.5040695521821,37.183394059628625,82.8253580254633
133798698.jpg,real-commons,True,True,True,,453,51.383414329402356,33.61177355586184,0.43658145684490324,338.5599646451782,33.77803111797547,42.09891481580681
133798706.jpg,real-commons,True,True,True,,958,7.553728459756513,6.331393067505901,0.17034492542536914,0.11490928453420268,72.69285906652325,5.337479301179769
133798741.jpg,real-commons,True,True,True,,926,7.256631534384198,4.898624783682679,0.14213665480248844,0.12418615375274478,68.6833287574177,5.116208888444959
133798742.jpg,real-commons,False,True,False,two VPs separated by only 5.8 deg,288,83.60096671002633,48.33532154138708,0.0967595864854993,7.944168324410177,79.32659121744415,23.567287424821814
133798758.jpg,real-commons,False,True,False,weakest family supports only 7.3% of line length,412,42.30897771988413,28.186111792054763,0.4311817010359823,0.8631217493079069,115.49404807336447,5.307474675898078
133798768.jpg,real-commons,True,True,True,,459,67.63126748977584,39.13556366004042,0.08591765553533107,0.9896141660810404,83.49015445110804,60.79113582805116
133798774.jpg,real-commons,False,True,False,worst VP localised to 1.20 deg,535,4.0836729489898715,2.530661029186898,0.1323899900541408,0.1998769050893887,61.48998210155376,4.123435774419747
133798775.jpg,real-commons,False,True,False,worst VP localised to 1.27 deg,566,15.37955720614255,9.75161496162815,,0.7084245189236636,62.79111020767462,15.384704232564943
133798799.jpg,real-commons,False,True,False,two VPs separated by only 3.6 deg,495,86.4341170404584,49.91421011961934,0.14299420671193516,2.402713455697092,55.17243450144542,66.60038669946607
133798810.jpg,real-commons,False,True,False,weakest family supports only 3.1% of line length,208,31.93322362129623,22.724490630921647,,2.0445244045321247,55.03433585856661,6.471791778039915e-07
133798825.jpg,real-commons,False,True,False,worst VP localised to 1.13 deg,337,44.95970444443952,28.49431497301547,0.35413832515914695,5.197868793291929,26.601255003237448,26.23555763247186
133798837.jpg,real-commons,False,True,False,weakest family supports only 7.4% of line length; worst VP localised to 1.46 deg,281,56.95894673132637,40.37202448226242,,0.618342855903756,52.468230999735496,54.8476823941202
133798842.jpg,real-commons,False,True,False,weakest family supports only 5.4% of line length; worst VP localised to 1.20 deg,363,13.139567448398992,10.563405608861272,0.39845616093745784,0.5104478965906012,46.01123657841372,13.04523833782595
133927081.jpg,real-commons,True,True,True,,286,1.4095318326302078,1.0208822592380031,0.0335278724302383,0.037132160735039596,73.67839577937907,1.5047965976624198
133927083.jpg,real-commons,False,True,False,weakest family supports only 5.4% of line length,284,2.5231567216592765,1.9182381695115502,0.07107697547016696,0.058530930423346644,65.10984778780183,2.2935930162650777
133927149.jpg,real-commons,False,True,False,worst VP localised to 1.02 deg,480,1.643511710192115,1.0293161135762174,0.09374940398017907,0.3241248952162965,31.56404388369952,1.6113970188136335
133927150.jpg,real-commons,False,True,False,weakest family supports only 5.6% of line length; two VPs separated by only 2.3 deg; VP separation only 2.7x its uncerta,674,87.64659216214142,50.61190409116793,,1310.872080936006,120.10115349291385,39.659629994115804
133927151.jpg,real-commons,True,True,True,,501,0.5954138698506313,0.362408424466006,0.06561718405847573,0.34090109889267434,17.068016170041332,0.4265578117654627
134289001.jpg,real-commons,False,True,False,weakest family supports only 7.1% of line length; two VPs separated by only 3.1 deg,841,86.96193413932423,50.208632218046894,0.020373827294028195,9.308976193499033,51.7474489172459,9.751620382718116
134289003.jpg,real-commons,False,True,False,weakest family supports only 5.2% of line length; worst VP localised to 1.03 deg; two VPs separated by only 3.4 deg; VP ,401,86.78853309241634,50.11532512795145,0.47008907352467183,28.65106955480054,79.66787923839195,0.929729640176916
134289013.jpg,real-commons,False,True,False,weakest family supports only 7.0% of line length,703,72.44966100403518,41.830209079997864,0.004802568186712818,0.6938659866321261,66.62910486716909,0.40133973680946156
134289297.jpg,real-commons,False,True,False,weakest family supports only 7.2% of line length; worst VP localised to 1.13 deg,630,0.5405548132266063,0.32533385010536064,0.07670703367822161,0.09193064666501359,66.42171830719076,0.534220431137868
134289304.jpg,real-commons,False,True,False,weakest family supports only 7.2% of line length; two VPs separated by only 3.0 deg; VP separation only 4.6x its uncerta,866,87.03377442610406,85.67355039528954,,5.647301266670472,151.92738952622994,42.00501764441146
134289312.jpg,real-commons,True,True,True,,475,0.5899431796036794,0.47680351104077007,0.05727191634426657,0.010675446485348279,66.35539298986798,0.6601542992809613
134289315.jpg,real-commons,False,True,False,weakest family supports only 6.5% of line length,687,23.447401450450215,13.72968377169884,0.8835974096979622,10.065891180232791,60.80957711265853,21.645179309217056
134289321.jpg,real-commons,False,True,False,weakest family supports only 5.5% of line length; worst VP localised to 1.30 deg,508,0.38262514241786505,0.23070823764727688,0.13905961114300677,0.2041765851243435,66.68542957884374,0.37952221259089924
134289370.jpg,real-commons,False,True,False,weakest family supports only 7.3% of line length,345,0.2671039058759561,0.15469672808909832,0.0443529829029978,0.05584044429605327,67.34184354749067,0.2790850359261725
134289377.jpg,real-commons,True,True,True,,447,0.5938391028642371,0.3695342749601429,0.04835450582021922,0.022452775582392098,66.83971083306619,0.590646116979471
134289381.jpg,real-commons,False,True,False,weakest family supports only 6.4% of line length; worst VP localised to 1.29 deg,572,1.9018094989339858,1.1416404279624446,0.09675747970302359,0.13338234395963267,64.27528148822617,1.7745180407586787
134351811.jpg,real-commons,False,True,False,weakest family supports only 5.5% of line length,441,2.7479781789809294,2.380675737496388,0.076832397510741,0.045488466846074674,82.78359940669122,2.697169462245469
134351812.jpg,real-commons,False,True,False,worst VP localised to 1.18 deg,453,30.75491467838384,27.97318813076631,1.1492767538964008,15.269988315722188,21.10992251817333,29.55601203095265
134351813.jpg,real-commons,True,True,True,,353,1.0733418285270488,0.8802186667887791,0.03868400089863031,0.025248124116762364,97.76842005407413,0.9853419148108458
134356706.jpg,real-commons,True,True,True,,432,1.203454030371958,0.7822865235230552,0.09942956289287319,0.37002030454672635,20.541043634698497,1.21294602308825
134408326.jpg,real-commons,True,True,True,,613,0.22164821783714217,0.12857778095388855,0.020961961976963463,0.02518037706070691,66.80531311687055,0.22164821783714217
135702891.jpg,real-commons,False,True,False,weakest family supports only 4.4% of line length,382,0.26265213192532144,0.16120962940571773,0.0075188654983956126,0.008835503572158248,61.521773865672756,0.2864875461504397
136776699.jpg,real-commons,False,True,False,two VPs separated by only 5.4 deg,401,85.32139815028357,49.32521303774878,,4.480085954763521,63.97174437358542,81.40326646219944
138239479.jpg,real-commons,False,False,False,weakest family supports only 3.9% of line length,339,9.751324598271438,6.355634103162199,0.5593084488947729,2.774670769390051,4.851824658940376,4.067226311770938
139658745.jpg,real-commons,True,True,True,,484,50.42543903373538,29.509781029267742,0.3930187403292569,1.4545316366932584,149.38407725049035,2.781712014986738
139760688.jpg,real-commons,True,True,True,,450,44.942496494959904,25.9478521046752,,3.1446233843144626,24.3054410389383,0.2602654195263625
140073054.jpg,real-commons,True,True,True,,443,2.193186772475755,1.6143727829846715,0.339801756893611,0.05570434640613054,47.190288841547314,2.1773335522824055
140080569.jpg,real-commons,True,True,True,,446,0.3678725401554459,0.23005835790908755,0.9354506918459097,0.9217319700787203,92.39321720958594,0.3889355574418403
140130433.jpg,real-commons,True,True,True,,486,6.429846801607937,4.8070316983371395,0.4744152425260689,0.41888077888820197,68.15731937825431,6.422463413214871
141067890.jpg,real-commons,False,True,False,worst VP localised to 1.98 deg,362,2.9375715428479907,2.4624216346559287,0.276427214741387,0.3040072088840578,67.56991980218969,2.9456268555514526
141067896.jpg,real-commons,False,True,False,weakest family supports only 7.2% of line length; worst VP localised to 1.14 deg,479,4.536745476196799,3.049044018172606,0.3058808018550025,0.1784253002446131,68.01908531542297,4.4950681516092885
141067897.jpg,real-commons,False,True,False,weakest family supports only 6.5% of line length; worst VP localised to 1.42 deg,536,4.661770243046973,3.7266108465163006,0.3520818723171428,0.06426764998767193,70.69911855235516,2.9717562077021
141067899.jpg,real-commons,True,True,True,,422,4.020293159590594,2.6409334651314293,0.11675368959607015,0.1581198556186474,61.24802218718438,4.081178194229096
141067903.jpg,real-commons,False,True,False,worst VP localised to 1.11 deg,487,4.123790380301571,2.8361573521732852,0.15909913540447346,0.12637877203063413,56.17924185426762,4.056757716775266
141123623.jpg,real-commons,False,True,False,weakest family supports only 5.7% of line length; worst VP localised to 1.40 deg,452,19.022477425595582,14.680919563553296,0.6688903907069513,13.862907286199617,4.815427582895004,17.773511218571997
141125806.jpg,real-commons,True,True,True,,447,0.7654122683183289,0.5003067600902915,0.06708593663676805,0.06931468295275744,53.97840789533679,0.7827367268867533
141990277.jpg,real-commons,False,False,False,weakest family supports only 3.1% of line length; worst VP localised to 1.15 deg,458,7.0955723702592906,4.808932459126309,,16.840916770959787,2.34660711588077,0.008068517717802592
142113018.jpg,real-commons,False,True,False,worst VP localised to 1.02 deg,509,0.33558931228439803,0.2139259660394781,0.11017166392896569,0.049956386080545756,32.409081856581906,0.34501631612621964
142113033.jpg,real-commons,False,True,False,weakest family supports only 5.2% of line length; worst VP localised to 1.27 deg,405,5.364890139264162,3.3815735766205246,,0.18275424345151853,51.75222336031982,5.305278847511389
142127097.jpg,real-commons,True,True,True,,557,1.9783246993196144,1.2214429385996965,,0.468241048293223,69.282578112466,1.9475549117740911
142127098.jpg,real-commons,True,True,True,,336,4.579308620641996,3.0424069818921655,0.3119840942023572,0.06296812517643197,65.2285563405539,2.069207350522518
142127100.jpg,real-commons,True,True,True,,332,4.423933389655559,2.800637120503831,,0.1282718589555556,66.69412584781763,4.465587743331881
142127101.jpg,real-commons,False,True,False,weakest family supports only 7.3% of line length; worst VP localised to 1.53 deg; two VPs separated by only 9.6 deg,317,79.7288133076916,46.067862773115515,,10.876739262765058,30.215089632539293,39.29685571407275
142127106.jpg,real-commons,False,True,False,worst VP localised to 1.59 deg,478,1.09536957565156,0.8726441865946043,0.14010115529147546,0.17778410099476563,41.249104268201364,1.0538842110798612
142127112.jpg,real-commons,True,True,True,,569,0.2621025278932194,0.1571120310172033,0.024013915853947528,0.04863133687269365,37.99356934515882,0.4193748118978249
142127114.jpg,real-commons,True,True,True,,336,0.9167497538732334,0.6203742879949546,0.5409740882663413,6.6447692821634305,37.98284554489283,0.9067588587944329
142127115.jpg,real-commons,True,True,True,,343,2.8995313433048437,1.7682788944429317,0.08156993385401366,0.09539336400364079,60.692093200106264,3.0542918804435146
142127124.jpg,real-commons,False,True,False,worst VP localised to 5.10 deg,448,1.0975168499752783,0.8915049044032465,0.21309004846152688,0.6145414271325507,35.1661391795742,1.306496084905035
142127126.jpg,real-commons,True,True,True,,598,1.4195642344210455,0.8452970805987201,0.16905129434668315,0.4702214640296263,40.41575499991192,1.3655221339874402
142127127.jpg,real-commons,False,True,False,worst VP localised to 1.30 deg,289,57.69452495723513,35.058302629408225,0.44672728543097495,8.026379979462378,24.001686118426445,25.901176795987553
142127135.jpg,real-commons,True,True,True,,318,0.5209459183917886,0.37423502289193933,0.1059689247218182,0.13981573773563208,71.86058921397708,0.4750896374609681
142127137.jpg,real-commons,True,True,True,,600,1.1569538301355777,0.6951029469429788,0.11558064653845969,0.08316533984197014,70.09649869976003,1.1261545954641434
142127141.jpg,real-commons,True,True,True,,586,0.789159938845799,0.47286987506963346,0.10061349345880674,0.5884335151118951,70.54243663833529,0.7550490803763097
142127144.jpg,real-commons,False,True,False,weakest family supports only 5.0% of line length,541,0.9363584586923821,0.6567356142662085,0.11094520391374771,0.07483920985390542,59.00441761502292,0.9524047933537929
142127145.jpg,real-commons,True,True,True,,355,1.4944589088345026,0.8794728879496932,0.4750768741258322,6.303947874743877,68.95374432712026,1.494186657870216
142127147.jpg,real-commons,True,True,True,,370,1.442485891735302,0.8778987632606445,0.15609916036461566,0.45663997470496825,67.83413611618668,1.5259696392603956
142127148.jpg,real-commons,False,True,False,weakest family supports only 7.9% of line length; two VPs separated by only 2.4 deg; VP separation only 3.4x its uncerta,513,87.61854017943907,50.59551818746794,0.45675043892448147,16.352411883891904,35.59942834845628,85.28582643225278
142127151.jpg,real-commons,False,True,False,worst VP localised to 1.15 deg,364,5.860965768636618,4.314260747062447,0.4255874169468961,1.4899309894266906,54.35848209592228,5.441050937395488
142127154.jpg,real-commons,True,True,True,,350,1.046825830235349,0.8519923290269111,0.06688365532222264,0.10978555131905202,60.803537910749185,1.0546950600014782
142127155.jpg,real-commons,True,True,True,,474,2.8007864531151228,2.1920628389217214,0.09888073452893979,0.1096507959279761,38.491969730273276,2.674995206933076
142127157.jpg,real-commons,False,True,False,worst VP localised to 1.01 deg,546,1.259060635080047,0.8078913188597721,0.09149327728771442,0.2261495546885026,34.34283182013178,1.2998975732205338
142127166.jpg,real-commons,True,True,True,,576,1.088689353568725,0.6371012518973009,0.09488888653055806,0.26931217072723584,34.972254952137305,0.9652705116934612
142127172.jpg,real-commons,True,True,True,,352,3.8465736456109454,2.889512858187432,0.11357364219891052,0.1003262711415441,63.19059890564194,2.0644532207397503
142772811.jpg,real-commons,False,True,False,weakest family supports only 7.5% of line length; worst VP localised to 1.94 deg; two VPs separated by only 4.8 deg; VP ,231,85.2118095159199,49.23570413676032,,57.286640284207344,48.426048814382476,45.72707674250007
144073369.jpg,real-commons,True,True,True,,456,0.6370733904895047,0.5291980404659867,0.020134532421612936,0.01787749612127853,73.56963274789712,0.5437647703474937
144073372.jpg,real-commons,False,True,False,weakest family supports only 6.8% of line length; worst VP localised to 2.29 deg; two VPs separated by only 9.0 deg; VP ,430,81.23541895689198,46.9201565064247,0.20720521528986466,27.6217991325058,48.92091558781596,1.836794603089885
144073375.jpg,real-commons,True,True,True,,426,78.8014614358517,45.616998577182066,0.04425294079149786,25.771219250229606,56.043116071510376,1.2521586060405099
144073379.jpg,real-commons,True,True,True,,388,1.7745028739755497,1.2380691707200908,0.15749459113327038,0.10170802110038521,85.85228150639925,1.7874590853852652
144073382.jpg,real-commons,True,True,True,,377,0.7125049651698703,0.5173967728463089,0.017387850912918584,0.015140093090962791,71.83859091106791,0.686042750894643
144073388.jpg,real-commons,True,True,True,,342,0.4032537050034506,0.2805305484511639,0.007933747135741744,0.009410337730526077,72.88593292390115,0.36473186818402326
144073395.jpg,real-commons,True,True,True,,354,0.16033214772137683,0.10665208430765453,0.0031670395224347903,0.003802032612497623,72.8665540788645,0.15892272929514206
144073397.jpg,real-commons,True,True,True,,321,0.16672723101700626,0.12056369967877936,0.003150647163603153,0.0033687935278403002,73.0528287748451,0.16223877328725678
144073708.jpg,real-commons,False,True,False,weakest family supports only 7.1% of line length,446,39.68695205142204,27.929602183671854,0.959470354853353,11.062330921328815,46.04426258200081,16.20455769722132
144073745.jpg,real-commons,False,True,False,weakest family supports only 5.2% of line length,428,1.3693817298470208,0.9000990200265704,0.027177783550442914,0.031447498148761986,70.74770092333611,1.393086127278167
144074254.jpg,real-commons,True,True,True,,428,1.963744753805443,1.4060370430712836,0.03693656720863669,0.03604658926226511,75.63191019463032,1.7747016587961184
144074378.jpg,real-commons,False,True,False,weakest family supports only 3.1% of line length,476,72.19973249690561,41.97327854186117,0.26676035842730034,1.0071785661856314,83.27558146517771,71.49919541854851
144074831.jpg,real-commons,False,True,False,weakest family supports only 3.3% of line length,454,65.53531829310832,38.21108810157988,0.44526382817763815,0.6965165469956006,81.9783241186312,65.28323630124576
144075120.jpg,real-commons,False,True,False,weakest family supports only 4.3% of line length,582,15.537032223562477,9.949317675019502,0.1096442483861131,6.698674880499861,65.08943449995398,9.720502304578375
144075360.jpg,real-commons,False,True,False,weakest family supports only 4.5% of line length,465,43.22193598530893,28.975492224523766,0.9781059351461209,16.068436200350074,44.662364387944805,18.20319020082566
144075366.jpg,real-commons,False,True,False,weakest family supports only 5.1% of line length,449,40.36520237956325,28.79591908363396,0.9670599283250295,12.619712209399705,52.81953800155773,19.18301097056549
144075889.jpg,real-commons,False,True,False,weakest family supports only 4.1% of line length,439,52.6579294516206,31.43813107292015,0.038990704359514884,26.724932947791658,51.46337960442585,19.46227780401547
144076339.jpg,real-commons,False,True,False,weakest family supports only 5.1% of line length,540,28.84304777791501,22.49810985312885,,3.291038656381428,92.42098714500621,23.620360402827373
144076551.jpg,real-commons,True,True,True,,427,65.13093358669255,37.98761936258477,0.2255962115949395,0.7004577548501311,83.0871004347618,1.1877860537083649
144076553.jpg,real-commons,False,True,False,weakest family supports only 8.0% of line length,430,65.07177322709931,37.94510827125901,0.2188851611168347,0.6886921696981343,83.28617950942596,0.5859555971516386
144076561.jpg,real-commons,False,True,False,worst VP localised to 1.94 deg,374,6.297118508498869,4.959708704215998,0.14534204516157237,0.3219197438676751,31.85574615516128,5.994458650047633
144076565.jpg,real-commons,True,True,True,,214,0.5853870335726015,0.42173437774213596,0.20145239211057722,0.2842911346858304,57.345209103090816,0.5641737938187106
144076582.jpg,real-commons,False,True,False,weakest family supports only 5.5% of line length; worst VP localised to 1.36 deg,313,32.82653501254423,24.893031823461644,1.222859729410056,135.34382714223707,9.13824352447714,33.359404243453085
144076584.jpg,real-commons,False,True,False,worst VP localised to 1.79 deg,283,0.68567711832317,0.5851084595867929,0.031066437445688565,0.02969121358164121,71.26493573465545,0.7704389336483644
144076616.jpg,real-commons,False,True,False,worst VP localised to 1.39 deg,331,13.911291163182398,13.013306383205055,0.5284458280597647,2.3149480125712767,16.4719226131231,11.776162767951234
144076620.jpg,real-commons,False,True,False,worst VP localised to 1.23 deg,381,1.24302506715145,0.8066377802481542,0.02570455941968922,0.029958613052564403,70.89288869924104,1.2408722077342844
144076628.jpg,real-commons,False,True,False,weakest family supports only 5.1% of line length; worst VP localised to 1.17 deg; two VPs separated by only 3.2 deg; VP ,447,86.4942387377453,49.938914770073595,0.04847824793811012,323.2414311498245,9.481556982992092,52.76842782134537
147110769.jpg,real-commons,False,True,False,two VPs separated by only 2.7 deg,243,87.5232870345064,50.53592776784652,0.08782754838494511,9.65386996522871,40.12073000549806,10.186868654417722
147574082.jpg,real-commons,False,True,False,worst VP localised to 3.38 deg,365,11.026928072030415,7.724991966362783,0.4357591848609452,0.6632474697925543,19.857138657315275,11.102613085345226
147574083.jpg,real-commons,True,True,True,,386,3.4118456543590696,2.5396128417105563,0.18744227802814797,0.23384630079249083,34.5522589458431,3.6055560197708445
147574099.jpg,real-commons,False,True,False,weakest family supports only 7.1% of line length,394,3.142231475072734,2.300173805026025,0.12028043004703888,0.33566961996698097,38.09848998223544,1.659460184132712
147574108.jpg,real-commons,False,True,False,worst VP localised to 1.69 deg; two VPs separated by only 2.6 deg; VP separation only 1.6x its uncertainty,297,87.35566879872825,50.44612597565818,0.12820850225892308,25.895379398731944,45.26674362410749,1.1213383998281472
147593595.jpg,real-commons,False,True,False,weakest family supports only 7.7% of line length; worst VP localised to 1.03 deg,260,1.8844961891467307,1.2467168132235684,0.17699038613188894,0.1618861461581036,89.05272713104601,1.8059373351074868
148718408.jpg,real-commons,False,False,False,weakest family supports only 7.1% of line length; worst VP localised to 2.20 deg,183,14.112859197195078,9.599494227015256,0.6694705896318913,3.9485444700811785,6.895280955988407,15.961689749187855
148796159.jpg,real-commons,False,True,False,weakest family supports only 2.5% of line length; two VPs separated by only 2.8 deg; VP separation only 4.3x its uncerta,665,78.60210753734015,45.41904246218941,0.7808018120424248,904.955734487153,2.2863815396704537,22.220644597232095
149511681.jpg,real-commons,False,True,False,weakest family supports only 6.9% of line length; worst VP localised to 1.96 deg; two VPs separated by only 2.7 deg; VP ,329,87.14545953107879,50.32696106735802,,174.24251178623285,101.96552546532122,46.646002909782474
149844764.jpg,real-commons,False,True,False,weakest family supports only 6.9% of line length; worst VP localised to 2.52 deg,193,4.345182573539972,2.757105894285412,,1.2933765343161563,32.35529106747192,4.349155573108362
150027945.jpg,real-commons,True,False,False,,350,3.4877231268245055,2.3908671809749955,,1.0181585524163506,59.17562205083876,2.2515376870378105
150116680.jpg,real-commons,False,True,False,weakest family supports only 6.9% of line length; worst VP localised to 1.71 deg,277,1.2287981084497233,1.0316636447201526,0.7388644469808648,0.680207179517658,48.909361303499956,1.2365857527809396
150198698.jpg,real-commons,False,True,False,worst VP localised to 1.18 deg,336,5.475990556811283,3.4681812772495517,,0.21345028429524845,60.78489428285001,3.4842091296105195
150254460.jpg,real-commons,False,True,False,two VPs separated by only 2.5 deg,327,86.56657790825857,49.99322197059121,0.41632002205720736,11.343108561030029,77.39274213210116,4.720342754630352
151260109.jpg,real-commons,False,False,False,worst VP localised to 1.79 deg,253,4.588166423489341,2.764699653790027,0.3462855140661247,1.3528894131720157,15.017208412680374,3.4126836021484763
151607867.jpg,real-commons,True,False,False,,305,3.0064513793454495,2.311005756961521,0.14008133110333992,0.11132568462248027,79.5076924237473,2.1934641298321793
153097363.jpg,real-commons,False,True,False,weakest family supports only 6.2% of line length,431,0.5141227004579179,0.3317399685435939,0.1294425876055277,0.10348597461329291,59.28565119712347,0.5489391056676141
153899608.jpg,real-commons,True,True,True,,582,13.45814618415551,7.796139078040662,,0.6472527773405917,60.371617760974495,13.458159344654248
15406810.jpg,real-commons,False,True,False,worst VP localised to 1.23 deg; two VPs separated by only 3.3 deg; VP separation only 2.7x its uncertainty,608,86.7050026359136,50.073307454601775,0.11280601998034494,6.524853414211321,40.79285228462824,84.85095071629344
154768825.jpg,real-commons,False,True,False,weakest family supports only 7.7% of line length; worst VP localised to 1.13 deg; two VPs separated by only 2.1 deg,257,87.08732499756043,50.28207704678493,0.020334966619665582,1.0939035874809961,64.45913193253165,1.8777379739687632
15533725.jpg,real-commons,False,True,False,worst VP localised to 1.25 deg; two VPs separated by only 3.0 deg; VP separation only 2.4x its uncertainty,563,86.97979100199449,50.232510385334116,0.189255696614051,16.682769281653492,46.85611085235554,8.653770923151697
15538215.jpg,real-commons,False,True,False,weakest family supports only 5.2% of line length,495,80.96421353072552,46.87497865744798,0.8874631141988049,8.99246799033962,55.17917816436877,43.18102373237861
15538217.jpg,real-commons,False,True,False,weakest family supports only 7.8% of line length; worst VP localised to 1.25 deg,554,32.27161459350856,25.85206607963643,0.8542177928452492,23.438259096711008,10.998166305345356,18.002634162508798
157624590.jpg,real-commons,False,True,False,worst VP localised to 1.04 deg,553,28.635721529335733,16.534059919229488,0.1444318204986886,0.5176659402517313,19.025120236021376,2.179519650390816
158908474.jpg,real-commons,False,True,False,fewer than three VP families,24,,,,,,
159587511.jpg,real-commons,False,True,False,weakest family supports only 7.3% of line length; worst VP localised to 1.01 deg,512,1.321429692403413,0.7953466674761359,,0.15034759605272352,69.1026704060041,1.3208268434833315
159587535.jpg,real-commons,False,True,False,weakest family supports only 5.6% of line length,533,44.89037921620041,31.017045950178513,0.428123793976915,3.468508510786708,96.0099188942435,28.828850828394394
159587572.jpg,real-commons,True,True,True,,441,0.47790393439559864,0.30022599036414604,0.1010199291756111,0.06272737254854982,71.85233505305231,0.5122929512889272
161755351.jpg,real-commons,False,True,False,weakest family supports only 7.5% of line length; two VPs separated by only 2.5 deg; VP separation only 4.0x its uncerta,644,88.2715087579935,50.96849624487256,0.13416837288752909,1015.4165762146935,19.4716688274464,65.25946973267955
162536417.jpg,real-commons,True,True,True,,407,8.724160939713926,8.189324519160836,0.20587848977518625,0.16741349450314796,63.49666113828175,8.722412539907083
162537105.jpg,real-commons,True,False,False,,433,9.164537396286093,8.621258952799629,0.23152446133365948,0.17168395220353128,62.14974780242323,9.014994796524547
162663045.jpg,real-commons,True,True,True,,598,0.3415286879683208,0.2598524354264595,0.23639534274488452,0.07434708847412669,71.10934401969105,0.3450345283035148
162917765.jpg,real-commons,False,True,False,weakest family supports only 6.3% of line length; worst VP localised to 1.87 deg; two VPs separated by only 4.7 deg; VP ,368,83.9702098350687,48.49524825005693,0.2452729913272018,2.8848621546813185,25.395203240167383,74.65778190531906
162917768.jpg,real-commons,False,True,False,weakest family supports only 7.8% of line length; two VPs separated by only 2.1 deg; VP separation only 4.4x its uncerta,453,87.62985515827607,50.60208821342003,0.6027198202703812,24.4908487206338,70.19265078235905,1.8933592084474498
162927541.jpg,real-commons,True,True,True,,502,0.54442848880133,0.40160746312297196,0.05209161636323604,0.022337941477772846,67.54527755177449,0.5493901905007164
162927548.jpg,real-commons,True,True,True,,556,0.10874935749608028,0.07191755011062938,0.004131832279484517,0.004767580080291799,70.26176520994379,0.10038183263343115
16323118.jpg,real-commons,False,True,False,worst VP localised to 1.01 deg; two VPs separated by only 2.6 deg; VP separation only 2.6x its uncertainty,465,87.39529734771351,50.46785626130363,,1881.3200952656227,41.4274438028924,49.77449416226314
163797595.jpg,real-commons,False,False,False,two VPs separated by only 3.9 deg,381,86.34580967819619,49.85341022656709,0.005276035980460759,0.3695534109493629,39.8747061062279,36.350156630823264
164368723.jpg,real-commons,True,True,True,,741,6.113366458678499,4.090750264686334,0.22745692749149546,0.15527313586192276,35.20882685998846,5.730717637755106
164368837.jpg,real-commons,True,True,True,,411,10.941221346724276,6.678012260745217,,2.871254094412409,71.15018980574477,6.7786616493095835
164368854.jpg,real-commons,True,True,True,,413,8.727162288890213,5.564121957344931,0.3940702484457821,0.1310585069338421,71.86974401317438,5.303962676061346
164368855.jpg,real-commons,True,True,True,,438,8.552433001532748,5.722379595763506,0.3510623255801394,0.18154887406431697,65.81396844993829,8.585558022307083
164368856.jpg,real-commons,False,True,False,weakest family supports only 7.4% of line length,714,1.903656446987,1.362175468927109,0.06756229551617367,0.06562563237371648,35.830317237533635,1.93585933687919
164414846.jpg,real-commons,False,False,False,weakest family supports only 7.5% of line length,595,9.083681858107383,6.074944027292973,0.47916918059770225,0.7110868263850628,45.37068790432391,8.413800393346534
164454504.jpg,real-commons,True,False,False,,389,12.20663934461119,8.28921126715478,0.4067185269188629,0.33087808066219443,63.45821442137441,0.8110851595848914
167154989.jpg,real-commons,False,True,False,weakest family supports only 5.8% of line length; worst VP localised to 3.09 deg,389,12.247311538060089,7.39759249802221,0.8562413378994137,4.189508075161976,2.281231114511031,13.335650067950695
167534863.jpg,real-commons,False,True,False,worst VP localised to 1.42 deg,159,8.817445838604854,6.001892416051951,0.3311817131320186,0.4593590838138598,18.6677812392497,3.8566577503529658
169788509.jpg,real-commons,False,True,False,worst VP localised to 1.07 deg,378,60.45581750852542,37.600978475926134,0.9468344474353292,594.8423946547114,20.210528767103828,2.187870542037473
170504798.jpg,real-commons,False,True,False,weakest family supports only 6.9% of line length,869,47.448938103681776,32.83596579028523,0.8495985159261014,170.55579241585937,14.315121740461487,1.726042685732665
170729583.jpg,real-commons,True,True,True,,413,1.2418944631954503,0.7215437020697578,,0.8102696135048199,20.25170137508384,0.9831844756805879
170743455.jpg,real-commons,True,True,True,,373,3.3294709636471396,2.5214148125993456,,49.870824607817255,70.2870492560758,3.2642418510553455
170746481.jpg,real-commons,True,True,True,,399,0.22344658401104311,0.13830403818973896,0.9875565176679881,0.31824446569347464,86.23338257110782,0.1956828765284513
17189804.jpg,real-commons,True,True,True,,388,1.4077795851867876,0.9379223030666187,0.10066813817016881,0.10058738699879553,59.52801030971658,1.5004422406854587
172960762.jpg,real-commons,False,True,False,weakest family supports only 6.2% of line length; worst VP localised to 1.52 deg,264,1.3646867766604913,0.8143239873952446,0.5998543112148169,3.0236997090751774,79.53451381024982,1.3639704852061243
173004816.jpg,real-commons,False,True,False,worst VP localised to 1.12 deg,208,5.776843746779349,4.352213764556869,0.33990913485742535,0.19420817302325222,36.56381710920734,0.5242126124962141
173004818.jpg,real-commons,False,True,False,fewer than three VP families,24,0.08599198756614612,0.08599198756614612,,,151.92735540367562,0.08599198756614612
175443170.jpg,real-commons,True,True,True,,729,9.540214605587806,5.655260020541149,0.03765301959693803,7.733798976290569,2.387897184175002,9.466960929946808
175443183.jpg,real-commons,False,False,False,fewer than three VP families,779,0.03360777766135925,0.03360777766135925,,,151.72393490827795,0.03360777766135925
176046294.jpg,real-commons,True,True,True,,282,5.034604223737702,2.910061161662757,,6.286412311050115,116.33025845950058,2.523067162098002
178367167.jpg,real-commons,False,True,False,worst VP localised to 1.59 deg,128,6.7210118413860584,5.1507965938419735,0.3390275395696531,1.325785307285771,32.259379599257166,6.7210118413860584
178542729.jpg,real-commons,False,True,False,two VPs separated by only 5.1 deg,557,84.43487773328717,48.75606259694339,,19.121199641180464,26.848432346209414,80.49735293289741
179709623.jpg,real-commons,False,True,False,worst VP localised to 1.06 deg,345,53.63337937207563,31.033552524004005,0.7965678613934459,1.9737123751564658,19.997003101556334,45.162014091368555
182784457.jpg,real-commons,False,False,False,weakest family supports only 5.3% of line length; worst VP localised to 2.86 deg,214,1.6567642652701835,1.1283635679361825,0.09568419552060296,0.3047083869911701,34.44491174913033,0.7617351763216647
182883730.jpg,real-commons,False,False,False,two VPs separated by only 3.8 deg,306,85.10676060056471,49.15102453567131,0.2877259915840631,3.0376237905685075,82.77077581843828,82.37908724700455
18457350.jpg,real-commons,False,True,False,worst VP localised to 1.13 deg,388,1.9446713582397024,1.2830663916562,0.34059300387580826,0.46663793065350995,74.8005535324179,0.8225540913759346
185051984.jpg,real-commons,False,True,False,weakest family supports only 1.0% of line length; worst VP localised to 3.01 deg,474,11.005687531033658,7.573040443364712,,87.81559539737253,7.586435564881881,3.588018371575046
185308075.jpg,real-commons,False,False,False,weakest family supports only 6.3% of line length; two VPs separated by only 5.7 deg,479,83.93634736118292,48.48662701087975,0.08600186153578955,2.1809550456940956,51.31200469937532,83.77553186036961
186640910.jpg,real-commons,True,True,True,,404,5.92899455186641,4.175498172555046,0.2646904828865323,0.07696350300554151,66.5192055006356,3.8982929372741495
189481231.jpg,real-commons,False,True,False,two VPs separated by only 4.1 deg,440,80.10504168574006,46.27423313958636,,18.07235384386082,5.627199838801787,7.143754708776726
189622496.jpg,real-commons,False,False,False,worst VP localised to 1.33 deg,354,1.8158359885654818,1.4588051583752395,0.19218367021630517,0.4633435183725207,43.35383896469498,1.2077484069446598
19059095.jpg,real-commons,False,True,False,weakest family supports only 5.4% of line length; two VPs separated by only 2.2 deg; VP separation only 3.2x its uncerta,376,87.6335706516681,50.599202367141984,0.036803299716281206,1.1684256003913445,71.4992140785577,87.61286919502422
191391879.jpg,real-commons,True,True,True,,453,7.250365523074066,4.216382378388293,,1.2394915916185973,34.19410334644818,5.65379259023149
191631924.jpg,real-commons,False,True,False,weakest family supports only 6.3% of line length,478,0.7165463760963462,0.42721152154246744,0.035202685263220145,0.03958728095531669,68.24130609561264,0.6876405006625674
191632419.jpg,real-commons,False,True,False,weakest family supports only 3.2% of line length,516,0.2890032357084209,0.17873349712913036,0.07539380523741492,0.02121649642168479,72.6846601940484,78.93590981376867
191632421.jpg,real-commons,False,True,False,weakest family supports only 5.3% of line length,480,1.9547978975148084,1.1795930862449038,0.0943930864450634,0.09872358475859777,73.29846742352314,1.9537948290542602
191632422.jpg,real-commons,False,True,False,weakest family supports only 4.3% of line length; worst VP localised to 1.27 deg; two VPs separated by only 7.7 deg,712,28.326883874160806,26.160770328336415,0.9235968642538745,38.28037312107705,4.714147408025137,9.222655259601169
191632425.jpg,real-commons,False,True,False,weakest family supports only 4.8% of line length,596,1.8238545088794353,1.1693177091001452,0.07155365014191711,0.022812719888084806,65.97471597642186,1.8407207816044036
191632426.jpg,real-commons,True,True,True,,623,25.85734502410874,20.900312142831677,0.9824727514314135,30.03047829213679,6.525008933748598,23.58535815713293
192421379.jpg,real-commons,True,False,False,,452,2.1740457026319433,1.3167682785875543,,1.6647338944516783,25.653418179053222,2.469375750511915
195397600.jpg,real-commons,True,True,True,,414,0.23386861338524056,0.14576145115057898,0.021750084328661566,0.0034246347342030557,56.97386394919719,0.35831459241001085
196729084.jpg,real-commons,True,True,True,,277,9.932785189669588,6.627055130461893,0.32863963136699464,0.63375855761231,42.20602247554633,4.184500735117766
196893879.jpg,real-commons,False,True,False,weakest family supports only 4.7% of line length; worst VP localised to 2.27 deg,245,6.051843069146884,4.135976223894298,1.0387681219074074,3.0373864470947476,151.88688717654276,6.025188643846633
196931022.jpg,real-commons,False,True,False,worst VP localised to 1.47 deg,389,34.90848466570998,30.257121976821413,0.9800878583734789,1183.947838663616,10.68429890339962,15.034852734987155
198429548.jpg,real-commons,False,False,False,worst VP localised to 1.20 deg,336,10.410941087861943,7.807218448665076,0.555257689031427,2.174420743143344,22.19818910678015,9.768585929663615
198429552.jpg,real-commons,False,False,False,worst VP localised to 1.16 deg; two VPs separated by only 4.8 deg; VP separation only 4.1x its uncertainty,247,85.1083852166381,49.14710158638471,,16.39172929853019,38.36163839356888,82.85553993091844
198429553.jpg,real-commons,False,False,False,worst VP localised to 1.02 deg; two VPs separated by only 3.9 deg; VP separation only 3.8x its uncertainty,279,86.12693821708636,49.754312729559025,,22.07273763309954,45.34458770118763,10.076028330684508
198863012.jpg,real-commons,True,True,True,,204,0.4327953403898732,0.25757708038628957,0.0675214206327541,0.021947275048194253,18.470316480117937,0.44309802342783655
19899285.jpg,real-commons,False,False,False,weakest family supports only 6.1% of line length; worst VP localised to 1.30 deg; two VPs separated by only 3.0 deg; VP ,394,87.03368105660402,50.25987274333443,0.11338624403494593,4.767674354488887,48.742230787703136,81.36758146045759
199677639.jpg,real-commons,True,True,True,,286,6.322575635520835,4.300949533478095,0.26527415021802137,0.25470927223544965,26.157214360496003,6.322575635520835
20657181.jpg,real-commons,False,True,False,worst VP localised to 3.03 deg,229,54.32653176128823,33.318210250606604,0.5035319528972684,2.087823435718876,82.29014685094957,54.30938570692512
21010877.jpg,real-commons,False,True,False,two VPs separated by only 2.7 deg; VP separation only 3.7x its uncertainty,330,89.09301995388715,51.438965762726305,0.0643550487587891,206.57305148056838,7.880489567528328,71.70228038127075
21152354.jpg,real-commons,True,False,False,,747,32.21398001757148,18.899289793158935,,246.28601007107736,127.37635101370856,3.9674556672423478
21611524.jpg,real-commons,True,True,True,,451,1.4571100950694102,0.9036170112335122,0.0705518103044848,0.12124666768874107,36.64756555463328,1.034621712821064
21850640.jpg,real-commons,False,True,False,worst VP localised to 1.48 deg,131,32.24653650405789,23.167465715992563,0.40385560599100023,2.503606846780416,66.76860905557247,29.62123897047629
22647576.jpg,real-commons,True,True,True,,271,1.304385416948307,1.0541553627169562,0.05371932014487792,0.04714356375474424,52.80789659374264,1.3404980360580794
22786006.jpg,real-commons,True,True,True,,172,0.05651996444649399,0.033192832226113966,0.06490007269546413,0.08969852812356413,54.79266616080994,0.08402120237941801
23210586.jpg,real-commons,True,False,False,,345,3.326144093289969,2.111478568177391,,0.8532043867741703,65.27958823763834,3.2531455778166247
23962381.jpg,real-commons,True,True,True,,456,1.1908973112577144,0.7724659935676939,0.08807561656477624,0.1911704802461875,49.79382792522849,1.1566649314631832
24332753.jpg,real-commons,False,True,False,worst VP localised to 1.23 deg; two VPs separated by only 4.6 deg; VP separation only 3.7x its uncertainty,243,85.2860029408722,49.266461461199114,,4.897639285239405,35.82152739322964,11.146859616702912
25231335.jpg,real-commons,False,True,False,weakest family supports only 6.0% of line length; worst VP localised to 1.12 deg; two VPs separated by only 3.3 deg; VP ,495,86.64615352879447,50.026681829760086,0.4810678290901947,8292.93594325151,40.26750707120454,9.515556431040778
25367572.jpg,real-commons,False,True,False,weakest family supports only 8.0% of line length; two VPs separated by only 3.3 deg,599,86.56208473425086,49.99182640990752,0.12838854698408825,5.161427048124884,50.31391054319907,33.1336236224031
25501098.jpg,real-commons,False,False,False,weakest family supports only 6.1% of line length; two VPs separated by only 7.7 deg,610,81.5935722089177,47.167094074787805,,2.7131584509044693,36.58014519217504,12.034780263289193
26339665.jpg,real-commons,False,True,False,worst VP localised to 2.41 deg,434,17.771461793496783,16.099708453301783,0.728957653575049,3.229058703840648,12.864582931449458,16.132431440121934
26791257.jpg,real-commons,False,True,False,worst VP localised to 1.73 deg,453,9.288437983849462,6.446217055309816,0.5502558311107487,2.463506190900648,23.428507302673243,7.623114888056833
26914429.jpg,real-commons,False,True,False,worst VP localised to 1.10 deg,111,11.959938293996814,7.982249259862414,0.4290472320606253,5.192538958912996,3.1343343692902077,2.2866021137574393
27064333.jpg,real-commons,False,True,False,weakest family supports only 7.1% of line length,564,33.210431417762955,22.50915677483178,0.5290252978399681,13.81011502871283,24.896705714916866,11.461038260777471
27064370.jpg,real-commons,False,False,False,weakest family supports only 5.8% of line length,727,51.31679998421557,30.747554407149018,0.09045263955975436,3.7371548092696494,32.78396013058472,24.2771257728039
27299218.jpg,real-commons,True,True,True,,437,2.064428206523047,1.6463085776333195,0.05152758447905295,0.03379957541348033,69.17410645555901,2.1040505465948343
27299221.jpg,real-commons,True,True,True,,402,5.357502948507317,4.642268476636122,0.13947119937609395,0.07546948363990033,80.57128544135321,3.0610607754741466
27300088.jpg,real-commons,False,True,False,two VPs separated by only 5.8 deg,370,84.02912917989158,48.52413702473244,0.044497600806865316,1.0083065199259054,69.79721254926407,3.8085849134170644
27541522.jpg,real-commons,False,True,False,two VPs separated by only 4.0 deg,488,86.68397290057315,50.08617672876806,,30.274050005699205,152.9432842444345,65.50956316250614
27541534.jpg,real-commons,False,True,False,worst VP localised to 1.23 deg; two VPs separated by only 5.2 deg; VP separation only 4.3x its uncertainty,365,84.47632705417557,48.79245016546984,0.27657374909501226,2.5232740022213394,67.86130058846398,3.013680153760234
27541626.jpg,real-commons,False,True,False,worst VP localised to 1.95 deg,382,49.8258219132791,29.220440284719835,0.002921422922209864,0.5200321754335362,31.089471057573785,7.911001678870321
27597820.jpg,real-commons,True,False,False,,446,31.898235819646622,18.452818521603096,0.02719706874994257,1.0471139439946149,58.81588246530551,31.900713608228678
27725205.jpg,real-commons,False,True,False,worst VP localised to 2.09 deg; two VPs separated by only 2.8 deg; VP separation only 1.3x its uncertainty,152,87.34913381948589,50.442577296729034,,219.68230689949735,19.354219585189934,24.613443339636007
27991823.jpg,real-commons,False,True,False,worst VP localised to 1.75 deg; two VPs separated by only 4.0 deg; VP separation only 2.3x its uncertainty,297,85.83893842996824,49.58785840300029,0.5474028660401967,89.35603648019652,36.93031292744501,4.689706165880025
28381723.jpg,real-commons,True,True,True,,494,72.54907111619596,41.944820380346044,0.11342030999192301,0.8898698728856231,36.119209071948326,10.002918168216695
28436124.jpg,real-commons,False,True,False,worst VP localised to 2.06 deg,331,0.8474640112951448,0.5519673602662968,0.02952472163790125,0.3134590950708964,36.87431005826145,1.0542389442350952
29514918.jpg,real-commons,True,True,True,,467,41.35926360140383,24.525549072746188,,0.5001650671795502,21.78442305510339,4.646930539632919
29657001.jpg,real-commons,True,True,True,,515,15.478154009372574,12.271196860864611,0.5575642114820729,0.1772359696457601,82.45271957821973,9.739003632400468
3078862.jpg,real-commons,False,True,False,two VPs separated by only 1.3 deg,323,84.84249088827323,78.36741331277466,,0.7359597022921689,139.42149132672358,48.0400859954378
31773433.jpg,real-commons,False,True,False,two VPs separated by only 9.1 deg,541,78.60364003110857,45.630194378502765,0.3881630715563386,19.6732535516871,54.46157388132844,3.6633678569387342
32289309.jpg,real-commons,True,True,True,,288,2.189705132906724,1.286373281537968,,0.2561671487742785,50.06485389269274,2.3440317410171474
33240170.jpg,real-commons,False,False,False,worst VP localised to 3.92 deg,167,2.0567658579611674,1.2105062177007277,0.17880597322400588,0.40802590728145155,55.82569975960584,2.049467054706156
33633818.jpg,real-commons,False,True,False,two VPs separated by only 9.4 deg,511,40.046581501935734,30.79087833993112,1.2050958137106846,209.10551352017072,3.609431316271815,2.0924124832850595
35521434.jpg,real-commons,False,True,False,worst VP localised to 1.58 deg,252,19.95926672897052,18.98342382470709,0.5711152161962599,6.026920505333209,10.890110956838576,7.584312087239439
35950954.jpg,real-commons,False,False,False,weakest family supports only 6.5% of line length; two VPs separated by only 2.9 deg; VP separation only 4.1x its uncerta,669,81.70655283363384,47.18947195806423,0.2772052310589122,30.425008668573756,2.4153198482444416,76.44207525912009
3721699.jpg,real-commons,True,True,True,,602,0.202262646147787,0.16418382389060882,0.005246271745701732,0.005460470512151499,46.5049968572026,0.09351507679295423
3721742.jpg,real-commons,False,True,False,worst VP localised to 2.32 deg,259,28.744835688064995,23.28229726349761,,4.94234611212178,24.455617806448142,8.729026062507018
3721761.jpg,real-commons,False,True,False,weakest family supports only 7.8% of line length; worst VP localised to 1.55 deg; two VPs separated by only 3.1 deg; VP ,324,86.8725768330094,50.17234126362941,,27.260508735894465,151.92733656946749,11.590815355499288
3725381.jpg,real-commons,False,True,False,weakest family supports only 2.6% of line length,436,1.3068750577966028,0.9300130689280266,0.9163880822231834,0.3990139008426114,47.00794541858112,17.619005620451887
38392016.jpg,real-commons,True,True,True,,333,2.0556748530602107,1.2075107319406573,0.11600759508364834,0.25705853879630897,50.520335948368434,2.0743177218072475
41219873.jpg,real-commons,False,True,False,weakest family supports only 6.5% of line length,547,82.36064842777513,47.69539722420234,0.6661826803502847,6123.733408288862,89.34073743125153,0.3280911692284292
42895508.jpg,real-commons,False,True,False,worst VP localised to 1.26 deg,342,3.7861243220267227,2.457833098077985,0.09700750194368755,0.1927829615236508,35.52682222530972,3.7953768477317027
43766851.jpg,real-commons,False,True,False,two VPs separated by only 2.4 deg; VP separation only 4.0x its uncertainty,709,88.19149318413773,82.49503979132554,,4.4881965112681685,8.938982008381249,84.25151021239611
4384107.jpg,real-commons,True,True,True,,441,27.819736673772447,16.168536965332937,0.9621031708010176,16.998813793729404,41.111344405706824,0.7745976263122003
45045216.jpg,real-commons,True,True,True,,262,5.655934548369842,4.309156271590712,0.17790184072608192,0.19767644232927384,32.39734534787463,5.278435372508071
45430044.jpg,real-commons,True,True,True,,294,35.39415720101354,22.760886971227816,0.8763613945334108,77.61522413060058,34.438035674282965,35.641290152230965
49011545.jpg,real-commons,False,False,False,weakest family supports only 5.9% of line length; two VPs separated by only 2.5 deg; VP separation only 3.7x its uncerta,610,85.86575806263808,49.5799253992485,,444.1813199660423,2.4136094161761483,44.052521275086384
49165496.jpg,real-commons,False,True,False,weakest family supports only 6.4% of line length; worst VP localised to 1.21 deg,515,51.62939433388096,29.819634277398194,0.12100253472464001,0.4322421888390998,22.67052892544237,51.70775705298352
4968273.jpg,real-commons,True,True,True,,560,2.200483334481774,1.3303617961720913,,0.4378133414384516,70.81304788188174,1.845487556746079
50650969.jpg,real-commons,False,True,False,weakest family supports only 5.8% of line length; worst VP localised to 1.10 deg,331,3.913362874196025,2.653594848557828,,2.701670518642622,7.188479521493898,3.8747262206230744
50982087.jpg,real-commons,False,False,False,weakest family supports only 1.9% of line length; two VPs separated by only 2.8 deg; VP separation only 3.7x its uncerta,1035,71.20132221242932,41.12917292642274,0.8241879791324466,317.6698128448279,2.4255702145600493,0.11012486183761894
52522673.jpg,real-commons,False,False,False,weakest family supports only 4.1% of line length; worst VP localised to 1.09 deg; two VPs separated by only 3.2 deg; VP ,757,55.45766504598303,32.10816568901826,0.8245318914634379,157.78409685868337,2.3052886314884162,54.55241857612485
53166458.jpg,real-commons,False,False,False,weakest family supports only 5.4% of line length,720,0.4878898520686903,0.3084406824272316,0.25959355123288924,0.1259402384877056,17.597846890276344,0.4302570423236318
53247790.jpg,real-commons,False,True,False,worst VP localised to 1.91 deg,281,3.4544777172503984,2.119305390010768,0.10345439500561798,0.16063568587337615,44.95859471063329,1.9965885372855752
53573612.jpg,real-commons,False,True,False,weakest family supports only 6.5% of line length,537,5.7734900032660335,3.4649734757471924,,0.4516797987777077,25.504210123923585,3.04767111323811
54398721.jpg,real-commons,True,False,False,,620,4.589954270143224,2.9497514137973027,,0.34648461355389965,48.7997673422632,4.630735937581477
57603006.jpg,real-commons,True,True,True,,524,1.0944624538164192,0.8092267667777003,0.029347565734090475,0.011245899668958101,95.13363436325999,1.0909137333186578
61534267.jpg,real-commons,True,True,True,,706,75.66780836435565,44.012577765367766,0.36399653362938267,58.70455481379035,36.686441788845656,67.39868023627001
64139390.jpg,real-commons,False,False,False,worst VP localised to 2.43 deg; two VPs separated by only 8.2 deg; VP separation only 3.4x its uncertainty,545,80.42301317692026,46.49743188155778,0.17873494775554333,22.6871068469212,19.080968788432283,3.1609487046696074
65433162.jpg,real-commons,False,True,False,weakest family supports only 4.4% of line length; worst VP localised to 1.14 deg; two VPs separated by only 3.6 deg; VP ,359,55.08989810892716,32.088178379175446,,716.7997789411693,2.3844597094066136,1.2349239595300787
68593562.jpg,real-commons,False,True,False,worst VP localised to 1.58 deg,370,4.90797770941866,3.0317681240199144,0.4705397171508621,1.2087981526321994,102.78309940359628,1.6752129585967594
69735323.jpg,real-commons,False,False,False,two VPs separated by only 1.1 deg,520,78.88896724995793,46.05346309260137,,114.24438258753764,152.28723797915123,29.12324483625627
72728269.jpg,real-commons,False,False,False,weakest family supports only 5.1% of line length; two VPs separated by only 2.9 deg,591,86.6003283185134,50.0043805080301,0.5021360135528492,70893.82963673098,4.311376663002428,8.44524023495859
72853301.jpg,real-commons,False,True,False,worst VP localised to 2.26 deg,230,7.71981196298637,5.317500373369495,0.29132609260927345,0.2767448313275085,32.87551575771182,7.003733967781116
73054791.jpg,real-commons,False,False,False,weakest family supports only 4.6% of line length,843,35.37366754942732,20.709925748551253,,0.7788424399092337,152.59989788833397,24.13593249300716
73615995.jpg,real-commons,False,True,False,weakest family supports only 5.9% of line length; two VPs separated by only 2.2 deg,369,74.11274878931657,43.27808691946268,0.21114740402900758,2.6911878646220297,149.43007060397719,47.618291250249506
7419946.jpg,real-commons,False,False,False,two VPs separated by only 3.1 deg; VP separation only 3.7x its uncertainty,459,70.7274888454431,41.970300269420036,0.9898629773936651,10706.081806885491,2.3947616816686903,2.297298004761558
75011665.jpg,real-commons,False,False,False,worst VP localised to 1.89 deg; two VPs separated by only 6.3 deg; VP separation only 3.3x its uncertainty,373,65.6021246908771,38.56921818815737,0.6763292601334872,27.980833381373948,3.56692171529751,7.595246759582281
77569557.jpg,real-commons,True,True,True,,239,17.471261181977255,10.224112930643628,0.021513348345236157,4.8292415868920076,57.52708680527593,14.427231279451277
78769543.jpg,real-commons,False,True,False,worst VP localised to 1.33 deg,236,1.9536357948439473,1.4777263863511645,0.08529361266844694,0.041766788733636186,59.58264841725302,1.8863310298512914
79085935.jpg,real-commons,True,True,True,,478,0.8018025134046098,0.4843454649572458,0.030349343676961682,0.04049506795795283,64.9316809561612,0.867892607635028
79594594.jpg,real-commons,False,False,False,worst VP localised to 1.14 deg,486,17.049287464956905,9.93944569881772,,2.8354158254302444,2.2129466284027535,18.573836690277545
79594598.jpg,real-commons,False,False,False,weakest family supports only 2.9% of line length; worst VP localised to 1.02 deg; two VPs separated by only 4.0 deg; VP ,368,50.021133380750534,28.893339169550114,0.4421095236806412,14.470281889569613,2.2231327210959737,1.061251992950929e-07
80252921.jpg,real-commons,False,True,False,worst VP localised to 1.94 deg,291,0.6271937582611287,0.39657901917896987,,0.969233430253421,55.54426461074692,0.5916537322727606
82516459.jpg,real-commons,True,True,True,,312,0.9415039972489296,0.7321722783794201,0.1288523339021287,0.05127693556932245,63.7987047619897,0.7696471573762835
84250807.jpg,real-commons,False,True,False,weakest family supports only 6.8% of line length; worst VP localised to 1.72 deg,353,0.5345702681319864,0.31578856219790674,0.06020050553015075,0.1258904239831193,8.496349501245477,0.12859162796951296
84742407.jpg,real-commons,True,True,True,,266,78.6571494053962,45.415286833542616,0.0566505455041724,0.5097117845367305,59.75796146751827,2.4940733387197724
86761378.jpg,real-commons,False,True,False,weakest family supports only 7.0% of line length,932,18.628288510100532,10.76947121461876,,1.9677495976911021,2.291534791251324,18.628288510100532
86879200.jpg,real-commons,False,True,False,two VPs separated by only 3.2 deg; VP separation only 3.7x its uncertainty,562,81.09008285870829,46.988163089669825,,664.0432551069578,8.476600503074865,8.217587456798341
87190846.jpg,real-commons,False,True,False,two VPs separated by only 4.0 deg,527,77.43639104565052,51.16901620258761,0.09663638609421146,265.6945516703245,2.382741521241444,65.07508365921943
88114953.jpg,real-commons,False,True,False,weakest family supports only 6.6% of line length; two VPs separated by only 3.4 deg; VP separation only 4.1x its uncerta,644,86.56824046573071,50.02246207632708,,249.1859782438297,152.9808446944891,2.3569673203194696
8879069.jpg,real-commons,False,True,False,weakest family supports only 7.3% of line length; worst VP localised to 2.10 deg; two VPs separated by only 3.3 deg; VP ,302,86.94917779195548,50.207945808443874,0.10090922216292438,7.004727200914883,32.97780658836751,41.53683288073401
88884420.jpg,real-commons,False,True,False,weakest family supports only 5.8% of line length; worst VP localised to 1.08 deg,546,1.427593564283356,0.8584444154962693,0.044935979966392786,0.0819187423611641,49.90997439492089,1.515836523199738
8913717.jpg,real-commons,False,True,False,weakest family supports only 3.2% of line length,391,6.241092178440596,3.6033700695675757,0.007855127169346207,0.7741754627162025,55.92761992242525,1.0956225082736637e-07
89454440.jpg,real-commons,True,True,True,,366,1.2014533257201379,0.9019643476331018,0.14491255461077898,0.12014654025923834,68.1319231087705,1.2137098855276776
90907782.jpg,real-commons,True,True,True,,324,2.0083455628868734,1.2885205564852396,0.05218800377932009,0.08265318455892696,40.223509758937695,2.0874964670116327
91065334.jpg,real-commons,True,True,True,,511,14.41833731636521,8.360300549774948,0.9365698754654652,8.437935991585986,63.85555082878602,14.41872786777978
91259245.jpg,real-commons,False,True,False,worst VP localised to 1.03 deg,99,0.2535133332447117,0.20885051056520967,1.2321368098511598,0.2929401012754281,133.07478513734642,0.2535133332447117
92409324.jpg,real-commons,True,False,False,,506,2.9050977644253493,2.1757733182994223,0.13865727290142735,0.906586527048263,10.272073096336756,1.7058658701434268
95371447.jpg,real-commons,False,True,False,worst VP localised to 1.19 deg,325,1.0227720048716407,0.6444965977213385,0.3533327101059424,10.891653435909511,10.070757563431652,0.8401053874150222
97254476.jpg,real-commons,False,True,False,weakest family supports only 3.1% of line length; worst VP localised to 1.37 deg; two VPs separated by only 4.8 deg; VP ,361,41.297424374734966,30.97849398102701,0.9311938592331702,917.7954583485582,2.291534791251324,2.2232298988456023e-06
98874670.jpg,real-commons,True,False,False,,406,2.543897614565651,1.6917742174364108,0.1118426477459489,0.08277107068575296,55.97823910416246,2.5827869201116442
9959768.jpg,real-commons,False,False,False,weakest family supports only 7.6% of line length; worst VP localised to 1.27 deg,359,52.70830237444817,30.43296943599523,0.03342543983811265,0.35082293696432226,43.789524371104115,52.33613027857698
99938888.jpg,real-commons,True,True,True,,446,0.8908676083815834,0.6222210529021568,0.06495681067314209,0.029132352871898016,51.152630049328835,0.5619308331372679
sd15_0000.png,sd15_3d,False,True,False,weakest family supports only 5.6% of line length; two VPs separated by only 2.7 deg; VP separation only 4.0x its uncerta,418,88.04432798704508,50.83794053008466,0.29994529678714227,168.003710033958,15.02195739796437,73.94739032075464
sd15_0001.png,sd15_3d,False,True,False,worst VP localised to 2.59 deg,65,2.950309895021846,1.720243655718821,0.16709860211368371,0.2475570640908707,37.215017336950304,2.950309895021846
sd15_0002.png,sd15_3d,False,True,False,worst VP localised to 1.09 deg; two VPs separated by only 3.1 deg,592,78.54681141286478,45.504642847347576,0.3271788758923462,41.28467136525783,6.622362519863709,1.5477229123243603
sd15_0003.png,sd15_3d,True,True,True,,295,2.0560204026186284,1.4012170721190114,,0.3691648362142768,50.33877588193252,0.7256080256128001
sd15_0004.png,sd15_3d,False,True,False,two VPs separated by only 1.8 deg; VP separation only 4.8x its uncertainty,596,87.92966247715674,87.19261525093822,,0.7790507011432122,151.92740501047112,87.92742871662077
sd15_0005.png,sd15_3d,False,True,False,worst VP localised to 1.51 deg,72,8.048943672696822,6.252460805995996,,2.264173905088868,63.720035001894445,2.415571672922809
sd15_0006.png,sd15_3d,False,True,False,weakest family supports only 7.3% of line length; worst VP localised to 1.37 deg,200,11.630186831082142,8.535430391976856,,0.25094425697556777,79.57706301231724,11.633083789858986
sd15_0007.png,sd15_3d,True,True,True,,292,1.090651346583897,0.8567703581401155,,2.8159967547203557,53.41630840161886,1.1254906444322899
sd15_0008.png,sd15_3d,True,True,True,,373,3.580710071051527,2.5673335867804976,0.0824545375686274,0.20312287359730008,27.328367296726626,3.8840853784968488
sd15_0009.png,sd15_3d,False,True,False,worst VP localised to 1.57 deg,115,61.627925031978954,35.78085339120681,,1.7747734423965893,48.17682279337902,52.70581475832404
sd15_0010.png,sd15_3d,False,True,False,worst VP localised to 1.90 deg,196,9.522554984009886,5.527619217932143,0.651267333657001,6.314241054280115,39.81029115433238,3.2621460780576967
sd15_0011.png,sd15_3d,True,True,True,,649,1.0927373332712875,0.6347667694429514,0.37532396598461654,1.7429104903746153,45.70895420125995,1.236577274618739
sd15_0012.png,sd15_3d,False,True,False,two VPs separated by only 2.5 deg; VP separation only 2.8x its uncertainty,858,87.42687741127601,50.476363604780495,0.039588305782742673,80.68853586340481,38.68055762023388,52.70318229859325
sd15_0013.png,sd15_3d,False,True,False,weakest family supports only 7.7% of line length; two VPs separated by only 3.0 deg; VP separation only 3.5x its uncerta,455,86.96551160860486,50.234584802348266,,47.3453141221743,151.92740244021024,14.497805860741252
sd15_0014.png,sd15_3d,False,True,False,two VPs separated by only 3.7 deg; VP separation only 4.7x its uncertainty,503,84.35535864851393,48.73645298614717,0.2854861927336387,12.36526864975708,20.789156855738895,25.684537084563956
sd15_0015.png,sd15_3d,False,True,False,weakest family supports only 7.4% of line length,148,1.2373282547469984,0.8361839753350424,,0.33146479682521496,69.62363375780934,1.29970341229928
sd15_0016.png,sd15_3d,False,True,False,weakest family supports only 5.6% of line length,574,4.365733946383486,2.8536571220169256,0.1805878844092001,0.8637511813071066,20.792085107157327,4.365733946383486
sd15_0017.png,sd15_3d,False,True,False,worst VP localised to 1.91 deg,104,32.29053516431241,18.746425654322557,,1.834479696907677,66.99426756151601,22.992419740409986
sd15_0018.png,sd15_3d,False,True,False,weakest family supports only 6.0% of line length; worst VP localised to 1.65 deg,468,78.87469316199861,45.82111662342779,,3.743288957710354,51.402689257227685,77.41341861610303
sd15_0019.png,sd15_3d,False,True,False,worst VP localised to 1.98 deg,163,2.047234512624641,1.2775840668705973,0.1674848593013796,0.03734572338148173,79.09443819769427,2.1317178865822086
sd15_0020.png,sd15_3d,False,True,False,two VPs separated by only 3.6 deg; VP separation only 4.5x its uncertainty,887,86.40238224940627,49.8920135662388,0.022868622660885577,3.3548711507990636,40.80880578617139,79.44334950410136
sd15_0021.png,sd15_3d,False,True,False,weakest family supports only 4.7% of line length; worst VP localised to 1.80 deg,189,2.4887309843625474,1.6100979011390193,,0.8327310488525002,43.605565020097195,2.466372715845708
sd15_0022.png,sd15_3d,False,True,False,worst VP localised to 1.43 deg,383,1.2197786568642783,0.9274517021482283,0.2955164334486968,0.09564387046963815,40.91754264901958,0.6363424597575715
sd15_0023.png,sd15_3d,True,True,True,,179,7.0080015587546285,4.744534265116038,,0.6724025081709659,85.58700297029412,4.155080060764533
sd15_0024.png,sd15_3d,False,True,False,weakest family supports only 6.6% of line length; worst VP localised to 1.17 deg; two VPs separated by only 2.9 deg; VP ,670,84.83502219738293,49.04378026654455,,2523462.970318984,2.291534791251324,82.50911353326576
sd15_0025.png,sd15_3d,False,True,False,worst VP localised to 1.66 deg,112,78.46970224449309,45.41314592299738,,7.260799592886652,49.89118305757352,8.17532967501181
sd15_0026.png,sd15_3d,True,True,True,,671,1.9564398058848127,1.22740994946141,0.19845283486733714,0.4007771594161206,56.649606655553015,1.8907705851688092
sd15_0027.png,sd15_3d,True,True,True,,596,0.3275921752650959,0.22024076389866545,0.4565142262599627,0.9059889666086923,66.56760466356963,0.3079234285901009
sd15_0028.png,sd15_3d,False,True,False,weakest family supports only 5.4% of line length; two VPs separated by only 2.3 deg; VP separation only 4.2x its uncerta,924,83.28336470354382,48.15057192270912,0.7900805509433096,107.31279108905937,5.5182971254633255,66.55948684474046
sd15_0029.png,sd15_3d,False,True,False,weakest family supports only 6.1% of line length; worst VP localised to 1.06 deg,252,1.5138223081936246,0.9763863934939321,0.19028804140171549,0.48208758046023675,66.4765772679628,1.5648048441010047
sd15_0030.png,sd15_3d,False,True,False,two VPs separated by only 2.5 deg; VP separation only 3.9x its uncertainty,515,87.54055121923777,50.551536462901495,0.09309424844244656,277.59027251141407,41.18069133180381,85.46852237799054
sd15_0031.png,sd15_3d,False,True,False,weakest family supports only 5.2% of line length; worst VP localised to 1.09 deg; two VPs separated by only 2.7 deg,348,86.64113046001175,51.64385725518791,,202.14368761920792,18.419276256975635,85.07696377824064
sd15_0032.png,sd15_3d,False,True,False,two VPs separated by only 3.0 deg; VP separation only 3.7x its uncertainty,631,88.79585758763079,51.26866950933154,0.03946199294650735,1406.4512610156048,7.0698801713341055,3.455899379849626
sd15_0033.png,sd15_3d,False,True,False,worst VP localised to 1.17 deg,148,7.013596942933049,4.103466918855223,,2.8918762214050298,112.6112739099479,0.8138310074311903
sd15_0034.png,sd15_3d,False,True,False,worst VP localised to 1.21 deg,329,26.069506214358455,15.27496099539291,,0.9154623061626366,26.313820410729562,18.17326288321736
sd15_0035.png,sd15_3d,True,True,True,,147,3.3868050481058134,2.0834416040525743,,0.9178970813195622,66.26210044172942,3.439329672638465
sd15_0036.png,sd15_3d,False,True,False,weakest family supports only 4.0% of line length; two VPs separated by only 3.0 deg; VP separation only 3.1x its uncerta,930,59.74873961510228,36.54525701714891,,191.57124407092678,2.291534791251324,0.5400665529495825
sd15_0037.png,sd15_3d,False,True,False,weakest family supports only 5.0% of line length; worst VP localised to 1.38 deg,272,2.9404204513717502,1.7705495643322726,0.18340755279175844,0.10153861981767812,49.272076210743585,2.810446934242094
sd15_0038.png,sd15_3d,False,True,False,worst VP localised to 4.88 deg; VP separation only 3.6x its uncertainty,45,63.67369762506069,38.11152540151086,,0.285210019138104,108.32635866654853,63.67369762506069
sd15_0039.png,sd15_3d,True,True,True,,244,1.9427349857531482,1.1744375208388516,0.03257568279315892,0.4966834233217698,39.5381835198211,1.9017455525058438
sd15_0040.png,sd15_3d,False,True,False,two VPs separated by only 2.8 deg,694,66.7886949169602,38.58914615970574,,25.21953631431003,2.291534791251324,13.909272801763095
sd15_0041.png,sd15_3d,False,True,False,weakest family supports only 4.3% of line length,155,8.253375250512164,6.717672464601434,,4.469088830365693,10.525160579932344,9.082447237742883
sd15_0042.png,sd15_3d,False,True,False,worst VP localised to 17.41 deg; VP separation only 4.4x its uncertainty,132,2.4750954783386874,1.7442552460875718,0.20384882434261886,0.1812189711764011,35.25006017960219,2.325210777046408
sd15_0043.png,sd15_3d,False,True,False,two VPs separated by only 2.1 deg; VP separation only 5.0x its uncertainty,658,88.16913266474262,50.90927732419227,0.29361128799313163,85.47032612145352,35.77410431115371,4.948247152849021
sd15_0044.png,sd15_3d,False,True,False,weakest family supports only 7.5% of line length,542,7.987392941706716,5.120046873817548,,0.43026173843694854,27.793999011173387,8.021011528368007
sd15_0045.png,sd15_3d,True,True,True,,574,0.7064121225837425,0.4375286668061514,0.5127608543876234,0.16973783606423268,61.370323275222965,0.8036400220815665
sd15_0046.png,sd15_3d,False,True,False,weakest family supports only 6.7% of line length; two VPs separated by only 3.2 deg,663,86.92692945234384,50.203427883891706,,5.931057086002592,99.1935627506107,83.37964290764883
sd15_0047.png,sd15_3d,False,True,False,worst VP localised to 1.41 deg,195,2.445451780040841,1.911226250044288,,1.2217398720477552,79.93878176200519,2.355169718687634
sd15_0048.png,sd15_3d,False,True,False,weakest family supports only 7.4% of line length,704,12.54183994177859,10.032407628871251,0.3606899979050971,0.3742143494270329,47.13391840491754,12.456798263356688
sd15_0049.png,sd15_3d,False,True,False,worst VP localised to 1.42 deg,70,0.7740072585583704,0.4585110853874406,0.0926063576008643,0.09134584008999015,59.3724086895801,0.7740072585583704
sd15_0050.png,sd15_3d,True,True,True,,443,2.6198518797624786,1.5253022622682872,0.20899587340646122,0.5162181750488597,53.78311308784635,0.4973376938024643
sd15_0051.png,sd15_3d,True,True,True,,134,2.29013520179204,1.4325095909614884,,0.07118600322990773,86.6848439829046,2.2907888379391466
sd15_0052.png,sd15_3d,True,True,True,,462,4.413306484350002,3.186993366432448,0.32850599633497995,0.12175957226500993,85.03836531883798,4.0880352201154295
sd15_0053.png,sd15_3d,False,True,False,weakest family supports only 3.7% of line length,343,38.47903692069949,22.267233388960264,0.12586803025036278,3.664725055097727,17.10060991144247,41.85210264923367
sd15_0054.png,sd15_3d,False,True,False,weakest family supports only 0.2% of line length; worst VP localised to 5.23 deg; VP separation only 2.2x its uncertaint,314,44.15011655161063,26.696764336329892,,2.358976225564165,4.517650460541863,
sd15_0055.png,sd15_3d,False,True,False,worst VP localised to 2.45 deg,126,5.939111752031394,4.123070853822089,0.36552638111737173,0.10993446840295755,53.34270717448304,5.947228027597475
sd15_0056.png,sd15_3d,False,True,False,two VPs separated by only 2.7 deg; VP separation only 4.7x its uncertainty,759,85.65641638304996,49.46635398865376,0.4428244041965269,145.6446818304828,5.74520582390087,55.108575978778184
sd15_0057.png,sd15_3d,False,True,False,worst VP localised to 2.92 deg,121,18.07368191527543,13.24791860570383,,1.308482911369,88.71059466739871,10.060319351531817
sd15_0058.png,sd15_3d,False,True,False,weakest family supports only 6.8% of line length,211,44.962370576218284,26.453078686464217,0.3910283080245543,0.7623176624600514,23.36556905318216,4.729900608149563
sd15_0059.png,sd15_3d,True,True,True,,644,2.7189869467422056,1.8440058368420815,,0.3389507203282323,54.2200908936648,2.585199518655969
sd15_0060.png,sd15_3d,False,True,False,weakest family supports only 1.8% of line length,448,4.874378739545733,3.1016889237285783,0.6444602699023737,0.2175794060627721,28.491006086421326,15.027274835937064
sd15_0061.png,sd15_3d,True,True,True,,507,0.9794189682217649,0.693075286989381,0.058941777506416146,0.029680854840374887,64.7522508855022,0.9075496593252268
sd15_0062.png,sd15_3d,False,True,False,two VPs separated by only 5.0 deg,410,84.54415790579777,48.822718519302605,0.056716374665853504,1.5243429078450668,50.753539887428374,84.26474131562222
sd15_0063.png,sd15_3d,True,True,True,,162,0.443998437502259,0.2778210562243403,0.1446686373578274,0.1486728833257875,64.83577724569804,0.45095220262321334
sd15_0064.png,sd15_3d,False,True,False,weakest family supports only 7.3% of line length; two VPs separated by only 2.5 deg; VP separation only 3.0x its uncerta,713,87.27011315726632,50.3981026447685,,4595549.935020595,2.291534791251324,64.96861179314763
sd15_0065.png,sd15_3d,False,True,False,worst VP localised to 3.15 deg,140,3.1805880012926053,2.394286170966829,,0.06354529426593004,73.53452071291862,3.1822545793625068
sd15_0066.png,sd15_3d,False,True,False,two VPs separated by only 6.0 deg,357,85.66295234279305,49.48822226709497,0.190065875183571,44.494971064108924,28.99930160146116,83.00225360304236
sd15_0067.png,sd15_3d,True,True,True,,117,2.1881527076657648,1.27809095371058,,0.029373903681493892,55.68621359738038,0.4341695400920571
sd15_0068.png,sd15_3d,False,True,False,two VPs separated by only 3.0 deg,602,87.48557141077171,50.51314651424201,0.03344794129715608,4.346555263172394,24.53964447984147,6.671334771014742
sd15_0069.png,sd15_3d,False,True,False,weakest family supports only 8.0% of line length; worst VP localised to 1.76 deg,110,2.8556381392258032,2.3633112664838696,0.16992582166513184,0.2193556270424296,35.13745190946466,2.8556381392258032
sd15_0070.png,sd15_3d,False,True,False,worst VP localised to 1.19 deg; two VPs separated by only 3.2 deg; VP separation only 2.7x its uncertainty,409,64.14576297377245,38.309319564381944,0.20143911987327237,276.54449811864424,2.829210785651039,39.570428433964814
sd15_0071.png,sd15_3d,True,True,True,,155,3.0317576264030777,2.1983651146569874,0.1691132840546251,0.09929829958992017,58.43102417570515,1.63540862435093
sd15_0072.png,sd15_3d,True,True,True,,559,56.701361207456806,32.921548575869245,0.2254633804169508,3.636269097176217,20.995767597016933,32.01531091617244
sd15_0073.png,sd15_3d,False,True,False,weakest family supports only 4.5% of line length; worst VP localised to 2.29 deg,148,15.942076643235055,11.101151577189519,0.3597446277297629,3.5742001320037935,31.734071729791676,12.07292202608349
sd15_0074.png,sd15_3d,False,True,False,worst VP localised to 1.72 deg,147,1.3482433032215653,0.8096522987299232,,0.7747050359254465,34.29115967045185,1.4210211370677683
sd15_0075.png,sd15_3d,False,True,False,two VPs separated by only 3.3 deg; VP separation only 4.5x its uncertainty,668,86.773588259247,50.111356834570216,0.31425606600554984,36.07457540626447,18.09939833230137,8.793437404599345
sd15_0076.png,sd15_3d,False,True,False,weakest family supports only 6.5% of line length; two VPs separated by only 2.4 deg; VP separation only 2.7x its uncerta,667,82.03359583937589,47.39416735156335,,43.33120052168984,2.291534791251324,82.15256417419721
sd15_0077.png,sd15_3d,True,True,True,,180,1.1434758424928333,0.8628661208196109,0.18279534662997335,0.05365603996603678,76.03666299685848,1.036399069194573
sd15_0078.png,sd15_3d,False,True,False,weakest family supports only 6.1% of line length; two VPs separated by only 5.5 deg,436,83.15758775398959,48.04676632395481,0.1838003625613953,4.402116082118856,28.405939580210198,79.6779292786155
sd15_0079.png,sd15_3d,True,True,True,,154,2.09648984937904,1.6912878003443925,,0.42172390940394583,70.82253944246891,2.0522425769757007
sd15_0080.png,sd15_3d,True,True,True,,571,3.0059820284133423,1.9463391180588623,0.06414655242409624,0.1786923746460418,30.0534316803004,2.576882719666827
sd15_0081.png,sd15_3d,False,True,False,worst VP localised to 1.77 deg,135,19.209888346871764,11.147114730208406,,0.4633701408347262,78.59774959093572,17.55015023331589
sd15_0082.png,sd15_3d,True,True,True,,328,1.9652464059829384,1.3799792853060058,0.24384847349222358,0.6995013585900213,39.32820331540178,1.9811408804268922
sd15_0083.png,sd15_3d,True,True,True,,161,3.2816460945353754,2.133622558989956,0.30552346757272036,0.11279286528900215,74.22857937698407,2.892919233094702
sd15_0084.png,sd15_3d,False,True,False,weakest family supports only 3.3% of line length; two VPs separated by only 4.0 deg; VP separation only 4.7x its uncerta,426,77.12481930895325,44.7138391112812,,5.697730268326583,6.914885887094892,2.771551379510129e-07
sd15_0085.png,sd15_3d,False,True,False,weakest family supports only 5.3% of line length; worst VP localised to 1.51 deg,195,5.32656244694499,3.1793473258415546,0.3443643079767091,1.1659500605994617,31.04301767240004,5.479590887185822
sd15_0086.png,sd15_3d,False,True,False,worst VP localised to 1.70 deg,273,5.592674743289905,3.436830600859749,0.40391610495217606,0.9506478201321129,80.92515348871243,2.693993393986048
sd15_0087.png,sd15_3d,True,True,True,,401,0.4685480120035237,0.2857311684632175,0.028345460741424598,0.04654346720531188,59.70759920308821,0.4390078276860976
sd15_0088.png,sd15_3d,False,True,False,two VPs separated by only 2.6 deg; VP separation only 4.6x its uncertainty,942,85.55648213007314,49.39911387840302,1.3306691371512958,12981.992282534118,2.291534791251324,52.36197838459014
sd15_0089.png,sd15_3d,False,True,False,weakest family supports only 6.9% of line length,181,3.9629454439779437,2.396575046754457,,1.3408433521865257,20.985814735011946,1.8001467681593226
sd15_0090.png,sd15_3d,False,True,False,worst VP localised to 1.40 deg,85,1.2765854240769983,0.7511735514475271,0.398556566125922,1.0149054724318456,90.82603791219223,1.2765854240769983
sd15_0091.png,sd15_3d,False,True,False,weakest family supports only 5.6% of line length,469,0.334329347512309,0.24650787682935724,0.05981774061614051,0.45708715446232256,34.060720605946265,0.33890808717214327
sd15_0092.png,sd15_3d,False,True,False,weakest family supports only 6.2% of line length,823,1.145329716409023,0.6638389621371278,0.6011910794995626,5.442038643207491,59.162777529293635,1.0563554299843076
sd15_0093.png,sd15_3d,True,True,True,,311,3.172932310263505,2.244473672113033,0.3924824159558532,0.2619391667179883,51.88449993566322,1.8834531186509622
sd15_0094.png,sd15_3d,False,True,False,weakest family supports only 5.3% of line length; two VPs separated by only 3.4 deg; VP separation only 4.4x its uncerta,674,84.16110773227923,48.7010090432234,,325022.43304842996,6.192970846126136,79.38892366700335
sd15_0095.png,sd15_3d,False,True,False,two VPs separated by only 3.3 deg; VP separation only 4.0x its uncertainty,296,86.21058490057996,49.782835483808526,0.062162185970089844,2259.7613662425033,32.53171652196715,72.46083016838182
sd15_0096.png,sd15_3d,False,True,False,weakest family supports only 5.4% of line length; two VPs separated by only 2.8 deg; VP separation only 3.5x its uncerta,730,76.1914006518437,44.042135264135226,,20.54045857861728,2.291534791251324,11.10125311476692
sd15_0097.png,sd15_3d,True,True,True,,94,2.6130873389967064,1.5207472677958374,0.27471805866874244,0.4092159589748027,82.41146273119408,2.2183406589096677
sd15_0098.png,sd15_3d,False,True,False,weakest family supports only 6.2% of line length,285,77.45060688552046,45.11026681859492,,315.57212738974624,32.22824870074574,71.23960923553904
sd15_0099.png,sd15_3d,False,True,False,weakest family supports only 4.6% of line length; worst VP localised to 1.39 deg,226,4.893888502309338,2.8314108865755854,0.307006890878281,0.31672410275788904,37.10810384226549,4.664901469114497
sd15_0100.png,sd15_3d,False,True,False,weakest family supports only 6.5% of line length,528,60.78334955347796,35.85722876241004,0.2665876436617737,3.9328326665805453,30.817308572650393,60.7847031952838
sd15_0101.png,sd15_3d,False,True,False,weakest family supports only 3.5% of line length; worst VP localised to 1.44 deg,159,45.22331212724303,34.554024694417656,0.920531856065954,510.5390850452859,12.002032989924002,1.3165082037858156e-06
sd15_0102.png,sd15_3d,True,True,True,,477,0.16338524469983895,0.1286449668029434,0.06999796918541067,0.04714783558315846,43.15517600519926,0.5662402215942421
sd15_0103.png,sd15_3d,False,True,False,weakest family supports only 4.8% of line length,215,0.4681346678837599,0.28291147245124304,0.2699628649996151,0.07142195604449442,63.16634226919165,0.2824757404792706
sd15_0104.png,sd15_3d,False,True,False,weakest family supports only 5.3% of line length; worst VP localised to 1.44 deg; two VPs separated by only 2.9 deg; VP ,491,85.35212567709394,49.302547517398644,0.7280781221089747,24.07001963823226,6.5295861130802395,82.83692272542253
sd15_0105.png,sd15_3d,False,True,False,fewer than three VP families,165,2.6833615009991263e-06,2.6833615009991263e-06,,,8.44028428522455,2.6833615009991263e-06
sd15_0106.png,sd15_3d,False,True,False,weakest family supports only 6.9% of line length; worst VP localised to 1.66 deg,435,6.736594175942869,4.144188761090403,,0.8411605497663686,7.3754347828727065,3.525821228781581
sd15_0107.png,sd15_3d,True,True,True,,547,5.710810633593823,4.260063659135995,,0.15265192158321578,60.53867757822145,4.606333730984417
sd15_0108.png,sd15_3d,False,True,False,weakest family supports only 2.1% of line length; two VPs separated by only 2.9 deg; VP separation only 3.9x its uncerta,604,88.40962863442934,51.04777288869833,0.39945864435382944,2685.1289956754476,9.085175855033881,1.4664053225033058e-06
sd15_0109.png,sd15_3d,True,True,True,,505,0.4530969097299504,0.27284277380771677,0.04207681919419597,0.038488400381354385,47.97810863856248,0.49286450052382236
sd15_0110.png,sd15_3d,False,True,False,weakest family supports only 6.9% of line length,682,42.03779677991679,31.27916682415877,0.8753405272372551,57.11748631947692,19.483251343443623,19.816757335543343
sd15_0111.png,sd15_3d,False,True,False,worst VP localised to 1.49 deg; two VPs separated by only 5.1 deg; VP separation only 4.0x its uncertainty,332,42.667239425120975,31.43197427963108,0.9526099870233745,335.1653434960457,2.4692620087076524,0.7417144225823336
sd15_0112.png,sd15_3d,False,True,False,two VPs separated by only 2.5 deg,607,87.25670723197396,50.384271221585024,0.2400235465705251,4.777791685524195,25.37483773005322,85.2810579032732
sd15_0113.png,sd15_3d,False,True,False,weakest family supports only 7.5% of line length,161,2.998191743993445,1.781727667845324,0.5386863564296988,0.8866086331222363,61.79509991222545,2.9062101502332496
sd15_0114.png,sd15_3d,False,True,False,worst VP localised to 2.04 deg,174,59.96044335046499,34.958542280062225,,0.655974513412477,29.9501918957897,3.7227328219839677
sd15_0115.png,sd15_3d,False,True,False,weakest family supports only 4.9% of line length,214,0.2741434604166386,0.24076053166634054,0.05594559445897341,0.30370529308183974,25.31236912250535,0.4644837518331997
sd15_0116.png,sd15_3d,False,True,False,two VPs separated by only 2.5 deg; VP separation only 4.2x its uncertainty,700,87.53244929924666,50.5579527008822,,11.524367136070794,151.92738196849038,30.24933466905656
sd15_0117.png,sd15_3d,False,True,False,weakest family supports only 2.5% of line length; worst VP localised to 1.57 deg,230,15.12404845359498,10.032470953272323,,6.6778042141176845,116.93766637490319,0.607148786250022
sd15_0118.png,sd15_3d,True,True,True,,229,1.1907162852242834,0.7127622418320745,,0.23589294270577896,37.033670132442936,1.2053952594100963
sd15_0119.png,sd15_3d,True,True,True,,119,1.5523413285507672,0.9054994611467443,0.17335347276274582,0.14854383565310122,67.85910899015134,1.596298448853588
sdxl_0000.png,sdxl_3d,False,True,False,two VPs separated by only 2.6 deg; VP separation only 3.5x its uncertainty,549,87.40871356121316,50.47104425176422,0.040290887386346085,16.274406489964623,24.478733557213726,81.16957012522349
sdxl_0001.png,sdxl_3d,False,True,False,weakest family supports only 5.0% of line length; worst VP localised to 13.87 deg; VP separation only 3.4x its uncertain,76,1.0947742088310122,0.6322260199913483,0.02843195065998396,1.8939509529103322,12.686535527658338,1.0947742088310122
sdxl_0002.png,sdxl_3d,False,True,False,weakest family supports only 6.8% of line length,379,46.13825350984336,26.84456286533041,0.09838587855465585,0.8424730899160651,41.66104536164179,3.3910851472966357
sdxl_0003.png,sdxl_3d,True,True,True,,323,0.7653521839302044,0.5359745751294994,0.4612589631783149,4.201905793032804,59.70093448020505,0.712599876012959
sdxl_0004.png,sdxl_3d,False,True,False,weakest family supports only 7.8% of line length,404,8.688364916358026,7.285671156565121,0.1945296965942944,0.8980689087390494,19.178570105000016,8.925739877453893
sdxl_0005.png,sdxl_3d,True,True,True,,201,4.825215582491609,3.180521593779874,,9.858194574455258,61.35173515495137,3.796581242351948
sdxl_0006.png,sdxl_3d,False,True,False,worst VP localised to 2.32 deg,471,12.154767572851895,10.797226232053996,0.6783347307783708,10.921195367732958,5.181257327953313,1.4989497652988035
sdxl_0007.png,sdxl_3d,True,True,True,,327,1.0226553693704687,0.6093973229085458,0.14917551692552117,0.09812489760710452,67.91125480324988,1.0136651214188248
sdxl_0008.png,sdxl_3d,False,True,False,weakest family supports only 5.3% of line length,694,49.64689730014447,29.831494181166168,,486.9742219646758,2.606243969869129,49.63171467299492
sdxl_0009.png,sdxl_3d,False,True,False,worst VP localised to 2.59 deg,196,58.17427859154293,34.66933837154267,0.6943460391655185,14.71027959468595,12.915856295202776,7.328034503671532
sdxl_0010.png,sdxl_3d,False,True,False,worst VP localised to 1.01 deg,256,3.344873694813842,1.954570504531833,,0.36767781751470074,45.96057159256522,2.6491672030264084
sdxl_0011.png,sdxl_3d,False,True,False,weakest family supports only 5.1% of line length,595,11.711417983318498,7.189200608961637,,0.3460132537872921,13.584745269650023,10.26093773073923
sdxl_0012.png,sdxl_3d,False,True,False,weakest family supports only 2.0% of line length; worst VP localised to 4.31 deg,240,3.1431390050502728,2.319937449745314,0.21775991913449136,0.15644395504777955,36.19541792141434,1.3008244081902376e-07
sdxl_0013.png,sdxl_3d,True,True,True,,489,0.8768565855662871,0.6461414498032368,0.8954035198175858,9.040947884203286,18.705296769719894,0.8894876692226319
sdxl_0014.png,sdxl_3d,True,True,True,,629,1.1867000759644952,0.6869826038872175,0.13449122297690533,0.23717716566121103,62.54521947845573,0.8682194527743405
sdxl_0015.png,sdxl_3d,False,True,False,worst VP localised to 1.12 deg,178,4.487956708482031,2.7092776283868947,0.13735247217849225,0.2167251495486941,75.45287800783643,1.5271380748157952
sdxl_0016.png,sdxl_3d,False,True,False,two VPs separated by only 2.5 deg,650,89.76197201793174,51.824175726303615,0.05382909219443418,1905.3797785118138,3.1280905001987014,11.231441521282207
sdxl_0017.png,sdxl_3d,False,True,False,weakest family supports only 2.8% of line length; worst VP localised to 14.57 deg; VP separation only 4.6x its uncertain,99,2.4093493675633937,1.3979729051825966,0.5924068799552366,1.1499485214748764,83.8029800668668,2.918099539783725e-09
sdxl_0018.png,sdxl_3d,False,True,False,worst VP localised to 1.55 deg; two VPs separated by only 2.7 deg; VP separation only 1.7x its uncertainty,287,87.35764418706373,50.44650756817806,,27.616425758108694,47.23737538970763,9.908715592781675
sdxl_0019.png,sdxl_3d,True,True,True,,264,0.7367804516477747,0.42698060500218465,0.46066280876773247,0.025833438078201144,36.49347705047661,0.744615883310928
sdxl_0020.png,sdxl_3d,False,True,False,weakest family supports only 7.8% of line length,410,5.578587294688191,3.231699148469621,0.5171864852382076,0.22414749125364275,70.90497220559773,5.44068047035627
sdxl_0021.png,sdxl_3d,True,True,True,,269,0.664050724308126,0.45864510902511957,0.6818829478441311,0.1784380322805351,58.80513214681777,0.7031582396589044
sdxl_0022.png,sdxl_3d,True,True,True,,148,3.3963380288838465,1.9651703637014246,0.5491250933691221,0.5039160280552869,28.181628545332458,2.7972182966613417
sdxl_0023.png,sdxl_3d,False,True,False,worst VP localised to 1.72 deg,102,1.142347264749958,0.7607194672815586,,22.20234518594923,62.51812717764328,1.1424566741639666
sdxl_0024.png,sdxl_3d,False,True,False,weakest family supports only 4.6% of line length; worst VP localised to 1.13 deg; two VPs separated by only 2.9 deg; VP ,748,85.14955121251091,49.18044174514623,0.7461064309133966,26.554139306629803,7.015490152726388,33.13151220876035
sdxl_0025.png,sdxl_3d,False,True,False,worst VP localised to 2.72 deg,185,3.8006038136709606,2.8928127324124375,0.08365656060609335,3.0593369801485157,6.077320493988961,3.9659700159757136
sdxl_0026.png,sdxl_3d,False,True,False,worst VP localised to 1.35 deg,257,4.297300515416254,2.5826529492645998,0.37988645929909903,0.36402171165209896,51.61082706947511,1.4811842571079694
sdxl_0027.png,sdxl_3d,True,True,True,,683,5.199748503392755,3.4924970407887006,,1.0235208150595765,53.15890272986876,5.527418065194098
sdxl_0028.png,sdxl_3d,False,True,False,weakest family supports only 6.9% of line length; worst VP localised to 1.01 deg,397,2.144406603358945,1.2870541376034534,,0.1831471898124311,26.360486276708517,2.1363204169135344
sdxl_0029.png,sdxl_3d,False,True,False,worst VP localised to 1.47 deg,270,1.114186514870525,0.7554681322668829,0.04296882110390853,0.024524782454005734,56.14691166001473,1.0198858728356583
sdxl_0030.png,sdxl_3d,False,True,False,weakest family supports only 4.2% of line length,387,10.157756077739094,8.223502384479827,0.919553346644438,10.497804112221347,14.153831959652416,6.188584047528323
sdxl_0031.png,sdxl_3d,False,True,False,weakest family supports only 4.4% of line length,309,2.417689499468679,1.403310355070034,0.19388966899547344,0.397129609681163,60.90420674527469,2.537771594005676
sdxl_0032.png,sdxl_3d,False,True,False,weakest family supports only 5.8% of line length; two VPs separated by only 3.8 deg; VP separation only 4.0x its uncerta,845,64.06444227052762,37.09577569258945,0.5758827567024936,106.97441674809058,2.291534791251324,27.587440803413273
sdxl_0033.png,sdxl_3d,False,True,False,worst VP localised to 1.06 deg,148,0.22070728926034633,0.13225340777647931,0.9848570432797684,0.9875525258123942,32.4716369029592,0.21701678968706517
sdxl_0034.png,sdxl_3d,False,True,False,weakest family supports only 5.2% of line length; worst VP localised to 2.83 deg,477,9.687814539965288,5.932383451886102,0.46075333296662435,3.3378119338474876,47.670097327270206,9.74735407555687
sdxl_0035.png,sdxl_3d,True,True,True,,178,0.41246997753047765,0.23853597935491866,0.10865140217742414,0.670945518276996,82.48520165285949,0.4192934892221416
sdxl_0036.png,sdxl_3d,False,True,False,two VPs separated by only 4.5 deg,706,86.0386826200233,49.78981627561855,,61.05777431830139,32.85267084895728,82.4209477819121
sdxl_0037.png,sdxl_3d,False,True,False,weakest family supports only 6.7% of line length,396,5.758710019618576,3.3321540795778235,0.624926139027783,1.5065473037232338,5.799341077461514,0.024545447002935816
sdxl_0038.png,sdxl_3d,False,True,False,weakest family supports only 4.4% of line length,275,3.0024684279017038,1.7541328300637582,,0.8828566055332844,22.156614034482406,3.0269306659428423
sdxl_0039.png,sdxl_3d,True,True,True,,105,1.4972454825414019,1.15485707363759,0.3933538386173612,0.7152999190706375,63.53859008864716,1.4972454825414019
sdxl_0040.png,sdxl_3d,False,True,False,two VPs separated by only 2.2 deg,495,87.95236125307194,50.78367532642085,0.03299563389607491,5.16278959148516,40.293455496858435,8.549051618864794
sdxl_0041.png,sdxl_3d,False,True,False,weakest family supports only 7.9% of line length; worst VP localised to 1.47 deg,87,14.92052396191734,9.735274514737963,0.8982867610181257,111.22168736935109,119.5108689902892,1.9993923599263894
sdxl_0042.png,sdxl_3d,False,True,False,weakest family supports only 4.3% of line length,298,1.6701244233946113,0.9945566902085446,,0.25699147369041925,10.207363895596552,0.006678709511703573
sdxl_0043.png,sdxl_3d,False,True,False,weakest family supports only 7.5% of line length,301,6.281738312021503,3.6934410219519367,,0.9976122657484833,13.495083608380359,4.574204919538914
sdxl_0044.png,sdxl_3d,False,True,False,weakest family supports only 4.7% of line length; worst VP localised to 3.50 deg,327,2.7532823189363427,2.0078176321751053,0.2895769997200358,0.476630987149153,38.5075521645172,2.7542550878874863
sdxl_0045.png,sdxl_3d,True,True,True,,408,7.005281512555669,5.051175791429306,0.37920583822535636,1.0245921211273856,54.627204827150194,6.554081394351357
sdxl_0046.png,sdxl_3d,False,True,False,worst VP localised to 1.22 deg,507,16.807389517485248,12.36306521263543,0.5736517867062096,1.0995823963498734,24.913156244933127,1.932604821603448
sdxl_0047.png,sdxl_3d,True,True,True,,256,0.9733120942424449,0.7063192572846572,0.34839145125170184,0.31673992519348976,83.47558942792033,0.9670761936823595
sdxl_0048.png,sdxl_3d,False,True,False,weakest family supports only 3.0% of line length,389,9.301315766788221,7.420444548941977,0.49806970449039367,0.4062607464990801,41.31344332117344,7.735258407137735e-07
sdxl_0049.png,sdxl_3d,False,True,False,worst VP localised to 1.45 deg,95,1.6281204355236838,1.283780675046923,0.24998107978159004,1.010634112564145,24.74722701487834,1.6302979463475396
sdxl_0050.png,sdxl_3d,False,True,False,weakest family supports only 4.9% of line length,242,11.879088732043783,8.33615226584059,0.6722035977280768,11.576740015458547,2.5492182627340294,12.377683745647204
sdxl_0051.png,sdxl_3d,True,True,True,,230,1.0247264970288086,0.6825609362743484,,0.402667082128164,72.33728028915263,0.26112547330615143
sdxl_0052.png,sdxl_3d,False,True,False,weakest family supports only 7.4% of line length; worst VP localised to 1.24 deg,765,1.6931091770528042,0.9870714777927196,0.04644350370028229,2.130756200374588,13.850100785630138,1.5865396062514208
sdxl_0053.png,sdxl_3d,True,True,True,,181,0.21301661769906843,0.1677488144577395,0.6368090835901369,0.25492755733802397,57.0326403594928,0.26758499113142875
sdxl_0054.png,sdxl_3d,False,True,False,worst VP localised to 1.09 deg,298,2.7364721559172125,1.8346748278275997,0.3262934640163319,0.4040067585311714,21.53025864579421,1.681728055223644
sdxl_0055.png,sdxl_3d,True,True,True,,317,1.9054783616835778,1.3483151198459908,,2.868361899902701,49.75278090527274,1.907919182398416
sdxl_0056.png,sdxl_3d,False,True,False,worst VP localised to 2.15 deg,519,61.164966812062865,37.23229385939375,0.5805047974203322,51.501866250622804,15.148758705456448,2.792353675618628
sdxl_0057.png,sdxl_3d,False,True,False,weakest family supports only 5.1% of line length; worst VP localised to 1.20 deg,183,17.893153458787523,10.56861512202576,0.9009909373902615,0.945738816488179,13.335078567264366,17.90057041344896
sdxl_0058.png,sdxl_3d,False,True,False,weakest family supports only 2.0% of line length; worst VP localised to 3.57 deg,248,0.7895061262932472,0.47087665595632483,0.4583499868792929,0.1427175579143524,29.548390877176463,0.06824991396588587
sdxl_0059.png,sdxl_3d,True,True,True,,264,2.108748606021422,1.5034657522608892,0.529559004704954,4.4221411567134785,48.56150618756673,2.210020837348935
sdxl_0060.png,sdxl_3d,False,True,False,fewer than three VP families,324,0.08055057691117895,0.08055057691117895,,,151.927402379469,0.08055057691117895
sdxl_0061.png,sdxl_3d,False,True,False,weakest family supports only 5.1% of line length; two VPs separated by only 3.9 deg,403,46.5825177272368,27.276308122835164,,38.5728254523862,2.291534791251324,24.624188204119392
sdxl_0062.png,sdxl_3d,False,True,False,two VPs separated by only 3.1 deg,534,57.87302955148045,33.68203634276039,,16.65030130675443,2.291534791251324,21.616279551824604
sdxl_0063.png,sdxl_3d,False,True,False,worst VP localised to 1.26 deg,212,2.3284931091553744,1.6222965751865401,0.6580424942042967,0.8739212055696517,71.87148520572653,1.6791911646803186
sdxl_0064.png,sdxl_3d,False,True,False,two VPs separated by only 1.9 deg; VP separation only 3.8x its uncertainty,457,88.63361796344442,51.175677673068556,0.030926035487972965,158.22604725744793,25.826855988707443,42.31735272653302
sdxl_0065.png,sdxl_3d,True,True,True,,216,2.3970946039222554,1.8156441578128584,,0.8321152298415171,89.50442493119893,2.295258068737567
sdxl_0066.png,sdxl_3d,False,True,False,weakest family supports only 5.1% of line length,285,0.5188888092979198,0.3439554564646532,,0.9238556149058094,28.92138796119124,0.5242594276821109
sdxl_0067.png,sdxl_3d,True,True,True,,381,1.4434394050846464,1.1410212866960778,0.3883105698542274,0.02534882536692592,58.82413746062717,0.5574898436352527
sdxl_0068.png,sdxl_3d,False,True,False,two VPs separated by only 2.3 deg,664,87.36669948729218,86.11551570206726,,0.8879321588135736,151.9273835103068,83.94336756852704
sdxl_0069.png,sdxl_3d,False,True,False,worst VP localised to 1.42 deg,124,2.8331918702617997,1.8121181239806103,0.4091762454340763,0.032637641877967825,81.71854615879177,2.665202387644257
sdxl_0070.png,sdxl_3d,False,True,False,weakest family supports only 5.9% of line length; worst VP localised to 2.50 deg; two VPs separated by only 4.5 deg,347,56.102956129471266,42.28478508166536,,8366.861482784858,2.2915399146731192,37.60496837266645
sdxl_0071.png,sdxl_3d,True,True,True,,104,3.6695205755752767,2.1970034455239698,,0.3853316197385946,60.020651265738195,2.7285888608070366
sdxl_0072.png,sdxl_3d,False,True,False,weakest family supports only 2.6% of line length; worst VP localised to 3.49 deg,617,35.50796481872717,27.763998245690317,,18.30308278908361,2.291534791251324,58.45712780961692
sdxl_0073.png,sdxl_3d,False,True,False,worst VP localised to 3.67 deg,85,23.22827355322093,14.695716032511426,0.46571214234901137,17.05946388648789,44.39782236683757,8.855915526971103
sdxl_0074.png,sdxl_3d,False,True,False,two VPs separated by only 2.4 deg; VP separation only 3.5x its uncertainty,495,87.26504634937514,50.40784388477135,,460.90613189094324,151.92741839692985,3.871506219168026
sdxl_0075.png,sdxl_3d,True,True,True,,405,1.1476877900303037,0.6705933418537611,0.5439535841727332,0.8246359610299003,16.99231312314766,0.46701042141445726
sdxl_0076.png,sdxl_3d,False,True,False,weakest family supports only 5.8% of line length,489,77.24248604233169,44.87943863626845,0.42255300191155654,146.09705237151272,34.581795403532894,77.29661935676454
sdxl_0077.png,sdxl_3d,False,True,False,weakest family supports only 5.6% of line length,580,0.8481705352072737,0.49178609748303637,,0.34983760552412874,25.795336145342084,0.8651061547318619
sdxl_0078.png,sdxl_3d,False,True,False,weakest family supports only 2.6% of line length,566,5.935654774941227,3.4435497778860755,0.17417634258325387,0.6239192737158739,42.5165796678656,87.06724387787904
sdxl_0079.png,sdxl_3d,False,True,False,weakest family supports only 6.5% of line length,217,2.3991172403286782,1.3867009466793927,0.12030430119910507,0.18029583982598932,54.17492379090559,2.349581832091843
sdxl_0080.png,sdxl_3d,False,True,False,two VPs separated by only 8.0 deg,378,83.53403347899271,48.24504872067745,0.09656810586424916,6.460720484525625,24.91204431164702,74.86982035517886
sdxl_0081.png,sdxl_3d,False,True,False,weakest family supports only 3.9% of line length,247,43.42284886313374,25.07365186292006,,3.553235610950109,33.61701527127831,43.42284886313374
sdxl_0082.png,sdxl_3d,False,True,False,weakest family supports only 5.3% of line length; worst VP localised to 1.12 deg,233,7.014824470596778,5.199700486886364,0.6969416072990946,3.320618396431959,6.869581134172093,2.5730268784836454
sdxl_0083.png,sdxl_3d,True,True,True,,319,2.635363157473506,1.746826693047253,,0.2970630805839035,44.36136924293174,1.2538700421920055
sdxl_0084.png,sdxl_3d,False,True,False,weakest family supports only 2.1% of line length; worst VP localised to 2.17 deg; two VPs separated by only 9.7 deg; VP ,564,2.378664650897747,1.535404176302036,0.45784189459409974,1.3590530009531765,2.291534791251324,0.004441195571828871
sdxl_0085.png,sdxl_3d,False,True,False,weakest family supports only 7.1% of line length,542,2.5775230902347346,1.6311318961981025,,2.975882349858912,91.40544018709824,0.739807868006011
sdxl_0086.png,sdxl_3d,False,True,False,worst VP localised to 5.91 deg,84,44.45235264723374,32.610248347735826,0.8535874913087428,1547.0224767871885,39.06887689381272,30.105443156634642
sdxl_0087.png,sdxl_3d,True,True,True,,349,0.5031965279554669,0.302363031684081,,0.28275706419246044,45.00494455195118,0.7630287521173642
sdxl_0088.png,sdxl_3d,False,True,False,weakest family supports only 7.1% of line length; two VPs separated by only 3.2 deg; VP separation only 3.5x its uncerta,671,66.61637929850009,39.165609848764184,,14.155757364615717,2.8629903911327874,53.97642453825814
sdxl_0089.png,sdxl_3d,True,True,True,,263,65.36796956482792,39.041304827866426,0.22114273188304973,10.208978542605763,85.61115990336988,1.6612667769513791
sdxl_0090.png,sdxl_3d,False,True,False,fewer than three VP families,236,0.5778889483936211,0.5778889483936211,,,151.92739843977816,0.5778889483936211
sdxl_0091.png,sdxl_3d,True,True,True,,728,1.7995181439852104,1.4141274640710222,,1.7661175979062198,26.584771756211907,1.3584554689146273
sdxl_0092.png,sdxl_3d,False,True,False,weakest family supports only 2.3% of line length,541,1.410472293102771,1.0441862094015806,0.7085947255133498,1.211548170901604,6.645972243342231,0.044065861904257986
sdxl_0093.png,sdxl_3d,False,True,False,worst VP localised to 1.40 deg,373,2.548778760094919,1.7679894123901947,0.2613790182452212,0.10439372575198246,51.95715180623844,2.493924128094548
sdxl_0094.png,sdxl_3d,False,True,False,weakest family supports only 3.3% of line length; worst VP localised to 2.45 deg; two VPs separated by only 4.5 deg; VP ,542,50.270232165131134,31.285076437912796,,48.11093763192891,2.685130910135262,0.3181235092435628
sdxl_0095.png,sdxl_3d,True,True,True,,181,6.420061841715906,4.218452042635655,0.5585350602969225,0.4976829592775809,63.03666569933031,6.4085462518340535
sdxl_0096.png,sdxl_3d,False,True,False,weakest family supports only 4.4% of line length; two VPs separated by only 3.4 deg; VP separation only 3.9x its uncerta,790,62.143527142550184,36.588887078510446,0.2952563432580445,40.683788687833996,2.291534791251324,38.63317960651
sdxl_0097.png,sdxl_3d,False,True,False,worst VP localised to 1.41 deg,99,1.1977897028229734,0.9382919203250876,0.6587027651564353,13.766003530075297,96.80362051490302,1.0994112137166496
sdxl_0098.png,sdxl_3d,True,True,True,,296,0.7937288887728755,0.5048968003614417,0.342572819726871,0.43630814285721603,18.19457687201552,0.197632473151657
sdxl_0099.png,sdxl_3d,False,True,False,worst VP localised to 1.70 deg,251,6.335266191403491,5.112745620717508,0.9166398576536209,4.288877278214027,99.68041688935841,3.1586082840514393
sdxl_0100.png,sdxl_3d,False,True,False,weakest family supports only 4.4% of line length,644,4.68858956637618,2.7355763260697263,0.16353387299024558,19.691223231550637,3.812105559024251,4.638868273189686
sdxl_0101.png,sdxl_3d,True,True,True,,182,0.318691013670346,0.19822770787320254,1.214430678217536,5.387042278316821,17.290108185765902,0.3323515758425373
sdxl_0102.png,sdxl_3d,False,True,False,weakest family supports only 2.9% of line length; worst VP localised to 4.01 deg; two VPs separated by only 8.6 deg; VP ,252,33.53648841210768,19.762074467741613,,3.363297135187919,2.3010526075216706,0.11732423394377633
sdxl_0103.png,sdxl_3d,True,True,True,,255,0.8512237590367988,0.628215962170994,,0.011648947404262306,67.39333579280778,0.7752173316901434
sdxl_0104.png,sdxl_3d,False,True,False,weakest family supports only 7.9% of line length; worst VP localised to 1.12 deg,473,7.765828390813539,5.213213263195433,0.3756845823187526,2.5218058551817966,5.962121217659268,5.622169911196522
sdxl_0105.png,sdxl_3d,False,True,False,worst VP localised to 1.08 deg,109,6.043513579249648,3.7777812261049295,0.7415319333061288,14.446769867024727,66.29856220892417,3.234299006004406
sdxl_0106.png,sdxl_3d,False,True,False,worst VP localised to 1.13 deg,242,2.5039728529411036,1.462145926071996,,0.9428678166022657,16.961162306403565,2.4896307015930432
sdxl_0107.png,sdxl_3d,True,True,True,,454,0.7046526403475326,0.40757632865332377,0.31839515648061584,0.22694957977247285,52.971214740997155,0.7420175988163606
sdxl_0108.png,sdxl_3d,False,True,False,weakest family supports only 5.9% of line length; two VPs separated by only 1.3 deg,574,89.32404379095988,51.57199684285136,0.04597583629634718,461.5701397251451,20.435269283091174,88.5423373335413
sdxl_0109.png,sdxl_3d,True,True,True,,408,5.747623663551423,4.275904908308356,0.47979593514616803,1.5426390073667826,63.96781371540377,4.510798737244286
sdxl_0110.png,sdxl_3d,True,True,True,,572,41.54237664669045,27.12642264540763,0.19557528431500676,40.71452759625715,6.500084406428608,10.316453636562088
sdxl_0111.png,sdxl_3d,True,True,True,,189,2.0741447538375297,1.5411148506048629,,0.3536006009512485,63.79506924060718,2.194121783523883
sdxl_0112.png,sdxl_3d,False,True,False,two VPs separated by only 2.1 deg; VP separation only 2.9x its uncertainty,680,78.75554230140752,45.47235086162377,0.8193541905201321,490.8848295192394,2.291534791251324,78.75554230140752
sdxl_0113.png,sdxl_3d,False,True,False,worst VP localised to 1.26 deg,113,4.388418261783556,3.273600764606075,0.1737011804246795,0.17845995248720495,35.26155963407436,4.159617390062607
sdxl_0114.png,sdxl_3d,False,True,False,weakest family supports only 7.9% of line length,232,45.557178397776674,27.35634303044797,0.24781384142467122,25.31730337432433,52.11571837124102,2.142364893499064
sdxl_0115.png,sdxl_3d,True,True,True,,81,0.5002833700741434,0.2954206909653905,0.4849091315555585,1.8612710917151634,88.36594741264562,0.5686213950219781
sdxl_0116.png,sdxl_3d,False,True,False,weakest family supports only 2.7% of line length; worst VP localised to 1.10 deg,489,4.709792319105745,3.4898863975518615,0.6136877461860595,6.629906385769604,3.1786527691421504,0.4587674079958788
sdxl_0117.png,sdxl_3d,True,True,True,,527,0.618907855821135,0.43845275393673183,,8.302567507589643,16.42553695843547,0.8023503257752651
sdxl_0118.png,sdxl_3d,False,True,False,worst VP localised to 1.78 deg,154,3.481790404010951,2.0102922682139877,0.009482786268679917,4.872404003367652,19.870116135870767,0.6164625554940386
sdxl_0119.png,sdxl_3d,True,True,True,,84,7.745821869396124,5.15951759376802,,0.11647823898314041,56.23357204674248,7.745821869396124
