path,n_segments,n_vps,l2_rms_deg,l2_mean_deg,n_outliers,l2_unexplained_frac,l2_capped_mean_deg,f_fit,hfov_deg,ortho_err_max_deg,ortho_err_rms_deg,f_spread,orthocenter_offset,n_negative_f2,n_reliable_vps,loc_index,loc_rho_near,loc_rho_far,reg_n_windows,reg_rot_pairwise_deg,reg_rot_adjacent_deg,reg_logf_pairwise,reg_radius_rot_deg,reg_radius_logf,vp_std_max_deg,ortho_err_max_boot_std,ortho_err_max_boot_p95,f_boot_cv,set,k1,loc_index_undist
P1020171,532,3,0.8101928525730282,0.6308548926470714,157,0.20680104245983078,1.7034860642045646,531.3665819478615,62.11444974038718,5.3347395934247,4.133841280390403,0.16071240613913051,0.10978288412244629,0,2,0.34187297989094245,0.09295366922720494,-0.24891931066373751,8,6.4014752351970134,9.03121804808144,0.26645517525169593,10.370162594374632,0.44211191975905173,1.015950392484064,0.383499904261085,5.673791469384733,0.015189951490399879,real,0.006249999999999999,0.30395254158475293
P1020177,349,3,0.6741444171877519,0.4999917206706108,51,0.1071794306234873,1.097966197147109,670.0507642069502,51.05601964687235,1.0544933678497586,0.6760020651902672,0.02427665514767572,0.033560378215488226,0,3,-0.13675866500687206,-0.11779659420417521,0.01896207080269685,9,2.14995791106913,1.678292718426881,0.10153827217426104,2.657004165530824,0.11301635994203485,0.17170434467780557,0.12038814325944139,1.3119509188253762,0.002849051773515361,real,0.11249999999999998,-0.08202966197744344
P1020822,386,3,0.8371249867802433,0.6282800553579068,111,0.1663268941407295,1.2592081991036292,706.5667039857672,48.73099796670388,1.0694147292017817,0.6254175392938329,0.0844592549949722,0.16146866000961413,0,3,0.1653670053783498,0.034265999380385326,-0.13110100599796448,7,6.593079785575172,6.272686295634923,0.18618451696353056,4.787980359107157,0.1632677581312887,0.6239126057720499,0.2756606214064799,1.5919784745694208,0.008875343099789988,real,0.03124999999999999,0.16597080234146322
P1020826,170,3,0.7043273626305878,0.5456894894245584,40,0.1352580083494792,1.0819220407871089,691.2002759969388,49.684760766316515,0.22279664013728961,0.14514656833577788,0.14396622357899444,0.024452321961620917,0,2,-0.08190527148476712,-0.02147048895274417,0.060434782532022946,5,10.821574533828205,12.32534139974618,0.3276618377720748,10.10361923093686,0.40575624099447616,1.1536139962494358,0.21559408732116098,0.7072925388191507,0.027171567708387887,real,0.08124999999999999,-0.13087134763417185
P1020828,159,3,0.7619273650834869,0.5617626397947998,38,0.09737283452479205,0.8580836994249161,674.2196343691494,50.780162728875396,0.12401846404276284,0.09871980313127361,0.04195905218869501,0.06864047949310571,0,3,-0.007789565097960693,-0.02808959102305164,-0.020300025925090948,3,9.903979308500888,9.903979308500888,0.4231672554221504,6.464319573584245,0.31566317035633373,0.42654629543128936,0.19581647090995413,0.6348107297389258,0.008739746547822537,real,0.018749999999999992,-0.0421980849744813
P1020829,422,3,0.7025787641596197,0.5469288596279108,87,0.13099090875640512,1.1849063848495416,2133.6890429398813,17.058728713381964,72.04818171997834,42.40613044924482,0.7794073009501935,1271.2306391255902,1,2,-0.3467551100552383,-0.05503757918348873,0.29171753087174956,5,6.0216793320658,5.817086511700127,0.2591731207236543,7.7153304354942085,0.33766861816692995,1.283056950097262,0.5882275717099353,73.22088987184287,0.04795306210393371,real,0.175,-0.36692250616007516
P1020830,349,3,0.7704165222334007,0.6145897925820962,71,0.11738654844072571,1.06028889515751,705.1079918119409,48.82005794460725,0.7872560101469475,0.5448951814226638,0.1306444141327945,0.06353364547002371,0,3,0.2653439613336792,-0.02474554425606934,-0.29008950558974855,7,2.240344064015259,4.414589685605802,0.2805174875654881,5.210722894410306,0.34127919134743,0.3432356257056137,0.24814065439239608,1.283101161259949,0.007234454505680349,real,-0.006249999999999999,0.26210850353326354
P1020833,160,3,0.6280632607428323,0.44057300409349637,22,0.04135006544380743,0.5130794104040146,653.9742636776965,52.14647584217852,0.8492707493099942,0.4943869515672992,,1.0731244819768504,2,3,-0.530588141034782,-0.20530497311837292,0.3252831679164091,3,6.770410893327767,2.51507632922924,0.8305651002263659,4.230127581858565,0.7696259281165938,0.692236311873341,0.193664404258682,1.1786907181472408,0.019159717003890242,real,0.03749999999999999,-0.5067611220793841
P1020838,234,3,0.8547521222422934,0.6771237966576813,62,0.12663914799628115,1.1847773750647947,677.9739804101483,50.53410697102158,0.6027877748836374,0.5041385454876643,0.03237158527767664,0.027172744084760156,0,3,-0.17015855592317963,-0.07127731914502444,0.09888123677815519,6,5.135929543754006,6.585337664880892,0.11223758074810153,4.9053383387189395,0.16103138932945127,0.5138786257437794,0.33693850099051964,1.4384352912797622,0.006338542823158806,real,0.08124999999999999,-0.05767064929579835
P1020841,404,3,0.7694245935986023,0.5831971196531467,132,0.21770195222621747,1.7143671638495286,693.2101160692192,49.558030866072784,0.842664880622749,0.5612459778853863,0.04169768201126344,0.01767349899833489,0,3,0.31329446851463205,0.13310896882959333,-0.18018549968503872,9,3.3148962391534154,2.8158011842386435,0.0423329089898572,4.1882585674596,0.16076652752845044,0.35873141282237747,0.2720369816814941,1.3325847694953217,0.005465079020480092,real,0.03124999999999999,0.3256605943513917
P1020845,338,3,0.729099864151774,0.555504952897294,74,0.17009761349936542,1.504616864186313,693.8226536045811,49.519527826546074,0.43135658520002096,0.2909329473829306,0.08447975790221679,0.14687028666688023,0,3,0.6830153106945804,0.10823987742309682,-0.5747754332714836,9,4.5186191901808535,2.964570627370728,0.15979125843308095,5.32945981732475,0.2330885341063076,0.42433655895057565,0.12813952461390393,0.6770203981078878,0.009865756010692742,real,0.018749999999999992,0.5723658480810353
P1020854,237,3,0.7800358854847048,0.5803590773822505,75,0.15036493939030499,1.3014166784922936,689.1294774959806,49.81597075574382,0.8601079971290915,0.6301366954072835,,0.019156432104121324,2,3,0.0953024599257487,0.05440128270332811,-0.04090117722242059,5,2.24049113066852,2.0252077707910137,0.10809058065549015,2.713892468415998,0.2799796104286698,0.5622794142163443,0.4502146116610533,1.6530793394829166,0.007730707475587975,real,0.09374999999999997,0.2568145458863723
P1020856,326,3,0.7136815111584772,0.5778113525475019,43,0.08726931550425207,0.9560815272512874,1619.6120308927311,22.352894994348986,86.32068364057088,49.845267858136516,0.29284348119883097,21.254513269925997,1,2,-0.125839620622758,0.03332805392340121,0.1591676745461592,3,10.228488036532923,9.569266208993152,0.44613980595955294,7.607402996205574,0.38096835413567254,1.1722940226568657,0.7587485279104301,87.17358696829402,0.08301701484897551,real,0.175,-0.15354013694918411
P1020860,393,3,0.6472006012287975,0.468332920039277,40,0.04097271429329422,0.46230645072771365,698.8523560456131,49.20547775298833,0.3297764178763316,0.23568955503827355,0.18167672611324662,0.022636330859729353,0,3,0.5309231688860278,0.052269392996531105,-0.47865377588949665,8,2.0713862974741133,2.1023445168151946,0.04633130311523548,1.9468697107637742,0.06153428828224916,0.32500972122794497,0.20726832195745756,0.6583897863414212,0.0037822244149557263,real,0.08124999999999999,0.2438754125397189
P1020861,315,3,0.836276725422226,0.6720344107040371,87,0.22680254985020784,1.8647783053460827,724.04793912719,47.686992665055364,1.7911504830329363,1.250249598648595,0.19040277091185384,0.17376267155091152,0,3,0.08810752887719231,0.0552367289302057,-0.032870799946986606,6,14.081210739218406,12.068589094973357,0.5197765273232591,12.090435258023613,0.5311494177623506,0.5088167823281677,0.46977025175908527,2.5882104401116175,0.010493239362750146,real,0.04374999999999998,0.04577937480950278
P1020871,354,3,0.7765247121969184,0.597707283008272,109,0.2140446963317306,1.9493636372165088,80.00030247605346,151.92741111945637,68.27049704389529,41.03243224823219,,67.98619985224778,2,3,0.19853986231777654,-0.0751710741604128,-0.27371093647818934,5,13.993754475322106,13.262777776813813,1.9621700799250879,8.468600751539412,1.4605507257809425,0.2031547653588269,0.17264473986347253,68.53832281127663,8.171504453745699e-08,real,0.0,0.19853982335084974
P1020872,228,3,0.7172189361440832,0.5475133448409796,54,0.13073661672712128,1.0727725788930285,703.5091058262246,48.91802774043498,0.6902984056586661,0.5474548439329016,0.07749420937484333,0.030099134043909098,0,3,-0.1948852420916949,0.04077310920825927,0.23565835129995416,9,5.609434649215727,4.410444216406816,0.1924844457760213,9.637303473717816,0.30322892188076933,0.7179182633033756,0.18396547967677196,0.9439426671468936,0.014683091025812866,real,0.11249999999999998,-0.26119592078838705
P1020887,374,3,0.96822830096913,0.8056518728105999,118,0.22183135093161563,1.7283911890556691,920.4433311821314,38.340889514739644,14.475914500688475,9.975479459437608,0.3869049740814586,1.1236105981069826,0,3,0.41460028623560874,0.352299113976165,-0.06230117225944376,5,3.858661383134298,3.141696121373113,0.026608873192251803,6.578916703187884,0.02473404177878713,0.715444446770583,0.6771961124501269,15.388081644440854,0.007797225104760338,real,0.175,0.45270339953542016
P1020912,413,3,0.7751755573887825,0.5961069989910872,122,0.2186760721247129,1.8494918147544466,1059.2595051161616,33.61890573513597,65.07169044772414,39.00602138858853,0.37828153114533386,2916.5134224317007,1,3,0.0317835167786269,-0.03775010119870026,-0.06953361797732716,7,9.165950156975502,5.566012556500854,0.7290542506202238,9.151515696093421,0.9293099941781162,0.3349449272129472,0.2714944142307455,65.46975998581148,0.010309665274632894,real,0.16874999999999998,-0.04838030601905685
P1020928,329,3,0.8090644923961288,0.6015657558818118,88,0.15055349814269084,1.308053847109365,703.2693947087226,48.932747566308485,0.9255546027403057,0.5722053892848517,0.031413481054205994,0.06258774118735351,0,3,-0.09178128817787778,-0.0612763465786037,0.030504941599274082,6,1.7431934879362043,1.4422206301054934,0.07440259649764158,2.2033822636252167,0.08015302437717287,0.45845111961452495,0.12854984168707784,1.0771921832852007,0.00828750673645005,real,0.04999999999999999,-0.12962782344787538
P1040779,450,3,0.863865821556137,0.676774512667936,139,0.23823685943186146,2.1071544261818516,374.05888435759914,81.09267155574287,5.680878947172147,3.555126546495065,0.4653558207732412,0.8611990543505017,0,3,1.6486007530172044,0.41495079100947874,-1.2336499620077257,4,10.816938371616416,10.48960653533089,0.7630200128357374,7.070336619602184,0.45750957985231633,0.6669451328983316,0.2012364982965134,5.8757286220332,0.012351415530426565,real,0.02499999999999999,1.6275808668794716
P1040783,338,3,0.8768282181407441,0.7139654100367228,105,0.21902316020509144,1.6008452165351685,627.6986209543103,54.024864333775845,1.5709633950640836,1.0869451048425298,0.10574703940848998,0.055129652510148335,0,3,0.08103429504149462,-0.030938370952537486,-0.1119726659940321,8,7.13696144798735,7.3332450798953435,0.23667947746029494,7.347737010164181,0.6257927314490006,0.5292546341443408,0.21804809205340914,1.9211433094223933,0.009464490665197407,real,0.03749999999999999,0.18273326490544228
P1040788,340,3,0.8044391244968143,0.6187781477795533,60,0.08382921135218192,0.8282837036837754,644.7589885936727,52.79128145196315,1.170013360437423,0.6919371371361108,0.20482871325939153,0.05042062318152765,0,3,0.3765245936559848,0.11076157934255815,-0.26576301431342664,9,2.658717016017243,2.658717016017243,0.24681727875771786,3.4545793930683626,1.2939374012722924,0.40446128636551454,0.378392720081541,1.8136094175870923,0.01683797725553777,real,-0.012499999999999999,0.3930146309906536
P1040795,437,3,0.8138582387733917,0.6440694951779922,170,0.2940980793486989,2.3339213174896787,1359.8759218068967,26.483370902970613,6.871134725265804,4.5120123921311235,0.3870872070294378,0.3157176423253984,1,2,-0.06114705822074107,-0.013071107475429056,0.04807595074531201,5,10.879934861236421,9.657887745936558,0.4111357160363225,9.946603971948543,0.41171655451663414,1.2974616460935169,0.3101529649301175,7.36408638576138,0.024380227551067776,real,0.02499999999999999,-0.06819266182017913
P1040798,338,3,0.71212649945746,0.5354508944056541,75,0.14797935151354594,1.2847039686010109,656.838524374316,51.94903389534108,0.511113896610226,0.2981099511776409,,0.06646270342454469,2,3,0.7828425895855244,0.2826225554082822,-0.5002200341772423,8,8.93394654573019,8.916995548173578,1.2857159858146212,12.046455070198652,2.004898588889291,0.374390558670807,0.24921886446815075,0.9325743906467607,0.042260693461925895,real,-0.043750000000000004,0.7490389734760511
P1040801,526,3,0.8367641842570088,0.6540509884544927,179,0.22552081307138308,1.7859950281993164,451.33750704322085,70.67357008837487,3.4144450504939527,2.749554321268112,0.3483334700260133,0.3029563408704914,0,2,-0.05430477783861931,-0.05299793910417416,0.0013068387344451482,6,2.4076572655604727,1.9616102966194395,0.22088026119680748,4.044762375805704,0.25653427646563953,0.5580226558297117,0.26119789995638615,3.7880442143972783,0.02107897651526418,real,0.012499999999999994,-0.13361504025429094
P1040811,162,3,0.7652979927649483,0.6076832380524305,41,0.15467488342844832,1.2625233925102388,682.0197168809971,50.27143653786523,0.2975312493463633,0.18065995222242318,0.12126092960816723,0.07887334868782257,0,2,-0.49257697493245967,-0.15451730285052512,0.33805967208193455,6,2.83722149281481,2.728555185507869,0.2573607931212001,3.216831070991955,0.2887959450664681,1.5401660833319881,0.18229928339947055,0.6998058134110579,0.08127104314249914,real,-0.05625,-0.5247608249789165
P1040812,479,3,0.8626852007492455,0.6737262395680078,151,0.16995044949707186,1.1225820840008254,731.8169156646057,47.236423737288405,1.1793138489959603,0.7006273516591127,0.1459246924333819,0.0686932295791064,0,3,0.07579729395233104,0.09410493960819688,0.018307645655865845,9,3.1168912320514464,3.034809496041274,0.11870154591556226,3.642416061240158,0.22876069876119143,0.3458056732685756,0.3390258258992709,1.7597002074135997,0.00643844853367236,real,0.05624999999999998,0.07233749431294167
P1040813,433,3,0.8706044749597449,0.6937366863359714,134,0.20453184396003915,1.4333243869121444,687.2820008871748,49.933579361111654,1.318573372435381,1.0564938519981628,0.23078376385667607,0.028035513245738216,0,3,0.2468735804795118,0.05056340924240044,-0.19631017123711136,7,6.429609052367815,5.582654467538544,0.14873304617973027,5.894517685834735,0.19708351828822002,0.5916109988311447,0.3866654919072566,2.1025608185130022,0.006665271849670911,real,0.08124999999999999,0.07140112813396793
P1040814,270,3,0.7559472403628246,0.5980594246285936,66,0.15212601497044836,1.2059426623448661,680.9402760272762,50.34126947409223,0.17381264675053387,0.12315558639299272,0.03311852714094875,0.06664048384251164,0,3,0.043707919546516205,0.12335637558028834,0.07964845603377213,6,2.1920627005956526,1.9178488043196806,0.07378519458412214,2.8172505220103887,0.1356767683506721,0.44415579945216754,0.17896141265592216,0.6717342995330746,0.00705841386726918,real,0.04999999999999999,-0.01935719221471377
P1040815,491,3,0.7015987329794289,0.5418918720441667,125,0.1862716874424366,1.7934821013962339,15999.936340785378,2.291534791251324,42.738015960118695,33.17018869578182,0.9580628855681113,2174.9586511328266,1,1,0.5005609424117519,0.17257236977558277,-0.3279885726361691,5,9.0138917876884,7.334211126254908,1.1581541190091023,8.873877643007031,1.1615862278457243,15.15463595192152,17.472323247990694,84.9179175426784,0.497589680632433,real,0.175,0.5002518852556999
P1040817,372,3,0.8965999746926259,0.7233955593272344,97,0.22467857335377237,1.6975660326983948,810.1426540669282,43.10726308182327,0.2980141152394964,0.2511207465291189,0.11881520421546447,0.07447514277789828,0,3,1.5360843982949506,0.3839131657725532,-1.1521712325223974,7,9.398169710007542,10.2975195140125,0.7831379101555269,9.14431106967546,1.5701802104248972,0.5271231618755446,0.3014799902418188,1.0107598650958065,0.02682520422342664,real,-0.1125,1.312936368517167
P1040818,361,3,0.8907318565678092,0.7195673250973996,139,0.31890649568767804,2.457397832770875,1088.9107831048095,32.753133289522715,72.19782588567253,41.73383220138515,0.37949323314647737,1.8942950845332118,1,2,0.1763143094366325,0.08838261690936056,-0.08793169252727195,5,9.046457257449646,9.180966991914147,0.38987209421469693,5.704109935704634,0.38987209421469693,1.1056756331995587,0.8919144942552673,74.13735567474424,0.04325122311992411,real,0.175,0.02066646294452501
P1040819,338,3,0.7388120170063677,0.576983995892171,106,0.24659368289120662,1.789974360636478,685.3674684921086,50.05600619765039,0.6554605052490103,0.431508809065715,0.020954099801936455,0.020114807035836856,0,3,0.008942877125923232,-0.020909533937172098,-0.02985241106309533,6,3.832841201479084,13.387321666125624,0.10281765975422452,8.13423456999955,0.2573803655956062,0.279130596138357,0.23853139759509903,1.0500693786258701,0.005199925495308825,real,0.04374999999999998,-0.019817189796739187
P1040822,190,3,0.9927389976193165,0.8421925763025047,53,0.1644606870627005,1.4082821947497561,868.4882994249922,40.45327685291287,1.3160956674225162,0.9164186327710535,0.2123255175755279,0.4500479855635339,0,2,0.22421938264364027,-0.10818588950177443,-0.3324052721454147,5,9.503993137381629,10.39321409952487,0.3000799449191067,10.406722864231146,0.3686220256651036,1.0313424500228954,0.616119774016526,2.34423240276384,0.019507441164828058,real,0.175,0.18666836663810482
P1040823,256,3,0.7291665859920997,0.5705236725449956,48,0.13269303803133548,0.9713757778490628,1475.4632512637688,24.473707858531,13.340752059217053,9.493861789215986,0.383414492623678,0.7036068596519633,1,2,0.781410688017478,0.28597080790892426,-0.4954398801085538,0,,,,,,1.963015857311294,0.4985372915112887,13.897619900916112,0.02526971611914585,real,0.012499999999999994,0.7746343539090291
P1040825,241,3,0.7607782755876995,0.5739135574099643,41,0.10287593248821099,0.8418109455117793,656.1759291437418,51.99458475223751,0.1747235050311957,0.11430921042412713,0.021059939399454893,0.010383784624070943,0,3,0.015381746217000503,0.14259049437932492,0.12720874816232441,6,4.844621381151629,2.805691002722095,0.2781160875657305,5.680944383911662,1.4336698094637135,0.6241233185671174,0.22197232307388506,0.8208787848589458,0.01992266409056441,real,0.175,-0.004498733615964645
P1040826,189,3,0.716112880061669,0.5424587821100182,29,0.06598018738622113,0.6679267926219712,424.0861431304426,74.07375653412333,0.9989952661707378,0.618390861660797,0.27213197124994354,0.059548041347135684,0,3,-0.019566206433618616,-0.07685509418702607,-0.05728888775340746,5,2.4398450115688135,2.1080593228964633,1.4339892034213726,3.3520990611085475,1.1136882145117801,0.6270060747483119,0.3185326680777035,1.5342854582565153,0.058487166696867335,real,0.02499999999999999,-0.08989450213212391
P1040829,378,3,0.8594315838843858,0.6825874985186887,117,0.18701789297866386,1.501958362776373,716.7472491266316,48.11783822039517,0.35978804152108523,0.26454384489935345,0.08835327324230847,0.16144921637604032,0,3,0.14304246379752328,0.03284093631714036,-0.11020152748038292,8,3.410762381913749,2.4072606447639915,0.04889725466428585,3.2064440737494238,0.07419613681289494,0.4373608834722558,0.15978074535286046,0.7587736720222793,0.010380732339765131,real,0.062499999999999986,0.031185763663316157
P1040833,631,3,0.8734458629703125,0.7067585347992963,154,0.17943845436764722,1.6425343120174278,469.4544059374471,68.55999744211388,0.6440996214185617,0.5055674707424077,0.12984031911060512,0.16403027873746578,1,3,0.12123619556017973,0.052795192479134556,-0.06844100308104517,8,2.668445804594549,2.626678783619526,1.0274378914486415,2.9690563936758214,1.6637552691577793,0.4497306008925124,0.22579601909010066,0.8507279536738223,0.0591039827512493,real,0.07499999999999998,0.04918004940108989
P1040839,550,3,0.6160751931016258,0.4478686291908961,86,0.07606968860410186,0.7652341614605639,661.7976061650434,51.61046100487531,0.45716630740473363,0.2745149763675426,0.1682830392040179,0.006892407755579814,0,3,0.15786103143107655,0.14291553866332485,-0.0149454927677517,9,2.32458687921335,2.1748305300229074,0.1192282520201422,4.693787941890291,0.20175045442365303,0.3525684620060754,0.27304684006667873,1.057541182595276,0.00964994314900202,real,0.05624999999999998,0.12402771190998074
P1040843,389,3,0.8107523002629042,0.6355088107851699,99,0.1756157371893462,1.2689191773974438,639.0070040526646,53.2013088257444,0.38971842098534637,0.2508087554604999,0.20662416168790876,0.11999547526221574,0,3,-0.15619175263192242,-0.06948183873012836,0.08670991390179406,8,5.256486162208153,4.9803406216247215,0.4700394644896124,5.799269584679564,1.0975067553861133,0.4943341341784773,0.1659457978937014,0.605299438194678,0.03273829694742878,real,0.11874999999999997,-0.06613782946745728
P1040845,427,3,0.665720225224835,0.4720414502866205,88,0.11963124588062288,1.0055595861103335,687.9168512902485,49.89310681802923,0.026632166191546958,0.02061338763402238,0.015816605627691542,0.007663340274838853,0,3,0.31476737186807113,0.14040600706089645,-0.17436136480717468,9,1.8441891927069256,1.7955734556988618,0.09764713192098862,4.153933509450636,0.19050783121647852,0.175214196856781,0.06494478333166895,0.2278519556868371,0.004646045889142665,real,0.07499999999999998,0.3502592838378975
P1040850,395,3,0.7535136192676228,0.5779793931698016,47,0.07010498828770483,0.7204712322340798,687.5213739961074,49.91831179735208,0.8034388892816651,0.497581517610783,0.12087868740940627,0.015865555424808633,0,3,0.3546516910528489,0.0928624457929822,-0.2617892452598667,8,2.968155039282574,3.300610876857456,0.1334874314983603,4.008101105961288,0.9556906528072453,0.3374786268128095,0.20518309334317938,1.1407487686583144,0.00847939412292729,real,0.04999999999999999,0.33297531609144504
P1040853,308,3,0.7721853951351404,0.5876347915529652,40,0.06524763468714431,0.6548200893509808,756.1132072423006,45.87781960192907,0.8378603864091332,0.5295405941037588,0.22623892485948627,0.12075647480279232,1,3,-0.1293898351604944,-0.03382073679406861,0.0955690983664258,8,3.107936266609662,2.5283410109681244,0.18462393985791836,3.171384715690781,0.193949728184589,0.5758226156768927,0.19223578301494498,1.098897148815967,0.024728062726669935,real,0.062499999999999986,-0.18857253296439846
P1040854,621,3,0.9125571626956539,0.7279548177894523,290,0.3674008961390922,3.222298592884437,636.5770236113675,53.376308047823045,0.6745174641802549,0.4948620901820075,0.09666087863098045,0.06635882083184919,0,3,0.03982992256896167,0.13985823856896784,0.10002831600000617,2,13.467706688108315,,0.4380599084604597,6.733853344054178,0.21902995423022986,0.38489599085657356,0.2574543278971445,1.2258431470713935,0.005774091874041403,real,0.062499999999999986,-0.01886770849292263
P1040855,478,3,0.8472828437625325,0.6838615603009218,182,0.3415575072393704,2.134535582526359,752.9613372836731,46.049879514492346,0.4754429796117705,0.3263423605010959,0.30631915319666764,0.21504685328635695,0,3,-0.10727655762489208,-0.09315986790671382,0.014116689718178255,6,4.559718302529009,3.6691953184364867,0.12027439008073504,4.500201128005267,0.3495898109160689,0.4360783001070106,0.24926289333754842,1.0455910373466757,0.03394952532704387,real,-0.175,0.09821183742595241
P1040856,513,3,0.803243237063434,0.6239677147525712,166,0.23643588859747436,2.183028894837409,691.4100638748221,49.67150428365727,0.44913309413112756,0.3706165786723796,0.08974794206535616,0.0556422362234433,0,3,0.05498216538010492,0.06312296483699509,0.008140799456890169,3,6.6285822963989265,6.72262026360149,0.3292432892186259,3.363489271691653,0.1701867199229925,0.4268638903044062,0.21844834927338028,0.8926569447906096,0.015571735510428916,real,0.08749999999999998,0.07247878639539707
P1040860,464,3,0.9074820695362661,0.7108063462958483,176,0.2683684421031902,1.9724547820730967,710.6365906392396,48.48412177346616,0.39587222670442657,0.23373089279379647,0.354426022909767,0.2831733750029216,0,3,0.351152675634394,0.09644863497814071,-0.2547040406562533,7,9.927857919810739,9.228918011455761,0.634191048719976,13.211511369032827,1.687044589908318,0.37057887399549994,0.1710639387050458,0.732441531364462,0.014609763700651694,real,0.012499999999999994,0.35503590692822695
P1040862,227,3,0.8539902317157787,0.697790213436824,94,0.28610800760575456,1.9771445517822608,725.9858326927191,47.573846673829074,0.9946685687088035,0.7867028871286887,,0.24480814010178847,2,3,0.23461576296418674,-0.02514441976165349,-0.2597601827258402,2,7.447299171002585,7.447299171002585,0.039262965367383273,3.723649585501359,0.019631482683691637,0.5165428256819542,0.3801379930454844,1.7855580544512772,0.008814905046421136,real,0.08124999999999999,0.33479599113772407
P1040863,388,3,0.7422488252057188,0.570380516856638,111,0.18092080862242146,1.5616985201103493,764.7494847260219,45.412543083524206,0.6601472066489436,0.4145636713208912,,0.19245709071060235,2,3,0.6443332570426256,0.3240020068717412,-0.3203312501708844,8,3.7599952249274526,2.514721579467368,0.26502110333140605,8.94016923847636,1.483849454647336,0.5303539382910188,0.22719162609980076,1.0442691914005753,0.020259398290698668,real,-0.15625,0.6496080182516376
P1040870,336,3,0.9078665098377801,0.7359008494632573,142,0.29813724426825094,2.268717999817971,672.4424538271645,50.897418938820195,1.1210005565613557,0.6604154167701484,0.07865891409250214,0.09545141813935207,0,3,-0.10746488657881581,0.0001797998273439516,0.10764468640615976,8,4.9669809495348325,3.8810162648712767,0.23975396345865585,5.379035139434801,0.33628572322105255,0.6536044083421744,0.47270914951522025,1.8918858805087344,0.00981140167088069,real,0.1375,-0.07270876993821129
P1020816,363,3,0.7882462336495527,0.628487245980143,109,0.21099613087855923,1.8550775904714851,669.571576682072,51.087907075387676,0.47969185819309246,0.27838163513749037,0.0638491944959752,0.08225208004814161,0,3,0.19680392649973466,0.06469073218349031,-0.13211319431624435,8,6.6411842165457955,5.607352805334285,0.2825686542625192,7.520622668124069,0.5339611490535936,0.24557897410981777,0.1637643505345803,0.7631650118968548,0.005035281059790797,real,-0.01875000000000001,0.16836293819239145
P1020817,350,3,0.8038028472122279,0.638352582295888,89,0.18704794078853887,1.5574981248690254,669.7515051207371,51.07592942132567,0.6267439380313391,0.37120250205991256,0.1001322353165059,0.05809318877618758,0,3,0.7362188392767186,-0.025115245224380134,-0.7613340845010987,9,3.443983943703069,3.2376531291694146,0.1743252790414549,8.815880788749732,0.4187935803246252,0.3919870523149928,0.18458864761226967,0.8527178510069674,0.011186381363113486,real,-0.02500000000000001,0.7263976217530852
P1020819,344,3,0.8261459575734458,0.6418044488041381,68,0.12245862263367183,1.0327927240444872,669.8130331119106,51.07183476730629,1.2271688290362448,0.7511119733901879,0.09936545207743491,0.03460131730464801,0,3,0.16137508374237375,0.016263741529142672,-0.14511134221323108,8,6.790610731882241,6.0002200409501105,0.7408505231551858,11.211395444758246,1.4767968203810895,0.31565755670972595,0.2984901221475616,1.6265623916700098,0.005182436420547902,real,0.08124999999999999,0.16564059471839743
P1020824,152,3,0.7230205878325827,0.5506797075452127,18,0.06543021230755047,0.7030742379593764,698.9971556932567,49.196491902241895,0.5161789715466796,0.3720610188496705,0.209337310769885,0.01644488783052651,0,3,0.014499421365003817,-0.02913812859359699,-0.04363754995860081,4,3.180696614658079,2.7952387772139877,0.03432223663244205,2.110694579229122,0.030030844703396564,0.689303656746463,0.18410443506994684,0.8005026308438389,0.012335096562124148,real,0.08749999999999998,-0.0990197364169545
P1020825,122,3,0.6894465425772017,0.5160567466156668,17,0.10754451366339947,1.2572856676260884,695.3659253501073,49.42276857075033,1.3748314513178883,0.9037156144366589,,0.05194786164193919,2,3,0.7441214584284619,0.16954429617159095,-0.5745771622568709,2,2.369494522341251,2.369494522341251,0.03255290168640279,1.1847472611706442,0.016276450843201395,0.46191403673590126,0.2695501378252127,1.7841289064959254,0.012823041041542301,real,0.07499999999999998,0.5662579132463543
P1020831,561,3,0.6816469412407342,0.5223083454906282,75,0.09626772941522432,0.9581433359709379,689.2670319431917,49.80723491310799,0.5860667128353754,0.41857299813355214,0.29676792894985554,0.5147359731749348,0,3,-0.18222065551366662,-0.1017064493614801,0.08051420615218652,7,1.4474633622637403,1.1282131671931825,0.07847244479097526,1.5397873392262538,0.09790251544706852,0.29106768682904804,0.23375342688913847,0.9746941793874363,0.004881024241113612,real,0.05624999999999998,-0.18657318090139763
P1020839,195,3,0.6434329645396554,0.45052337851758545,24,0.03465395953104915,0.4306547370846877,629.8837378354272,53.863895412769466,0.8837037840241351,0.5402444681997063,0.2088131644512236,0.9492625005632037,1,3,0.37330625312247356,-0.054356546710963016,-0.4276627998334366,2,0.5463661807065248,0.5463661807065248,0.010788333437145248,0.27318309035330435,0.005394166718572624,0.8762763987847999,0.1722616415161838,1.101544348333627,0.0194922571294777,real,0.03124999999999999,0.38657674114415363
P1020847,400,3,0.7894503270048064,0.6226638893695974,56,0.08658944194796586,0.7759325265831034,653.0028506365109,52.21375552669361,0.42423904963011694,0.3175115585879925,0.08926452456143959,0.14156105948067177,0,3,0.36030001395915334,0.19331007697533653,-0.1669899369838168,8,3.5756832520424755,2.4467038804070134,0.0429951602136156,7.294923985230984,0.2982215562023032,0.3697309512938429,0.12834214086182782,0.763007316315236,0.006967319052068797,real,0.062499999999999986,0.37140301994202773
P1020848,608,3,0.6724781829005032,0.4976602646656195,88,0.12707350155341862,1.0934021710151158,1330.798996957294,27.04098297170207,51.41720924166377,30.625868296732516,0.21028093663568462,2.1524455252655423,1,2,0.6302147914662887,0.21902082439622628,-0.4111939670700624,2,1.069873464750509,1.069873464750509,0.07196172273659673,0.5349367323752586,0.03598086136829837,4.150103714143662,5.261334402133481,57.67468848931107,0.08343221741486079,real,0.175,0.6688014919787625
P1020867,279,3,0.8023025294930634,0.6131482135797454,72,0.18492157678814747,1.3204541223728583,687.9580153519639,49.890484675170676,0.20316272277565872,0.16400351644769798,0.04144090961823204,0.04110926363181622,0,3,-0.09696889129296782,-0.05012579909164572,0.0468430922013221,7,3.728353455139371,3.728353455139371,0.08758280612410285,4.000184141094722,0.09569963608794252,0.3782444151059272,0.11290711368475424,0.44821623299168317,0.008453544612105787,real,0.04999999999999999,-0.10337258876212962
P1030001,616,3,0.8472570379352216,0.6688560690437404,125,0.1592298912579128,1.175086518996011,693.5702039814971,49.535389576286924,0.8822881603104378,0.6138447178265393,0.0286628571739109,0.03395053078989411,0,3,0.007472262140272967,0.05714603285295472,0.04967377071268175,5,3.3038690943673776,2.999071256711387,0.13576831291422709,3.317140037344976,0.15411333353286016,0.18687927282292244,0.10362193599195109,1.024768649284546,0.0041327899201899386,real,0.08124999999999999,0.02614045385848862
P1030004,399,3,0.8852373669014615,0.7071182648581205,157,0.36456407674373786,2.60371818812307,717.488822386692,48.07374090224317,2.305068170786271,1.380315022207935,0.07235143443489347,0.15043578054498866,0,3,-0.10082233073285307,0.006514832378812008,0.10733716311166508,9,7.0438174642850955,5.17546256112059,0.22460405546599027,8.533765765119337,0.38993692698584637,0.3769690125150303,0.2798139241696962,2.72283419933572,0.007450638834351307,real,0.175,-0.053639979587634556
P1080005,647,3,0.8674392472616805,0.6959681389864046,141,0.15962891888304753,1.2023398046728722,690.7196780909943,49.71515471040641,1.3155437240937573,0.7753677890307022,0.056100143854080346,0.1090407834553932,0,3,0.0025998838715107775,0.066913157708412,0.06431327383690122,8,3.723868565116107,3.859409657234231,0.10899827940702567,4.461638945632354,0.1868145409580544,0.21144625034640757,0.15176883096414842,1.5742185319659399,0.004209703283409537,real,0.08749999999999998,0.09592511377969315
P1080008,759,3,0.8745263863296024,0.7168520054977251,180,0.20317119395295075,1.4300729489568123,675.1273482302519,50.720467290934195,0.5785911667598782,0.34750187297825474,0.018662805254349893,0.030738230940940282,0,3,0.5928722211740385,0.17616248079665708,-0.4167097403773814,8,5.645490313126102,5.464136535536005,0.292846220308987,7.398603860957998,0.4497108676233519,0.19688603612695693,0.09939347011649842,0.7380596708606304,0.004277406614154184,real,0.08749999999999998,0.5433216470841032
P1080011,391,3,0.861514158601597,0.6756328306898385,103,0.1723940672723343,1.306900123625452,686.9002676053074,49.95794495406821,0.6472214572614234,0.3878519796539016,0.02184159408851976,0.038182962315486256,0,3,-0.2225840033018972,-0.09792165475215153,0.12466234854974567,9,3.957027473069781,3.5079486506319317,0.043664670797010974,4.3101794124063595,0.09123882782289394,0.39172492168753537,0.1485804249438545,0.8423282747315489,0.00571318903934426,real,0.0,-0.22258402132020338
P1080015,542,3,0.8065975940147976,0.6337249112840189,79,0.07509919806285552,0.7791441223363778,666.6795786037827,51.281145837074455,0.23774204797310006,0.21438785238771946,0.032634543758969944,0.027695811248179505,0,2,-0.22220952015821027,-0.07654064375601854,0.14566887640219173,9,4.179056270822979,4.179056270822979,0.1405432533398594,5.207844953869191,0.18050277954951888,0.22755101153254367,0.10213429841783807,0.4083721736589411,0.008659549571796075,real,0.062499999999999986,-0.3037441300285404
P1080018,583,3,0.8632357958627717,0.6836921025188614,134,0.16710128723890796,1.2906356157519279,674.0716684001563,50.7899060897949,0.596288436293662,0.48750515588450116,0.025085462069575865,0.022618296077954462,0,3,0.4662347838931531,0.11319205434014568,-0.3530427295530074,8,3.195321159318804,2.5414588695960103,0.17680701689913736,3.6136728288332236,0.15887734938889952,0.2735274994467995,0.16631408457478197,0.858779941902049,0.005699160872645297,real,0.018749999999999992,0.438424039213994
P1080020,628,3,0.860685083986206,0.6960177740548612,109,0.11445514782923451,1.0120640295676517,640.0035783138782,53.12984607744854,0.4033657217073596,0.2601067295964467,0.04002396736962427,0.05383047707751109,0,2,-0.05681372227922332,0.08709465205934874,0.14390837433857206,9,4.834916032472052,4.0195449243555235,0.1663181125125326,8.854747218865311,0.4536305159416041,0.2096563987897271,0.08593322965769064,0.5245514986748693,0.004652537445495459,real,0.07499999999999998,-0.00828991952030289
P1080021,345,3,0.7894132718381695,0.6206296904797232,74,0.12150226640555793,0.9716152695212149,669.8026632596242,51.07252483236665,0.5449065875024104,0.40868008628855595,0.043917418779379803,0.034811094411919916,0,3,0.31672793689066725,0.03543250873582626,-0.281295428154841,9,3.0672426023474566,3.6472330531707873,0.18995104621964698,4.328192169024383,0.31712837699199126,0.32716004242878166,0.22399144012685623,0.9606007604216138,0.00828932158171906,real,0.02499999999999999,0.31528489865937726
P1080023,814,3,0.8385967160559709,0.6458813811794127,132,0.10635006003980453,0.9116706631999902,711.3792395225557,48.43932662002106,0.5451906364720998,0.3927113826105473,0.03020396976477704,0.05069905955368474,0,3,0.2771986484805852,0.07058153617168694,-0.20661711230889823,5,6.08550173228305,5.411647925990611,0.22374098616729388,5.061856151652901,0.5429052971251638,0.41071321993726295,0.12704735819547539,0.7361240064296325,0.0087466959973611,real,0.04374999999999998,0.21928617340661005
P1080025,286,3,0.7429781299184928,0.5731797133474636,32,0.06868374928910329,0.7951972537999314,675.8079946112526,50.6757907748008,0.20849815245848902,0.14555282122037252,0.02578842624467386,0.05325857441153947,0,3,0.08291858476426361,0.013146754071589606,-0.06977183069267401,9,6.885473185277112,5.806641350265214,0.19640378562415606,7.957462571757863,0.2524026466042577,0.39901000943226467,0.15607369828095163,0.6073653220681066,0.007034820738006898,real,0.05624999999999998,-0.023869354994309866
P1080031,535,3,0.8033059606213938,0.6387282742988732,134,0.1515748917558742,1.359119762191603,653.8921071294625,52.15215972974154,0.34097184604588904,0.2267479881592017,0.022862348096695146,0.03794503755727396,0,3,0.13927364787608643,0.04419640735500374,-0.09507724052108268,9,8.1580098824158,3.5985116626996314,0.2619494804504172,11.83774373218836,0.48896152499878953,0.24288275614304183,0.1305547557025515,0.6223994845811005,0.004573190681460052,real,0.04374999999999998,0.12235957307350964
P1080032,275,3,0.814997038293143,0.6251496000419965,94,0.15487316523973219,1.139381760306,677.5907972233379,50.559118248096674,2.8261116017088455,2.0534399524395357,0.2823287644170097,0.12425028808095209,0,3,-0.07928083408566233,0.006283550455059905,0.08556438454072224,7,6.7470624958882395,4.1500603867215515,0.2542865554722047,4.909508642706407,0.31674485514269435,0.9355800071064359,0.5171737116291861,3.1700531105215495,0.011103701956258955,real,0.04374999999999998,-0.02166007375988155
P1080033,338,3,0.7239421641909859,0.5469757987977291,75,0.12873365934315267,1.075499110958016,605.6688741662017,55.69870508860994,0.33415370313274195,0.2008225331753716,0.010451299903085071,0.10867689325009403,1,2,0.1255240693022095,-0.035688708957349435,-0.16121277825955893,9,3.3655951312111707,3.3847613884501673,0.30196945663332064,5.07417160848176,0.5179386253908995,1.4178173479888374,0.4972167787436764,1.9345303131270764,0.08047481446166284,real,-0.01875000000000001,0.1356693951764385
P1080036,423,3,0.8367247808817535,0.6522143370308014,94,0.1371181756204222,1.2147778446008717,679.5091331569957,50.43413536888923,1.2930966000388935,0.782629599513829,0.07522376172424794,0.047918578346694565,0,3,0.1853521997909191,0.003537169626019576,-0.18181503016489953,9,3.031471827104249,2.979938255901636,0.07565832388734517,4.182861091467565,0.13122705037613258,0.4309586610498829,0.38572737265988566,1.886188381007114,0.008859737551220633,real,0.062499999999999986,0.1245389600726241
P1080045,337,3,0.7105643300943695,0.5329374992423788,78,0.11419144674804223,1.035738029468492,686.7823679734847,49.96547484932143,0.7491701954288317,0.5396548608422305,0.02856558912262389,0.023672016105010848,0,3,0.5203962550482097,0.07806548537122038,-0.44233076967698937,5,15.913652363524033,16.04094554604132,0.15085793580200146,9.688167909625903,0.2953448461956807,0.4096556153171951,0.1648986650795027,1.105816303836272,0.0067089568306043755,real,0.06874999999999998,0.4518809011451703
P1080047,276,3,0.8426859286939931,0.6381986111887412,89,0.17004439073745195,1.3720795265283114,718.7053232862158,48.00156666339981,2.349977166204681,1.4440671089863142,0.23217535636122233,0.04863271785364522,0,2,-0.323243089184004,-0.1223360521764505,0.20090703700755352,7,10.555787431921532,7.196899257584626,0.27989469205804784,9.53291135885585,0.3476515423294271,1.0223280401751722,0.9684421383949368,3.868983128731158,0.009751572927355288,real,0.062499999999999986,-0.36894957728637434
P1080049,650,3,0.791389288816988,0.6139996490953556,135,0.15093607081298807,1.3675305052829194,707.7225591715015,48.660644959639484,1.5744686527522873,1.029832053658693,0.05332146351988409,0.10039705679455756,0,3,0.410569183541005,0.14123197150860523,-0.2693372120323998,9,6.471566259282769,5.102124133430129,0.1475066542865613,7.766876429652407,0.2079530923571915,0.41333995359071796,0.24783765242423844,1.8947728775044104,0.005635675210167361,real,0.08124999999999999,0.4832372082634958
P1080053,386,3,0.8196953149054874,0.6370377687959492,70,0.11642018474788252,1.0364921044094353,735.0700276876926,47.050132313351284,0.6182616489186756,0.3672797162730403,0.02423479834150857,0.04797278096508697,0,3,0.5072821835599692,0.057492119199588076,-0.44979006436038116,8,7.443280929705745,6.390334287258094,0.21690615632962817,10.11372977322773,0.3555460732008813,0.5575250260818948,0.22610797551392728,0.8139060822664738,0.01012385174949877,real,0.09374999999999997,0.09299422894393894
P1080055,407,3,0.8367421832716476,0.652196311503193,101,0.12732632271748046,1.008192940463559,673.7042151244577,50.81411750100998,1.2895107559914578,0.750483960400988,0.08203747649637211,0.17007792487936638,0,3,0.23676322083301693,0.06997570098690586,-0.16678751984611107,9,5.8637862320227425,5.469041618283729,0.15581371556454826,7.91060058355823,0.2193672757151095,0.46289145867373077,0.3457973461795106,1.9009130031086043,0.005958559519603947,real,0.07499999999999998,0.20864483815294654
P1080056,355,3,0.9481798561621082,0.7630600714243484,161,0.3428231432580673,2.811873426949268,2395.7398669848076,15.215980414292787,6.1352570353448215,4.015298060321335,0.44022898376242453,2.148253855921452,0,1,0.16966808671682176,0.0178955110832536,-0.15177257563356816,3,12.936167507329829,9.276146873432321,1.4900069799028417,9.15025839503013,0.8038584239220938,1.752752788696758,1.294439401787196,8.611347439362994,0.030623839376806867,real,-0.175,0.6672324126481338
P1080057,421,3,0.7901992525005643,0.6264561529077649,115,0.23464407777609447,1.5771571593191345,693.8080765156682,49.52044346574121,0.577738877332493,0.37291540835709897,0.029471979215670945,0.039722126979740174,0,3,0.036567380252687354,0.0873008067576021,0.05073342650491475,6,3.616274937364389,3.616274937364389,0.1890265812085934,2.785621399900449,0.1385729172496335,0.6683731179201394,0.18032835935413988,0.7692716160874518,0.010301570412184694,real,0.16874999999999998,0.17107084088606683
P1080062,403,3,0.8432123465747643,0.6614955354007367,96,0.13552579191134384,1.005269187386671,625.8859538113578,54.15907295698489,0.08555344874791615,0.05174691108767846,0.11627391410604868,0.028216187728316355,0,3,0.4533564914299084,0.10946735503612937,-0.34388913639377905,7,3.219703782737581,2.5740459218283083,0.20556160288619818,3.78826084966252,1.0330932371070967,0.4725772803973434,0.1503427377750994,0.5602950083074517,0.034701965778295374,real,0.0,0.453356497820248
P1080063,507,3,0.8467930338951988,0.675953134594425,170,0.25987512907478644,2.0378447172905947,614.8097527624856,54.99271151268772,0.6983451072565572,0.4642085808624853,0.20528530849215212,0.15509271650629203,0,3,0.5454761766927225,0.23918811545449414,-0.3062880612382284,6,5.698502023894072,5.698502023894072,0.1970474134683231,7.709094081043458,0.4624739975016081,0.6058748639531278,0.17405863786463732,0.923242104461337,0.013954543229237296,real,0.04374999999999998,0.43522381269241706
P1080074,387,3,0.8696608286583094,0.6939242882707727,92,0.17741368674926491,1.41618699820495,667.0500132688705,51.25631789852612,1.6304101704706682,1.0103524326401565,0.053307621371462874,0.07010977049964837,0,3,-0.03657738644121378,0.11422391119934683,0.1508012976405606,6,7.553495875702029,7.114470201131635,0.3340514546973248,11.781046923874502,0.5744581577714385,0.6828396927305423,0.5370070441688841,2.7058078296864974,0.012204674613533088,real,0.012499999999999994,-0.052392931207856264
P1080077,351,3,0.8468892953481568,0.674398332017129,137,0.31972056383711867,2.4526026614530414,692.7055819885197,49.58978715113836,0.571254916437212,0.4072878497742992,0.0313636768531694,0.01164875013338219,0,3,1.195253850368565,0.21851028372504655,-0.9767435666435185,5,9.931778751639921,9.7723120213798,0.2081296727744144,8.43507100684286,0.15564165085875414,0.6592936857920882,0.3074207017621375,1.224474905883104,0.015832474522800562,real,0.08124999999999999,1.1148393832645174
P1080078,570,3,0.7681402637939065,0.6091160437923137,194,0.27726233768641584,2.503121135452424,772.8078005721317,44.986397180711435,0.36015166799334963,0.22608314933921417,0.17882221108130475,0.11849458781138048,0,3,0.19473527388736556,0.12169906601158642,-0.07303620787577914,8,3.5374788841875695,3.832276136319277,0.49396034625691465,4.452617073716734,0.7619274599843942,0.5512955665519517,0.18332314936373334,0.7006654946286055,0.027852351046593938,real,0.07499999999999998,0.3926445172358257
P1080079,659,3,0.8512126246977029,0.6730597396035408,138,0.1631296933042954,1.2687335417350813,702.7292870777169,48.965944183831226,0.379111296234214,0.25227516302432595,0.12222790524334397,0.23076535541011287,0,3,0.3484975662912573,0.10672004774085919,-0.24177751855039809,9,2.0060676704366047,2.072877179522144,0.07182778166306969,3.500578521234002,0.2435446733054989,0.38779271063158843,0.09376921047251727,0.5511486952667268,0.007251883312030748,real,0.13124999999999998,0.26202613314087575
P1080084,414,3,0.8635463664559907,0.6902287616188194,81,0.13814758624724754,1.2617711158474423,950.3978610246305,37.21687132741039,86.45948434251623,49.93654371555884,0.39098756888985114,18.30243482131702,1,2,-0.1060337505911444,-0.02824787443457244,0.07778587615657195,8,10.387228839059546,10.758654169467578,0.480247437636955,10.537220906499934,0.45501577734495546,2.079895697715085,1.5396139151653139,86.66583766322191,0.059647470065421676,real,0.12499999999999997,-0.1506968577102472
P1080091,541,3,0.787661253319737,0.597424911691488,132,0.18157385823155842,1.430340693087616,678.1843336544844,50.52038654256445,0.845541597828543,0.5014193439513617,0.14297290148561564,0.19544256911290328,0,3,0.8221414843811135,0.2804935747170372,-0.5416479096640763,6,6.739049895746996,6.201139186989676,0.20787233990528442,8.29157281406218,0.2547597531306165,0.5407705635304294,0.21163129581672996,1.1461652137572016,0.009746639872792125,real,0.11249999999999998,0.7336254077558858
P1080092,498,3,0.8014620445755882,0.6273864399822248,154,0.20777288363505797,1.5994436720121241,709.6606343954109,48.54310807671922,0.5217059187077666,0.30969962658844497,0.019015495439175488,0.24541857825979652,1,3,0.16652751127721688,0.10429471623156839,-0.06223279504564849,9,4.751147106244213,6.990934170615845,0.3190497187258896,6.629356161550973,0.6442193671814462,0.33256642219384214,0.1170701876569411,0.6830719712611518,0.010854332020700207,real,0.08124999999999999,0.14425416924590606
P1080093,529,3,0.7751539314176322,0.612234061148243,176,0.26936342154465215,1.8109060901296736,664.6887254157575,51.41496536796723,1.0207894397166228,0.622131086482348,0.046823009560048444,0.04957329894881252,0,3,0.785830075459551,0.1819863353035388,-0.6038437401560122,9,7.18980749346985,5.6525220094935325,0.266114400206114,8.904382926319714,0.4697459537525597,0.37305953252173485,0.1777243585146729,1.2342807555125614,0.005644872826543169,real,0.06874999999999998,0.7788055834668701
P1080096,365,3,0.891032865166485,0.7090655542639488,130,0.28933534731982324,2.067718134873226,696.7516740374239,49.3361871248181,0.6161662797236147,0.417240862750612,0.04896099990106779,0.01708445966312307,0,3,0.11006108656909541,0.09375325909271703,-0.016307827476378378,9,4.687455978178018,4.318306809617721,0.32338382921667375,6.138780786490205,0.44257201862980544,0.521119856286348,0.24181730013067318,0.9812060737044191,0.008160267626039717,real,0.15,0.07527007543316055
P1080100,354,3,0.8402926991287991,0.6615625384881251,93,0.19882046591281338,1.5110030300325388,667.145716992505,51.249907114726135,0.6124552615545866,0.36438362709964534,0.0226581730652557,0.037828042294144625,0,3,0.36409334537217575,0.024598893930652288,-0.33949445144152346,8,5.168535420085864,4.317144416521503,0.18095369231758252,7.280752685467668,0.2929001052781497,0.3895188845444027,0.23292442264738705,1.04584394676148,0.0064700317742005554,real,0.018749999999999992,0.4123634225783699
P1080104,506,3,0.8868301978867742,0.7219699763424842,224,0.36872872609389995,2.725008510825422,679.3453560598479,50.444783176908274,0.3946001935120904,0.31914511963549935,0.015191969585667948,0.00966592868082324,0,3,0.3450607467593091,0.14876561765328733,-0.19629512910602176,7,2.811604802116925,3.024147920903786,0.20473932835832542,3.3904122991919325,0.24718990588504752,0.35256570487824396,0.1787542408318449,0.7839984235461506,0.00672719063067091,real,0.018749999999999992,0.3491894906331392
P1080106,248,3,0.8581263057249904,0.6901849911791833,67,0.2035432867494767,1.4402818935781723,673.6531404874295,50.81748450295699,0.26043938467164196,0.17783198365600084,0.012177395171972562,0.015680078020544237,0,3,0.003108211431985808,-0.059430284477866246,-0.06253849590985205,5,7.991784302102888,7.991784302102888,0.7662811898324859,7.898299239747001,0.8700100011375622,0.6551090326854823,0.2661263950449194,0.8859772343774438,0.013441204495782975,real,0.02499999999999999,0.020290134112180613
P1080111,518,3,0.9115758567537513,0.7397511358283645,155,0.24826001780557405,1.7194574464181345,725.5927422383004,47.596756777614836,2.8527948126075273,1.710571638660547,0.11948787682797288,0.2843075670226623,0,3,0.2519872284284682,0.04584095772689312,-0.2061462707015751,6,5.453739144684418,5.453739144684418,0.18085217585656466,5.104922432467912,0.20651351803505946,0.40738456177979593,0.2571797299965471,3.1897486216343043,0.004400055398825831,real,0.09999999999999998,0.12864751169631683
P1080113,662,3,0.8848752764608578,0.7036449907780691,185,0.23274166112902295,1.6054489512454162,677.1061261676141,50.59078702836952,0.6726155369377551,0.501041082183711,0.024679219135061856,0.01818799093934854,0,3,0.6713277192559547,0.1433694568814493,-0.5279582623745054,7,3.5086287303182737,3.2538000572012455,0.15926329447585896,7.368392486491744,0.27503485790768556,0.2682019714743187,0.18372893216289063,0.9512372664614801,0.002705961708713724,real,0.175,0.43882419395817374
P1080116,346,3,0.8508460338988457,0.6874199860448853,95,0.2106623021914646,1.3565286862356756,682.6321178632611,50.23189858594335,1.6012544563155586,0.9710237726292799,0.12132981220168162,0.19578936825893717,0,3,-0.022545071904130465,-0.03939780540532478,-0.016852733501194317,8,7.932448992581627,10.111818748363655,0.4630703727773908,11.294522720863036,0.6357169626828356,0.6405685737677523,0.25062122229558265,1.9853176536477157,0.010900835350509017,real,0.07499999999999998,0.025273446315453363
P1080119,541,3,0.871235613648681,0.7116516744915989,177,0.2793532170728237,1.8394557047564317,694.8387655925495,49.45578028680489,0.5466687775925436,0.40187476755163565,0.030576304101182443,0.062202395423033116,0,3,0.4738609750465995,0.18445809867511864,-0.2894028763714809,8,7.528717248340055,7.85978069648951,0.3451564929431594,7.272657755644908,1.1380872735059286,0.30384961544860856,0.13640033207034166,0.8472067036685863,0.006343399379202498,real,0.10624999999999998,0.5965445108021352
sdxl_0000.png,620,3,0.7740075384150624,0.6499348310909521,75,0.061733403954822165,0.8201203953025933,927.9152394573712,38.05443791056826,87.63637660477774,50.59862204561669,0.021359309629835108,4.068486410798468,1,2,-0.005084168672672806,-0.02387438161543387,-0.018790212942761064,1,,,,,,0.5972425262579991,0.11739851092291764,88.09126542508524,0.01059594486757393,sdxl_pilot,-0.02500000000000001,0.0030354699555323883
sdxl_0001.png,219,3,0.8007132928730656,0.60563095275046,37,0.0825353420571557,0.979364718301917,1290.0405046802591,27.862537705629595,1.809012745660226,1.0463301323268221,0.12091741572626212,0.22555990566639111,1,2,1.6937273809696922,0.2718875465397055,-1.4218398344299867,5,3.558246022680195,3.3155434067653853,1.1233782260792924,3.5632588253831936,1.738797426065818,2.183119004570342,0.4109545428273215,2.5573929280018812,0.15161645355431064,sdxl_pilot,-0.175,1.4222036859659446
sdxl_0002.png,653,3,0.9451100664961182,0.7700308589262599,158,0.16848172055448207,1.3642024584525945,740.5728771837507,46.73814471087167,6.590103465004276,4.384970365760582,0.2611425144454281,0.13448303410243137,0,3,0.048160136256418795,-0.022104682434375578,-0.07026481869079437,6,4.057255325196926,3.557681245721676,0.21352322035823335,7.0546132696084625,0.2801359672796786,0.4249534017158076,0.22471809151485028,6.9167835623218075,0.008654491897393876,sdxl_pilot,0.03124999999999999,0.03151784307359495
sdxl_0003.png,467,3,0.8594266204039027,0.6595116745724262,116,0.159877906511321,1.2940281843223325,15999.936340785378,2.291534791251324,41.21293024984809,32.655752808113476,0.8899883351221055,417.9345367340347,1,0,0.27738080047344627,0.03832108309535409,-0.23905971737809217,1,,,,,,10.284756622328612,12.444518621796718,71.23270274574236,0.34123310468078843,sdxl_pilot,-0.175,0.27717011459666885
sdxl_0004.png,251,3,0.6746541666351022,0.48940034383126324,47,0.08465774400570976,0.8953886036468328,1375.1121111751554,26.20010970587048,5.812575887195109,3.3601559413168234,0.46619112163199505,0.6110770326581815,1,2,0.20243026916450224,0.03483306287684795,-0.1675972062876543,7,2.2424899545722576,1.869908362073589,2.015694800532719,2.4955566582301465,1.884543729652226,1.026063211075101,1.1633924125519592,6.920781007468317,0.2029989987127735,sdxl_pilot,-0.175,0.12441569723578105
sdxl_0005.png,359,3,0.8817199530885881,0.7086437814339251,133,0.25235375882210676,1.9199105870071933,636.4207668962108,53.387597655761866,0.8883808365197581,0.7131525025535821,0.6972171050772916,0.08982539405575858,1,3,0.07598132578707806,-0.004539445707539169,-0.08052077149461723,8,6.1811045682068215,7.102509902893235,0.07804236391172115,7.274187576177389,0.09042274285306906,0.5883450434147203,0.19444354946118417,1.1913192949560296,0.014448842874253949,sdxl_pilot,0.12499999999999997,0.008019691692969344
sdxl_0006.png,665,3,0.7896605943155616,0.6132637484480866,101,0.0907716235416285,0.8851414785197298,2829.2061105374923,12.906135971657369,89.57065870066009,51.91499665177364,,150.28538248900128,3,3,-0.4309899328913357,-0.20666946131122677,0.22432047158010893,5,7.390756381121933,2.853488229562836,0.6185046321543872,5.999709094787364,0.663256135452452,0.5899784206818807,0.04531423698111863,89.63879837133966,0.09879924607868129,sdxl_pilot,0.08124999999999999,-0.42940113200748775
sdxl_0007.png,515,3,0.7032683061235456,0.5219856514016552,79,0.08836555610152447,0.9910618300627434,2398.212477266427,15.20047587596474,48.02892727151404,27.74021487672075,0.47719213698248925,3.834698179095485,1,1,0.037741548447218554,-0.0896805711796882,-0.12742211962690675,3,12.667047710598766,17.66090735851036,1.0776950770994764,8.89077471999248,0.8199868289871723,3.13538573610169,3.083660989541401,50.17303611917773,0.07705632663374073,sdxl_pilot,-0.175,0.04320403225307956
sdxl_0008.png,584,3,0.7528521506908055,0.5839011230227157,71,0.05559324078513842,0.7407105020624541,15999.936340785378,2.291534791251324,55.80033136653045,34.43179245319383,,173.2005268203562,3,0,-0.09998726543424663,-0.11209507021325749,-0.012107804779010856,2,19.14691714219888,19.14691714219888,0.0,9.573458571099454,0.0,15.32932673111512,6.192519379816573,49.829611233181765,0.05107572614581418,sdxl_pilot,-0.175,-0.09979435648073309
sdxl_0009.png,281,3,0.8800960581496964,0.6814182678369468,68,0.14197635021917715,1.0401877215971627,685.6595425163856,50.03729291495414,0.9600492349660072,0.7655793844100749,,4.360001498102814,2,2,0.361683212606391,0.20696571034813804,-0.15471750225825298,6,6.850951455214906,6.97973007112639,0.4957780869869586,8.106499760682903,1.3371541832724367,1.1703831593064304,0.25887979441643116,1.302802095560785,0.041750651681327675,sdxl_pilot,0.09374999999999997,0.09153561721084091
sdxl_0010.png,337,3,0.8891689342189787,0.7178733204700898,166,0.4096228514516013,3.3993365152270325,1156.139677526152,30.942385071927053,89.1990236542012,51.499766212907254,0.053798680183826025,37.94411672966143,1,3,0.463636607712251,0.1380411251014685,-0.3255954826107825,5,4.191394703058058,3.9319191013838832,0.22650206438089482,4.702417338374781,0.26667329893042613,0.4908756572483194,0.06919288711101063,89.29736611932114,0.07925151289184781,sdxl_pilot,-0.175,0.36413228577055023
sdxl_0011.png,444,3,0.8028289410679594,0.5993086208941439,104,0.12572247968141836,1.0155309680529667,2003.939438098794,18.14540867682285,3.228556796135763,1.8941968907314057,,0.14411249432376264,2,2,0.07342507232564222,-0.010125003286912904,-0.08355007561255512,5,8.83417992221835,12.411652699496331,0.4995912051036471,11.64721930453252,0.6562193004719097,1.4250830205734455,0.45936856135680976,4.033590385947587,0.08738141148582564,sdxl_pilot,0.16249999999999998,-0.040125889664979764
sdxl_0012.png,146,3,0.9422413191560582,0.7747248431475833,31,0.1273188713380309,1.099759681217698,1356.1116447691497,26.55428294629216,73.33387203409012,42.438243043339796,0.27011486240444493,4.786930702477186,1,3,0.04866788485207052,0.041264102834550176,-0.007403782017520344,1,,,,,,0.9733828826049966,1.2089980308021224,75.8592987707795,0.03950757930282657,sdxl_pilot,0.1375,0.049924089468915356
sdxl_0013.png,769,3,0.9376706371339962,0.741373226744456,353,0.39108994235607275,2.34217569455903,736.5804329488834,46.964108384317235,0.805803516867968,0.4661351797590107,,0.17351356816591784,2,3,0.14477729353700297,0.12260243971668061,-0.02217485382032236,9,1.6688930568067168,1.889524896182476,0.45278776163273937,6.168007774784478,1.0824024347874288,0.3690255542847318,0.3470778288489755,1.207045507541609,0.22554959627240542,sdxl_pilot,0.04999999999999999,0.1124588180299918
sdxl_0014.png,738,3,0.7632959581959397,0.5672728703380604,130,0.11734571607416554,0.9487855714535068,709.328212416205,48.563230289933095,8.069502897503071,6.4672729270282465,0.6883832083962503,1.1046573848471635,0,2,-0.01633275431410064,0.03017994612100494,0.04651270043510558,5,1.1731236800995126,1.3349149287214204,0.5660822478055083,1.0135503082240456,0.6301853985921562,1.0113780273426993,0.49406734220154636,9.06604583094182,0.058459794400498505,sdxl_pilot,0.012499999999999994,0.12871264888285672
sdxl_0015.png,284,3,0.8923608027319355,0.6757170995048415,90,0.15697180272771108,1.2711580789287482,907.8550176909116,38.832987034909884,0.2786525641430302,0.21367229823996992,0.13642523150638247,0.201918360370826,1,3,0.23232557905250273,0.009460851027636386,-0.22286472802486634,7,5.734875369675787,6.304780862161589,0.8688441146475796,5.544127691458901,1.0381850108720303,0.6166412948176309,0.32923415729634864,1.0129416522689112,0.13826771806128174,sdxl_pilot,0.03749999999999999,0.23972565149883085
sdxl_0016.png,373,3,0.8523143159263655,0.6723759782199948,98,0.20649774824175626,1.6622399419101725,459.31883408405855,69.72860513722544,4.540119720553818,3.2931600150218716,0.4603899987034541,0.7299513009650392,0,3,1.129337057739832,0.3084660106566425,-0.8208710470831895,6,4.999615567420211,4.758442414940551,0.3022481715016516,7.205092601959773,0.3250749438942897,0.29107022463992355,0.21898721111593605,4.958969779221834,0.005245911021711928,sdxl_pilot,0.03749999999999999,0.5735256295598677
sdxl_0017.png,249,3,0.7357314085957591,0.49353364464485355,58,0.12797686309965595,1.132054549763553,132.45559973751762,135.0283495366649,18.72122732520613,13.459865790140325,0.6814528285569169,2.065637418475185,0,2,-0.3657219123996108,-0.047745982579407986,0.31797592982020284,1,,,,,,1.043352273255053,0.6979405904868707,19.786831115180842,0.020866592758715767,sdxl_pilot,0.0,-0.3657219988265027
sdxl_0018.png,136,3,0.8765110247936142,0.6800109476568209,32,0.12777370094209323,1.0279285752313445,515.1686894171929,63.693442565144764,4.17691635364578,2.570635204364973,0.5029483660817251,2.139030014821944,0,2,-0.15371086613190754,-0.21434159670302777,-0.06063073057112023,3,11.488529625954003,12.599704062679097,0.5981917665044687,6.918512881681012,0.5727705168086636,2.027085884573832,0.3683509423524579,4.966395583959891,0.031403796505807706,sdxl_pilot,-0.012500000000000011,-0.1500925948095151
sdxl_0019.png,299,3,0.8819990491923596,0.700389697460251,87,0.1726962997924328,1.2973313328416904,650.9726889350123,52.35488614326062,0.418390977952086,0.24949408710480464,0.03689179331005589,0.07198440248844712,0,3,0.5917629009878432,0.2152210257747108,-0.3765418752131324,8,4.841148186442203,4.992645880091603,0.1854289087369545,6.980504093827426,0.2543788226441066,0.617478941457451,0.2431680393142902,1.0037438270746206,0.011516848081591435,sdxl_pilot,0.07499999999999998,0.5691413277411197
sdxl_0020.png,635,3,0.6179469261680988,0.43529585939637067,34,0.03048069767177763,0.44109957584670406,15024.342585067296,2.440290171265604,4.653143476326505,2.88060494880619,0.5320368831787025,2.554513532265212,1,1,-0.14171938379126525,-0.10088270673760302,0.04083667705366223,9,6.856047294637661,4.821303172160247,2.632956994979477,8.505020205645508,2.6491546580013967,3.3505365659455184,2.52152719202405,9.196714509874218,0.06336290026297396,sdxl_pilot,-0.175,-0.1413855139011484
sdxl_0021.png,352,3,0.833338116240612,0.6599005137256319,72,0.12427189308978122,1.291587389083993,103.94282441151195,144.0101962451993,77.52666593970724,45.25002941391812,0.020266555384153437,1.6476448429510244,1,3,0.02403340996626291,0.047684689715951856,0.023651279749688947,8,7.697513972986596,7.446973567444604,1.5853832161260133,8.639344144664793,1.5255891081309216,0.8187268735431834,3.494862944452987,85.16338589968477,0.43665156256766086,sdxl_pilot,0.0,0.024033387266207296
sdxl_0022.png,491,3,0.9044583757671373,0.7387105379724092,114,0.16247155393062102,1.3149823775851002,5062.641132042071,7.233493374960222,88.97034730505187,51.44834668730072,,252.5083841087571,3,2,0.059041739871439125,-0.004475238412259275,-0.0635169782836984,3,8.705387471516163,6.8277752122387305,0.5893442539380267,6.763181184805698,0.4984668494590041,1.6078990575383685,0.37953472576886754,89.34785331293797,0.46641278849977696,sdxl_pilot,-0.175,0.024037302352865275
sdxl_0023.png,519,3,0.7677037803239354,0.6154816557350817,126,0.15570025327182058,1.357148351978883,12808.055307955157,2.8623917552023186,74.61448028689959,43.5190473086982,0.6409190960757862,655.2494870336437,1,0,0.3787670570498787,0.16357699689973337,-0.2151900601501453,2,7.6287743361845,,0.78419996760781,3.8143871680922548,0.392099983803905,16.065233416776,10.82812347042083,87.20971701226065,0.3700152355349753,sdxl_pilot,-0.175,0.37930497510154826
sdxl_0024.png,243,3,0.6485086441469041,0.4594265061384202,34,0.06842556736177555,0.6691803248680498,1475.0360848727682,24.480581720402892,2.950209782299865,1.8503598303380369,0.825933839695436,0.1400150454895209,1,2,0.47375483831585075,-0.05025710688891527,-0.524011945204766,6,3.910102152837825,3.96631373129898,2.414644876928337,7.830686406793244,2.137810102765583,0.8955538866459698,0.7066852943109324,3.881839721428883,0.13787744841223631,sdxl_pilot,0.062499999999999986,0.4727844407718125
sdxl_0025.png,524,3,0.806127037311616,0.5989037663909376,136,0.17301123913949584,1.1419284027258836,692.6298889019362,49.59455469976502,1.6418488818181345,1.0486113805686905,0.8348664827187737,2.819741947807715,1,3,-0.1177013502580826,-0.1350548227309627,-0.017353472472880105,9,3.4776570099307973,2.9689091465339033,0.8729147420993666,4.399513201150174,1.2833850587319664,0.9929569008804019,0.325809867107911,2.0888646661340067,0.5440113144586786,sdxl_pilot,-0.075,-0.07744946399563624
sdxl_0026.png,412,3,1.024025743792093,0.86697243133896,186,0.36697594311305215,2.70031766244262,391.909831162255,78.46426248375171,20.180875084588166,18.102476389963964,0.4378856243452442,0.23786646978071918,0,2,0.2064929173147052,0.14265414084958183,-0.06383877646512337,5,8.657795711489392,7.780991921118076,0.4068999919002878,9.45651609352329,0.4706734538902695,1.0152480932477195,0.2344831616594207,20.5081298484007,0.006401278287679217,sdxl_pilot,-0.05,0.5451183948887935
sdxl_0027.png,264,3,0.8710121292159674,0.6862387930513563,68,0.18023614377340452,1.7202164523929762,12020.670745231573,3.0497999015562973,30.239417427873967,17.72035041117891,0.5286976254844594,9.50726776274445,1,0,0.5236356242557282,0.2944987145245229,-0.22913690973120526,3,10.77915307897441,7.78485016210258,1.9087073663564809,6.569160880499295,1.1786455513818157,19.271109682573865,12.498464002587424,49.32873329549045,0.24707106418202657,sdxl_pilot,-0.175,0.5236522876297438
sdxl_0028.png,607,3,0.8076648646490212,0.6384761350283762,162,0.14409608845574376,1.1193224485714073,794.0121398425962,43.90049691318685,6.090815112666462,4.911481513280314,0.6331118516367261,15.118762599335259,0,3,0.2791471066563116,0.1572170601470766,-0.121930046509235,4,8.351531196566022,4.560180802257206,0.16864498673217332,6.2430361706003765,0.16864498673217332,0.5223606183671434,0.16504139500489745,6.3197803840111675,0.009952975831418926,sdxl_pilot,-0.05,0.28378561434325034
sdxl_0029.png,271,3,0.82319672347752,0.6307595979015377,57,0.11414444232142681,0.90469255767246,923.5288659381592,38.222097300343684,0.17956591048117332,0.1418066982998776,0.2421087188926748,0.32143485509962316,0,2,0.029213429475978936,-0.046803525555239256,-0.07601695503121819,5,7.7794409931984365,7.7794409931984365,0.3875808664872147,5.275112543624031,0.27018793002449426,1.1979042905534758,0.1798204492204759,0.7122024980800196,0.03297155835592974,sdxl_pilot,0.175,0.009333092771203866
sdxl_0030.png,536,3,0.7338938627124741,0.5625772155269415,106,0.13078154618358795,1.2642998295786914,15999.936340785378,2.291534791251324,58.1709897935679,33.602540162266,0.33455100334949156,8.936327436208865,1,0,0.29647141416216627,0.024696994348931023,-0.27177441981323525,7,6.6393244798069935,3.2195365538638585,3.282957687190475,10.634358666717379,1.6598689786845653,18.12197533043105,12.501888949050901,80.5539116248389,3.4106187014802267e-16,sdxl_pilot,-0.175,0.2961958001798257
sdxl_0031.png,374,3,0.8601709924094708,0.673471960917866,141,0.26652986386852323,2.21883806405737,15999.936340785378,2.291534791251324,49.130982918745964,33.21149385971607,0.9541757636307974,2048.1831504278384,1,1,0.4066886153618854,0.09783821326928055,-0.30885040209260484,2,14.573785166116668,14.573785166116668,0.4981319026328732,7.286892583058348,0.2490659513164366,13.079656983760728,9.926663104985272,66.32764718869845,0.16402059737133837,sdxl_pilot,-0.175,0.4068334859395385
sdxl_0032.png,530,3,0.8732768661324395,0.6951422814462198,169,0.22472956603781785,1.4986050095265622,912.9387957745352,38.63279892059892,1.4808845439641232,0.869402333920457,,0.1736815804888021,2,2,0.23711137211215616,0.11529930675657252,-0.12181206535558364,5,3.3919512455263705,3.3919512455263705,0.29920482082295763,5.488548320742793,0.742306295422464,1.042324972068754,0.40399891271769867,1.4335560033854142,0.09374074059822358,sdxl_pilot,0.06874999999999998,0.22580708639604774
sdxl_0033.png,448,3,0.9289691474540821,0.7508852878049197,192,0.31480357718347596,2.5036404229773797,1587.505000903954,22.793260769774577,89.52784587327483,51.68900098420796,0.04787308971602948,52.87196818008745,1,2,0.6137188812973285,0.3287562501013793,-0.2849626311959492,3,5.118696893818154,5.118696893818154,0.5693781356467955,3.577327622341509,0.48965435461048834,2.044436833690004,0.2574121487646571,89.75336780566118,0.8939551480202136,sdxl_pilot,0.1375,0.44937922135984976
sdxl_0034.png,470,3,0.727255559530757,0.549684609169294,73,0.07974509333332067,0.7740727963663769,483.72124491583355,66.97230332754137,6.300973921017189,4.695867623676276,,1.8038141404603354,2,3,0.32736454110321167,0.09585652785584153,-0.23150801324737014,3,11.752657049819721,11.752657049819721,0.4884623080364614,7.656726710736028,0.3269764875894374,0.48515639182140247,0.10063629436654704,6.450018585618448,0.008361528815758372,sdxl_pilot,0.0,0.3273644686939122
sdxl_0035.png,306,3,0.9119201333692214,0.737592638360906,175,0.4148565110055251,3.1806102364381648,695.8818144229903,49.39050261127088,0.49340539193268285,0.344865184440469,,0.586417913495729,2,3,0.11680474207385405,-0.028747796160263128,-0.14555253823411718,6,10.255090298462859,9.337461234117656,0.46665713438630974,8.958726127401171,0.4588312969975239,0.730542919493533,0.5028563815159309,1.6497276559324259,0.036319125931152094,sdxl_pilot,-0.006249999999999999,0.11378757147744634
sdxl_0036.png,639,3,0.9508709949692032,0.7682888135273162,285,0.3744389609157829,2.631343291803872,916.233061994858,38.50413460845271,54.661399861510546,31.58388463104607,0.3920052386732226,10.05603546190223,1,3,0.6110368874063178,0.1610133656305478,-0.45002352177577,6,11.008918787957919,6.592055400391723,1.0709107530430257,11.629388683439398,1.3106896351163408,0.8168894164579429,0.8195422794146477,55.96375611312194,0.017197146316017937,sdxl_pilot,0.175,0.5562457404013885
sdxl_0037.png,197,3,0.5367023919752586,0.3439260883918638,59,0.12124740785407202,1.0556116634257384,2249.145513030321,16.1949658344236,1.3700401718447495,0.8013904214552706,,0.12801576986697602,2,2,1.0370062453142914,0.2402983215969855,-0.796707923717306,6,4.54341090692867,2.5419410778113805,3.5572662968738618,6.293283864767991,2.293878021390661,1.1765866133253595,0.34541083845660225,1.9713731807237043,0.26735229737427346,sdxl_pilot,-0.175,1.0186672211978598
sdxl_0038.png,313,3,0.5709767421618654,0.39131028424247927,37,0.03581912883044675,0.44490131982680536,8378.847233049231,4.374287421534692,33.123194019228364,21.755288272447583,,10.721390860302295,2,0,0.6289438235943807,0.3222052215842528,-0.3067386020101279,1,,,,,,2.113784122218256,3.2198204183415933,37.83253514601965,0.05827733184145328,sdxl_pilot,-0.175,0.6281657828393261
sdxl_0039.png,327,3,0.6580369316747251,0.504547378158877,43,0.06718244990533653,0.6808272598783849,921.2308120284187,38.31050423491299,1.0774838281342909,0.6416517550543509,0.46377206780665087,0.12111333656230276,1,3,0.17892515414298615,-0.040429987695917324,-0.21935514183890348,6,3.753596935095012,2.5438934791943746,0.7792141834798363,7.178982827449728,0.918784402701736,0.5743247810414541,0.5298831309226785,2.1015812855851883,0.0329511997809813,sdxl_pilot,0.04374999999999998,0.16795140475993242
sdxl_0040.png,1134,3,0.6119609242059312,0.462082934337323,50,0.028967767384118243,0.4792844004873648,15999.936340785378,2.291534791251324,71.31430944976424,41.2844713462485,0.9158937711943848,202.49792880951264,1,0,4.785200954660063e-05,-0.05166087296293109,-0.05170872497247769,8,9.565727620834839,10.537478876252395,0.5478067494081964,12.70299000074825,0.8509384524747357,7.960834925984347,7.727754193172014,85.38872850837723,0.007112316587932746,sdxl_pilot,-0.175,-0.0002379747133667287
sdxl_0041.png,230,3,0.8617696592011914,0.669503073895115,76,0.15604961897318595,1.1520279503885935,906.082197223555,38.90326669873748,2.654603396400006,1.721182213314662,,0.9240084146489057,2,2,0.016749947601111925,0.0204213884571941,0.0036714408560821754,5,6.606851909706542,6.77690506602104,0.2088159959518645,4.7676430196554795,1.1709987574633436,1.029269286451728,0.6015398976769083,3.4121376510169577,0.3140824593753726,sdxl_pilot,-0.13125,-0.1160607437450929
sdxl_0042.png,683,3,0.8310776333501732,0.659543303635661,79,0.07977715280250111,0.9497786167351973,15999.936340785378,2.291534791251324,66.20402682403308,38.45112138219923,,145.55311971199006,2,0,-0.13679520159475156,-0.060565835317336614,0.07622936627741494,6,18.72343699893316,17.559268992373067,0.22159260477673826,14.29620620883939,0.3137255475453138,20.813487708938144,10.621641425368832,60.99381216453742,3.4106187014802267e-16,sdxl_pilot,-0.175,-0.13665424139816973
sdxl_0043.png,396,3,0.8625298427062223,0.6787152135551824,107,0.1631042504917615,1.2335707501181852,868.2031108709125,40.46548769861362,5.1335375228567415,4.020549238607583,0.03212831138508321,0.2765203169887315,1,3,0.568279386474314,0.18672865771201408,-0.3815507287622999,9,4.022406554707467,4.05510229317042,1.3905745137639887,7.343607542408288,1.390574623535426,0.4161522332115456,0.2471513213173515,5.510527190246198,0.041494048988705304,sdxl_pilot,0.09374999999999997,0.28689358100734785
sdxl_0044.png,260,3,0.8049443786501265,0.6074061621749046,36,0.060222904020270425,0.7730384786503093,1624.760833730323,22.28383460551784,1.9589689093124605,1.1673257393457648,0.6712930218186841,0.6247278062329582,1,2,0.47032487721027383,0.1423423310549755,-0.3279825461552983,8,7.45891306650368,6.649915276803516,1.5249947827280268,8.680113022260374,1.5640568027257622,0.9515994472741869,0.4813039749944901,2.709200662529431,0.30627265700728684,sdxl_pilot,-0.175,0.4166040456331911
sdxl_0045.png,609,3,0.8645879267828953,0.6787050656726449,178,0.25665335833689756,1.9783247110831041,499.2404176396226,65.31761042979458,1.834693363626954,1.1904782844217683,,2.218043886825898,2,3,-0.016634574288957982,0.005027571934072106,0.021662146223030088,5,7.426005643071453,7.327446045189641,0.3158561383849996,7.563068487449914,0.33058248709806337,0.24773326299876575,0.10262940794178993,1.963387152337117,0.005799434571247356,sdxl_pilot,-0.02500000000000001,-0.0036374870042981122
sdxl_0046.png,672,3,0.9651651844405749,0.7989677858184877,216,0.21902651627405456,1.821624250065904,902.1270435632089,39.060944914097995,87.99547005603625,50.80524184152877,0.00988835670571257,1.3592800194021626,1,3,0.6266099424907201,0.17682243515911766,-0.44978750733160244,9,5.318461113426919,4.09106612413042,0.12268589876699343,7.90774403769972,0.15041822839638908,0.6192574002760587,0.17572780730244483,88.16603630683751,0.008565405384186393,sdxl_pilot,0.018749999999999992,0.6552332750211751
sdxl_0047.png,227,3,0.9094029628351594,0.7565929731696498,80,0.23176092632351297,1.5099424899927176,3902.641009375504,9.375048617888265,26.468354763518626,15.429442259221132,,1.4483543819355071,2,0,-0.3401463860890135,-0.13673170638884913,0.20341467970016436,4,9.446624749239273,9.236586256742989,0.397601209860476,6.351160523399402,0.397601209860476,6.606496023629604,6.891949522869228,39.37020616084722,0.18500079033342529,sdxl_pilot,-0.175,-0.33832787054803737
sdxl_0048.png,388,3,0.9558878824111599,0.7677479954671501,129,0.207307274866261,1.8054162350839142,1771.9219571044353,20.473967399019205,14.831762787015052,11.3178159493846,0.5152632655097511,1.4327307185482558,1,2,0.48927742439267574,0.23656178597958133,-0.2527156384130944,8,10.469222524554283,9.036949589322132,0.3322476345955483,11.70469304958911,0.6338416903126318,2.021225699735229,0.8137954177462896,16.604438857085874,0.02781565514954723,sdxl_pilot,-0.175,0.47835413933052995
sdxl_0049.png,429,3,0.619403916873651,0.3940841122612213,94,0.10417525096530421,0.6507679248528462,7158.356969390479,5.119177789533797,0.6098609215606814,0.4601467148505404,0.763704549299961,1.976133198774312,1,2,0.08688102180775059,0.03271633645912042,-0.05416468534863017,9,1.467273179802484,1.4466323374475478,0.4979881634559269,5.000576674494387,0.6729067883907183,1.0393082714946515,0.6283369029611439,1.859482063702753,0.24806635346889505,sdxl_pilot,0.175,0.08637857699853957
sdxl_0050.png,527,3,0.7655708255248994,0.5941767345168459,75,0.07613630125361207,0.9087341342258544,8421.320747762315,4.352246663981793,28.84651792926138,18.392147125870217,,5.2054608645763345,2,0,0.22634472130717231,0.09037825264884969,-0.13596646865832263,6,12.709975377503943,4.622474151105771,0.8213977933202479,9.159046722664117,2.0818945672058566,3.1842881437762904,3.3099408757490765,36.311303853974195,0.08378501778728838,sdxl_pilot,-0.175,0.22477235543857454
sdxl_0051.png,425,3,0.950838435810535,0.7956315032961788,233,0.4675641082400702,3.471017537358999,678.1633538557007,50.52175465118135,2.5095134617009336,1.7106311175985724,0.38470696287211714,0.32611041344403624,0,2,0.2830164197219184,0.11852756928240382,-0.16448885043951456,7,5.36589906942913,4.819976265222306,0.8144839130267378,7.64900696476536,1.076109808594707,1.4515169322375685,0.6568074069564586,3.2181387108708215,0.1315981142209006,sdxl_pilot,0.14375,0.2808085222064328
sdxl_0052.png,366,3,0.904228899393174,0.7250941935507429,136,0.23726861419081116,1.6204667243065032,1415.646635251904,25.474731524435473,1.5458865285384036,0.994660408863243,0.16086841053417775,0.9134314128270351,1,2,0.2354519816492101,0.13695525908701633,-0.09849672256219377,8,8.015082822371369,6.622414531577861,0.589956846416062,8.08472873894697,1.7510510033653723,1.0207212394453815,0.776496161613225,3.157711707939962,0.04092493190355424,sdxl_pilot,0.09374999999999997,0.25352387892419526
sdxl_0053.png,677,3,0.9564565217497337,0.788628366628333,250,0.3080071709940852,1.8688961039574423,1126.0859639241912,31.72713294725084,1.5393210302000426,1.0867974838902483,,2.9088412196600975,2,2,-0.10527982343112374,0.013785908567987226,0.11906573199911097,8,1.6718409066317772,1.6303566600908703,1.0218858565845763,1.7735222041830079,1.4458745530003894,1.230106529937279,0.59092082874981,2.8678102641064465,0.4086914038841236,sdxl_pilot,-0.1,-0.12442879849721689
sdxl_0054.png,641,3,0.7397150981123574,0.5545414241428102,100,0.10102467920019738,0.7955384104813003,535.6906447179347,61.70478574302486,6.3812877388782,4.242422171223885,,10.57860780104096,2,3,0.05472556137408968,0.020405203861873056,-0.034320357512216626,5,12.97874307677128,12.525312745952935,0.49165577396113136,13.063801576537733,0.5484725997401028,0.8416303419863921,0.16983414445698375,6.533813058684262,0.021118508971073733,sdxl_pilot,-0.02500000000000001,0.03710949300889599
sdxl_0055.png,405,3,0.9604242678674343,0.7533129993707632,187,0.3395787748677093,2.500450005120838,1716.5534110391663,21.119738749003517,1.8882404201018517,1.3307074785477617,0.604453243717491,0.1006328771166997,0,2,0.44350398834608684,0.169524352224652,-0.27397963612143483,7,6.06645305118438,3.930711583538455,0.5967458235659455,8.956089550575477,0.6720285279497982,2.0710105444951377,0.7931660520312782,2.7111285316733356,0.34325791329998284,sdxl_pilot,-0.175,0.4268331827709373
sdxl_0056.png,699,3,0.9826631707957225,0.8100612322701032,282,0.3021502890830069,1.9724852399524564,629.0008805328101,53.928825059755376,2.281100090663827,1.5099659569839106,0.20847915079682103,0.3836943095732587,0,3,0.591413033346364,0.13178464115720312,-0.45962839218916085,7,7.202144234566044,6.066492240166649,0.31816064346623474,11.282740733832433,0.4329579630515026,0.9063363382619899,0.3828559598314857,2.900179291508201,0.013138597319014839,sdxl_pilot,-0.012500000000000011,0.5428954569319169
sdxl_0057.png,336,3,0.5305150523926841,0.32716898164751856,50,0.08120949023150506,0.6128948012562174,1928.1161961403236,18.846414866525045,1.1366956468560119,0.7472024683189122,,0.17517967885076577,2,3,1.6705069176401497,0.4202392867541014,-1.2502676308860483,9,3.640204429631547,1.7760249228041227,0.7829654842986553,7.565894531436299,0.890815379340955,0.511765861925665,0.24442062656762745,1.5110576754731482,0.26295073578664363,sdxl_pilot,-0.175,1.6880270174615783
sdxl_0058.png,313,3,0.40688034835292297,0.23856940756962833,16,0.013656778329618938,0.2028095507885212,1600.5617063918598,22.612131163127163,1.1526337986715873,0.6990788983525578,0.6933566508121222,0.2610075701878766,0,2,1.3063674787968358,0.3917012604782467,-0.914666218318589,8,5.775757056037731,7.19706800091383,1.059104192209007,11.344278106653746,1.9474528611390491,0.36733326447013764,0.19982827648830306,1.4584911643726357,0.08407687174716202,sdxl_pilot,-0.01875000000000001,1.3049298700584206
sdxl_0059.png,270,3,0.8330001038936053,0.6595492689322621,55,0.1350702798897481,0.9834626776368396,581.9874833371961,57.607510355470986,0.38891105270150206,0.2303345442197548,0.22541317631364916,0.22682845777303784,0,3,0.3372872405626952,0.02000890094027974,-0.3172783396224155,8,4.366557562229244,4.407819232101881,0.28089632368737316,6.020061259699804,0.5629470791867281,0.4157649778492667,0.1337510179549177,0.659098414103279,0.009688624172373607,sdxl_pilot,0.02499999999999999,0.32256613227484454
sdxl_0060.png,888,3,0.6387967981660766,0.4556752446150961,37,0.02670408151537094,0.46487187697400695,15999.936340785378,2.291534791251324,82.24627846129783,47.50394579611506,0.8909878994656968,147.07082118707626,1,0,-0.13590100901551783,-0.07375825607268838,0.06214275294282945,7,5.166987608966771,9.489331299962073,2.126216990909609,6.547829433282763,2.609944205201271,8.719305390043388,4.1982915175907705,87.04800098266249,3.4106187014802267e-16,sdxl_pilot,0.175,-0.13615209310698773
sdxl_0061.png,226,3,0.7393082765471036,0.5301844067669486,55,0.10542454942296162,0.7368444197795823,1253.8328896021712,28.634496231981394,1.3279410534638032,1.0109707661497738,,0.4292322343462544,3,2,0.14682212815974383,0.24875283783814595,0.10193070967840212,4,5.139501228206416,7.279377450557749,0.9417018237063601,4.8981922751416045,0.9417018237063601,1.2475419564267296,0.42981983370349774,2.1703470235856197,0.42869607347224825,sdxl_pilot,-0.175,0.13501854536322966
sdxl_0062.png,502,3,0.9730731897855996,0.805361629317774,145,0.227144313838819,1.9624063071750848,1638.506009905986,22.101519216943455,86.29190997645186,49.83019061808332,0.14531864179027962,17.196296399850638,1,3,-0.21151971527848912,-0.10190355881745439,0.10961615646103473,7,11.310760939880998,10.521766509723403,0.5158581147078634,16.251582364729863,1.1109940942380554,0.6397917038597862,0.40874056817566706,87.00740939716283,0.06830482454446017,sdxl_pilot,-0.02500000000000001,-0.2024108565415248
sdxl_0063.png,450,3,0.9169253014408473,0.7252637150042813,177,0.28729984247307144,1.985914142194505,501.2693686996413,65.10663836150263,2.829070592512366,1.90701219969663,0.7420698350143689,2.1264825428537892,1,3,0.21933551826545417,0.11072569843618996,-0.10860981982926421,5,4.721320119697565,3.9948963878154014,1.6404350770201614,3.938684637745622,1.79947860341422,0.4040359661892092,0.2825093676650188,3.229650950857049,0.062373941492498,sdxl_pilot,-0.05,0.20284231947928844
sdxl_0064.png,264,3,0.8442783228343262,0.6630590316095883,58,0.1130219898622843,0.9308363748808114,512.9668039929066,63.91364798295797,6.884071190959588,4.908710134398926,0.4527905251469781,0.3255868383095388,0,3,0.3838812655625832,0.02872808943829308,-0.3551531761242901,5,7.5243815951492135,7.5243815951492135,0.34007195990481875,8.9711295166307,0.4174941342885137,0.34960996967507085,0.15422688095371845,7.1238797618486585,0.007060834786532006,sdxl_pilot,0.018749999999999992,0.32605025171825586
sdxl_0065.png,886,3,0.6697273794176276,0.43978665530082517,153,0.08978146379660926,0.755533779838037,2565.4932056224525,14.219833281988734,2.5881866207755877,1.5555498056859234,,1.2796529412058277,2,3,0.32815689740364073,0.18384584697771944,-0.1443110504259213,9,1.1610147248390048,1.1429266385658594,2.453710809917173,1.9892246362786494,1.7737017300730775,0.5759913831490813,0.5866261994852292,3.349674437698139,0.2748593721743366,sdxl_pilot,0.04999999999999999,0.33142304838292425
sdxl_0066.png,836,3,0.8112109183591836,0.6679793416131814,150,0.11798552451222266,1.1463783804037022,695.7807311952556,49.396821687562735,87.2529006433894,50.3878064636459,0.4649682703395584,38.5992102394148,1,3,0.2526637362632954,0.0649845759216866,-0.1876791603416088,3,10.923624453862505,11.124378233515362,0.4331642879154156,7.430874589503504,0.41000016837382613,0.538177225520887,0.18095948352232905,87.76048620577077,0.025077093369195582,sdxl_pilot,0.04374999999999998,0.2931654689938188
sdxl_0067.png,303,3,0.7902755149602064,0.5924787890492634,56,0.05930651770377151,0.7373147824204918,1257.873153198341,28.546286603696117,3.6952741889533627,2.8180235831804694,,2.6895592481761113,2,3,1.5402034458955174,0.4150210413613785,-1.1251824045341388,5,4.850361961029863,4.850361961029863,2.3221467597075693,4.107242060441427,1.4454788741147886,0.6286457724980441,0.39318935751636824,4.248053342250667,0.09264281910228177,sdxl_pilot,0.175,1.372623325988829
sdxl_0068.png,382,3,0.9497361740621697,0.7774513286992395,122,0.22334486201061662,1.8905113430048672,1068.1282888741162,33.35532581285584,25.610323672517637,19.203960149502997,0.6688091541157931,5.487305884009515,1,2,0.15704516673492264,-0.00545600204112362,-0.16250116877604626,0,,,,,,1.0157573016505357,0.8744268271615795,27.236253704504858,0.015650136030450686,sdxl_pilot,-0.012500000000000011,0.15074932939813968
sdxl_0069.png,253,3,0.7765604386708064,0.6122457490736858,82,0.17469761891783975,1.3518621250586138,967.9360987139536,36.58780640354174,2.0354339660622145,1.550516677616037,,2.4146155956487103,2,3,-0.1358286387689539,-0.014213123770877134,0.12161551499807677,6,3.1443408041475154,3.1443408041475154,0.6088297074597451,2.7117555734260286,0.7510501096244964,0.8082070546487172,0.6068553410486371,3.3773502502068573,0.08101522886974365,sdxl_pilot,0.10624999999999998,-0.1326571116018994
sdxl_0070.png,512,3,0.8191820528996943,0.6774956533890135,90,0.11300059870649247,1.1126347921761586,3085.7427176020014,11.84113309846484,88.18404934557752,50.9179449407356,0.1723851645101511,143.27062116153488,1,1,0.026801435129049422,0.008840937998624843,-0.01796049713042458,6,17.31978681459675,7.689300664105352,0.3247204762626108,14.134576180074752,0.2519010997650777,1.247721501554591,0.49550875189315036,88.68210723340647,0.22398969654305295,sdxl_pilot,-0.175,0.032852143114428634
sdxl_0071.png,386,3,0.968699561427179,0.8165766595225229,197,0.46550060933648674,2.860755218676144,743.8442631108439,46.55451594643441,2.613496501611678,1.7154487344480125,0.4823944240592073,0.9388182819145945,1,3,0.2603688953208797,0.12282421016389555,-0.13754468515698415,7,4.098257162547378,3.523665431332398,0.9353476121746525,6.544323533070897,1.078234027573064,0.6240582343729119,0.5938931360136916,3.4088073833660815,0.10976670215393183,sdxl_pilot,-0.075,0.08536526895252061
sdxl_0072.png,222,3,0.7148100658114074,0.5042560510053384,40,0.08049963963726342,0.7164354454161409,876.9567603696179,40.093876486570885,1.287949613493197,0.8419237982351447,0.47292715441757593,0.20356575239444807,0,1,0.21898736276654407,0.11728929750500539,-0.10169806526153868,6,4.260682898043292,3.3544281826963056,1.5734185090063377,4.974160378151841,1.7218865713663418,1.3087122922952026,0.6424032257296188,2.6149013952092552,0.30640341918566544,sdxl_pilot,0.0,0.2189873650035239
sdxl_0073.png,550,3,0.8561694589847526,0.6766772553191132,273,0.396858231880433,3.3280892101703614,472.1851626707408,68.25100594029726,4.562973475774925,3.1737602744639246,0.7549318007795822,1.1572492449749818,0,3,0.22808713218090226,0.13357216483174172,-0.09451496734916054,7,3.9279953091883457,3.2398790757263245,0.24547739736849294,4.34503764906579,0.3407921473438815,0.2768920838790473,0.3128729337773599,5.129457631278714,0.025551355068267834,sdxl_pilot,-0.02500000000000001,0.6265813646533211
sdxl_0074.png,558,3,0.7960330885795506,0.6279931829856014,75,0.07908343728259727,0.8036996746165684,656.6599132850174,51.96130540320993,1.0898195650492397,0.663735593506477,0.6546090725398991,36.91989847314444,0,3,0.2840208532766634,0.061045462646546755,-0.22297539063011662,6,4.756003743179691,4.616340448440916,0.41531946592856883,7.122536639554058,0.8370678137218865,0.5388158703455814,0.15960329894550018,1.415625443785959,0.011339587077752,sdxl_pilot,0.03124999999999999,0.23487787711464037
sdxl_0075.png,409,3,0.8642731341512774,0.6897492320124016,169,0.251996377967577,1.983259378430503,578.5638322095838,57.89340831003537,2.884775363754258,1.7833325829953484,,0.42255723785850385,2,3,0.23657051336504453,0.10688455929614504,-0.1296859540688995,6,2.2949940290712836,2.1265360357355014,0.8796800919469439,3.433803488961105,1.3944629185030197,0.3863345321781287,0.4068171242889196,3.462373677622993,0.11045868111608013,sdxl_pilot,-0.012500000000000011,0.24476203253143125
sdxl_0076.png,463,3,0.9012122214878249,0.7287692870251337,189,0.29640940249018244,2.020428964259561,752.1062281208671,46.09677038879446,1.3159243508774097,0.821102798170327,,4.110032947434302,2,3,0.14542453491914675,0.07299174960320998,-0.07243278531593678,6,7.424647406304746,6.000684064924171,0.1471662082506997,9.476226579342633,0.27338543869415766,0.48655642759273515,0.14909197008485026,1.524014581252156,0.009292067139668495,sdxl_pilot,0.175,0.16328360815838194
sdxl_0077.png,199,3,0.534554697744547,0.36716252365888974,29,0.054218588234932454,0.5378821533812514,2339.0522723279178,15.58026866859099,1.9520993393221886,1.5016095133683431,,1.4816180695567847,2,2,0.15101018487711682,-0.1049599130265435,-0.2559700979036603,7,4.562831762585821,5.396189006416189,1.3513486426921917,3.8229467930325507,2.122217169931999,0.5126003177396073,0.4711062968569796,2.9882295742326734,0.13594992682835136,sdxl_pilot,0.1375,0.1608024861617927
sdxl_0078.png,985,3,0.4819734310640896,0.31576231791183257,25,0.013215399450554933,0.31618536409040665,15999.936340785378,2.291534791251324,21.56982058635569,12.545564167364175,,1.9007435712272858,3,0,0.5860202054592938,0.3107465176680999,-0.2752736877911939,9,3.165062702689485,3.164262631667368,2.724680218905186,7.392365447705864,2.3011381204430785,3.536826418504888,2.888068326476703,26.73282171061432,3.4106187014802267e-16,sdxl_pilot,-0.175,0.6186353122539447
sdxl_0079.png,404,3,0.8734600988885454,0.6979454551611334,104,0.14707369345650906,1.231297028840873,338.99818849507204,86.69736690820292,0.5172360382500472,0.35749648782786164,0.1416002354245832,0.09941154623749346,1,3,0.06244923683918269,-0.016772542617840003,-0.07922177945702269,8,3.6863821041732505,3.5167416083370377,1.1294295133378909,3.4631468609700646,1.1893387959344142,0.3938380864740783,0.27051086715901895,1.0810014515413862,0.040378016411566894,sdxl_pilot,0.03124999999999999,0.039193231127440664
sdxl_0080.png,560,3,0.5643252484008415,0.4080064879024897,13,0.01330867952505066,0.41253768163686455,15999.936340785378,2.291534791251324,79.43549981767663,45.88012272242311,,260.9204621677842,2,0,0.1252813694922288,-0.015648002749863554,-0.14092937224209234,9,5.956187064453271,5.903668893566848,3.765971593888686,5.039476101788283,2.5749978782514726,12.212450757217974,8.863469852627691,87.44433117188917,0.1847350028378469,sdxl_pilot,0.175,0.12511960672186406
sdxl_0081.png,321,3,0.8419500551509792,0.6619767197036228,110,0.19073799124523072,1.3795522453012445,589.3840553059509,56.99858367549821,0.8840163047604506,0.7539131868130833,0.3927118397546587,0.7105873089223665,1,2,0.0015696968607233908,0.09905733842224751,0.09748764156152412,5,2.1068119395353566,1.5912183132273177,0.6827763427199396,1.825314766339009,0.7714927221662506,1.6581627738265752,0.42937074101405226,2.015837659125867,0.2377237369300576,sdxl_pilot,-0.012499999999999999,-0.013710124375168942
sdxl_0082.png,522,3,0.8178666866194039,0.6438861455469164,143,0.18732385115573918,1.6631691662315264,4644.745099915126,7.882337021294986,5.342973831364574,3.269540446094588,0.4392262243623632,0.8864464759998786,0,1,-0.17510663017425032,-0.035193109084661334,0.139913521089589,2,11.641525633057407,,0.8021911660834666,5.820762816528717,0.4010955830417333,2.0737243835380155,1.1687437468637678,6.9021835975874115,0.04149381849533649,sdxl_pilot,-0.175,-0.17930346441890543
sdxl_0083.png,447,3,0.8458125027968777,0.6383805442933163,179,0.21290502870356606,1.4439441038001828,1537.9888387462734,23.506988942053404,7.727211218796754,4.770516901333786,,0.12280480984947706,2,3,0.2725398324692814,0.051934151995238986,-0.2206056804740424,7,5.53417569811376,4.953466766707324,1.6365166177802575,5.906268600223102,2.649152917299293,0.9558964995005016,0.9925407925088017,8.896126178924499,0.12598679603450436,sdxl_pilot,-0.175,0.29043745996512993
sdxl_0084.png,257,3,0.8248854765431672,0.6482410819124963,62,0.13351704277838286,1.0372119421567025,1009.822598879221,35.165499034376886,5.076656368117824,3.0397829454407725,,0.24186562229943856,2,3,0.6213975711906881,0.138293188813023,-0.48310438237766506,9,7.488155160325444,5.829105560364047,0.5910467914843589,8.37617724777544,1.7238415933969637,0.6394674620129324,0.5398017301944016,5.797758297950375,0.038057741841200886,sdxl_pilot,-0.13125,0.5192211701289061
sdxl_0085.png,618,3,0.7617665430491218,0.5464716287252234,198,0.17603486570317695,1.166974681281888,931.7480115091818,37.90909413252444,0.8370049063017007,0.6275548940753264,0.7020578051663882,1.8773318249705608,1,3,0.07474014000453377,-0.00596316065463065,-0.08070330065916442,9,1.0908505213514643,0.9388174009622047,1.4052462540481803,7.335386170465959,1.6445213927261193,0.7136418867964206,0.3008071624861456,1.4087091783254655,0.30886946771289164,sdxl_pilot,-0.09375,0.060541740275551925
sdxl_0086.png,615,3,0.7083287165390231,0.5163477711484301,70,0.04982253888102658,0.5745678898807209,4480.331537863642,8.170630948217044,80.57682129894188,46.56802102546193,,38.681246123604566,3,1,-0.3488120493538327,-0.1780514666412596,0.1707605827125731,2,5.642133389522469,,1.0084912325466249,2.8210666947612593,0.5042456162733124,2.128307508300543,2.1561381890171694,84.551720212353,0.06820367005516631,sdxl_pilot,0.175,-0.3545113305815001
sdxl_0087.png,291,3,0.8688337006951083,0.6826956757175168,85,0.14719974854167875,1.4401925931789092,2254.390860073776,16.157782641995045,11.037909105249668,6.9313249377495225,,1.5473748521743926,2,0,0.17988787136404805,0.015411590473366377,-0.16447628089068167,2,21.139597660134477,21.139597660134477,0.6156842204884772,10.56979883006728,0.3078421102442386,2.129556712774123,2.2158426411695573,12.628168399251317,0.08829460125378615,sdxl_pilot,-0.16249999999999998,0.19793071139008023
sdxl_0088.png,604,3,0.660984055370788,0.47479260163241066,71,0.05948447140317488,0.678174788650505,15999.936340785378,2.291534791251324,30.72831702930906,17.808704440624982,0.8081083338224125,83.58102132332974,1,0,0.17940724702682276,0.054419916721934025,-0.12498733030488873,9,9.416757593463588,6.3189628146431485,2.4285145570288837,7.409437539385813,2.6491546332594242,6.023772026206337,4.936499980989277,38.241064978925266,3.4106187014802267e-16,sdxl_pilot,-0.175,0.17874973667255045
sdxl_0089.png,262,3,0.8968287212657335,0.7353038475190079,89,0.24215284099345863,1.5753369931598282,898.9291382684441,39.189335034071604,1.5007591269806255,0.9883559417419758,0.47854636520404353,0.4215163523072983,0,2,0.10887700469403394,-0.08053633705436436,-0.1894133417483983,6,6.223615332985993,4.394293606470214,0.8135521020866863,8.480810710406884,1.0111898194579094,1.7609018545823396,0.6730300392500008,2.9146662994482617,0.13814593586508306,sdxl_pilot,0.175,0.0810474455846828
sdxl_0090.png,582,3,0.8521094607042671,0.6874823000574785,130,0.1520148853853476,1.382259408564069,80.00046220075686,151.92735728683144,86.23663070220074,49.81294014669483,,93.29136233160656,2,3,0.27860400685828224,0.08859751479492961,-0.19000649206335263,3,4.17941286004139,5.127872610598942,0.36197658997876037,2.566580700683195,0.18098883286406986,0.19443757632808542,0.14648098994246442,86.56686806466033,0.5422152434475708,sdxl_pilot,0.0,0.27860400323889567
sdxl_0091.png,471,3,1.0316801335310768,0.8726188446406002,188,0.297845319554109,2.1065826525226825,1018.6607288402989,34.8789665289705,7.349356224083792,4.963435293635621,0.4663327226023153,0.25810877214862804,0,2,0.7282375401938221,0.15262113195839344,-0.5756164082354287,7,8.388920262672759,8.280989662642632,0.3509072663928121,10.47806570321464,0.5785510584538378,1.2982124114467959,0.6887501040878373,8.164161125314074,0.027224712617329866,sdxl_pilot,0.08749999999999998,0.6068635703889558
sdxl_0092.png,381,3,0.9723019920305843,0.8014128869823718,113,0.20919481751317848,1.4689257244334764,296.45396326082573,94.37480528447074,5.717109947905229,4.323305406530276,,0.9892510963237882,2,2,0.09664065578381464,0.1566617542678609,0.06002109848404624,6,5.277621771308205,4.659194534166536,1.1525967070250323,5.387588665953704,1.6144380183020064,1.16689873598566,0.6660989850178971,6.848003685896676,0.1062447338864854,sdxl_pilot,-0.006249999999999999,-0.00525567352046219
sdxl_0093.png,571,3,0.9748865309570026,0.7728535241925729,209,0.31820462109370795,2.075998161214197,1150.9170080219687,31.076026914210914,0.5197972355028355,0.3851026091444584,0.979435520760015,9.326872203937125,0,3,0.1861174728843651,0.15218716362033557,-0.03393030926402951,9,3.562791520055833,3.4043394029582026,0.3248862334990221,2.9637107933255935,0.5056172805658612,0.5536519994305792,0.4015239394272888,1.3947632885275016,0.2838824961713535,sdxl_pilot,-0.175,0.15041614913465795
sdxl_0094.png,808,3,0.9563868083688928,0.7917647739966832,241,0.2501321275458606,1.7914261739013444,550.0944801697771,60.37469053291767,1.4876641350900286,0.9120761514369299,0.06835888879067065,0.6187821676151901,1,3,0.17987796897751152,0.009789724273545963,-0.17008824470396555,6,4.3450307681328795,4.254386600414545,0.12365982787798746,3.7460619698094644,0.22199677338295887,0.28567738535418774,0.08772372249644766,1.614008854265831,0.007784637186971582,sdxl_pilot,-0.012500000000000011,0.17441375056581343
sdxl_0095.png,283,3,0.8881409877608989,0.6963990888081948,119,0.2718729690616229,2.1037404181422366,656.1630521363707,51.99547073289136,4.645328297630982,3.0588197990779094,,0.275581182180995,2,2,0.05213479291381262,0.17335633167569842,0.1212215387618858,4,5.3065993373302005,3.315000266019181,0.10575849374193735,5.248516239024715,0.10575849374193735,1.2606903230981044,0.2995052843158191,5.3471288777821915,0.016538411471033146,sdxl_pilot,0.02499999999999999,0.6541498267082713
sdxl_0096.png,785,3,0.9107906051646697,0.746821303243958,279,0.28786029964173454,1.9670352765941375,1021.3392690777493,34.79301944420074,3.450759981534091,2.4897647053179046,0.2515305901370907,0.40330790214741746,0,3,0.19263780752934834,0.0768476348972148,-0.11579017263213354,8,8.609033816525868,7.4104890488598,0.5665406864721358,10.459416024257655,0.6968442665704333,0.8102552004890071,0.2425652962763518,3.9434337394943797,0.015990453719693216,sdxl_pilot,0.05624999999999998,0.36964697339715336
sdxl_0097.png,176,3,0.7839917225672282,0.612546350814845,38,0.10126435070461372,0.9380022605157867,415.00026754470446,75.27047178614662,0.48539188316338766,0.3132862655753441,0.26219236941736124,1.5392386271314984,1,2,0.43955617919013024,0.1366800635143789,-0.30287611567575135,5,6.683781884775388,5.659331324307336,0.1946303555774893,7.252562236786389,0.23779351687468653,1.1057086180377143,0.140640590474361,0.5620614003271638,0.01765097818604823,sdxl_pilot,0.006249999999999999,0.41014990292422304
sdxl_0098.png,459,3,0.7114110133624718,0.5053378394385453,56,0.05965142031900602,0.6716308379764558,2198.426836905015,16.56346565000564,3.172863448599088,2.084216245799406,,0.02470874492360206,3,2,0.6506665658408595,0.35704916490212657,-0.2936174009387329,8,6.26196610651361,3.0728316666386477,1.275472106907332,8.635719663933981,1.9127192803378543,1.0238058817535225,0.9105086125685083,4.503846903817975,0.2654039269532322,sdxl_pilot,-0.175,0.6217030993302761
sdxl_0099.png,248,3,0.7869808310544292,0.6189316024098985,48,0.10910947802575682,0.9839712837824879,631.622676874703,53.73642755602853,2.2970195652993795,1.6214201962939963,0.4598811617309318,0.08822854515692027,0,3,1.4177554521766824,0.22806681299197695,-1.1896886391847055,5,2.301984699819781,2.510480743679465,0.0828817652808218,3.1578156577144036,0.10061367841709146,0.5707805114847367,0.4858144523625555,2.994456916952247,0.01039392247595614,sdxl_pilot,0.13124999999999998,0.2116167107804785
sdxl_0100.png,748,3,0.5773329870255041,0.41149394208144147,25,0.022683654754095273,0.41351717299675983,15999.936340785378,2.291534791251324,20.0847561181656,12.241021665995598,,6.209421019089875,2,0,0.041281677635066405,-0.07693247386362279,-0.11821415149868919,8,5.205932155771059,4.633037840051549,0.8166042085836356,6.180843384650592,2.3635314475116758,3.6748097550457253,3.1487650695072626,24.553917291562982,3.4106187014802267e-16,sdxl_pilot,-0.175,0.041112540677491705
sdxl_0101.png,149,3,0.7285365139587203,0.5462618755924469,25,0.09470270134230639,0.8308037404583604,964.6250915959496,36.704988915595386,1.3571095298044185,0.8069281051217329,0.5474473876611837,0.3605867133262403,1,2,-0.11564711104537695,0.14657580294990258,0.2622229139952795,7,2.0737230380670097,2.1152882679409206,0.7759046219440409,3.0348180298489242,0.767246003383828,1.6239609638848012,0.7379436696160316,3.1174004921154177,0.28660824298303483,sdxl_pilot,0.175,-0.17105131702344756
sdxl_0102.png,456,3,0.6660989936927205,0.4716585985450647,66,0.0802883938021307,0.8152425925336623,15999.942308591517,2.291533936761378,8.636507056781767,5.568041658685142,,2.347345255461965,2,0,0.2335749418300508,-0.08449539582996435,-0.31807033766001513,8,3.709001672754031,3.841801584202923,1.9316160256502601,4.55094526590108,2.649153758468326,4.466795149407802,2.47742249179772,13.516319838424003,0.15299292482978907,sdxl_pilot,0.175,0.23389926808912875
sdxl_0103.png,464,3,0.7197303311049371,0.5568171470449907,139,0.14500008850216792,1.4965627251648002,8918.700001377345,4.109744201611341,66.53248990257059,39.39680511810382,,18.94197079029135,3,0,0.5927270920676568,0.1865748433968739,-0.4061522486707829,1,,,,,,7.495163859670083,5.371606576172304,77.25289321326379,0.17389398277942708,sdxl_pilot,-0.175,0.5976242170593244
sdxl_0104.png,243,3,0.7699796759539851,0.5738741527289024,62,0.13952611939769433,0.9095458763836057,1528.5901125890982,23.647467833895796,4.102772903755167,2.4408151170228307,,0.3711598111240765,2,3,0.7486503889475132,0.14959004324264547,-0.5990603457048678,4,2.5956966766298226,2.694502190458044,1.159345432962216,1.5988498541520142,1.159345432962216,0.8929492042388976,0.8929445590112673,5.447912739257957,0.20930322418004302,sdxl_pilot,-0.175,0.7162570212780598
sdxl_0105.png,694,3,0.7471121185262131,0.5567602316151748,121,0.10979575243359689,0.9684999417346519,772.8343006045599,44.9850082943975,1.3980198796867427,0.8265511869481528,,2.7334661315355064,2,3,-0.0079921074849848,0.02552798968859593,0.03352009717358073,7,5.190071914184098,4.249103804855644,0.2522260376280334,9.001826421068184,0.2933076489500741,0.42588148655235647,0.09651822161173997,1.5691937762596375,0.009635021388784755,sdxl_pilot,0.0125,-0.0026879091571098135
sdxl_0106.png,497,3,0.7766988813286835,0.5829265946621558,133,0.20024211677685516,1.6413464634407082,2156.6004952893613,16.8801229687623,88.4107449847852,51.04544159321109,0.0847470257611137,44.4817159570753,1,3,-0.08194636096659469,-0.12993867519094127,-0.04799231422434658,4,4.057029150671159,3.9708317937754183,0.3794320111329683,4.031086866948654,0.32379611323753643,0.529782966299766,0.3236440617177083,89.03033787203906,0.25213341728028515,sdxl_pilot,0.13749999999999996,-0.02432369629018516
sdxl_0107.png,189,3,0.8207377665506952,0.6406675373669329,82,0.24485131886195333,2.1756606560476106,2147.9805029593786,16.946882562464953,46.93153082039106,27.3992789315535,,34.68518992608451,2,1,1.1684933692275608,0.16440461112682547,-1.0040887581007354,2,2.3998091535213333,,0.2997298938645834,1.199904576760703,0.1498649469322917,6.30309105066192,3.073524570684938,51.0964402654828,0.13160072442073442,sdxl_pilot,-0.175,1.1862758849042012
sdxl_0108.png,571,3,0.8700890388913487,0.7119164650508609,138,0.14974867953302728,1.271414519334152,2715.9226518018727,13.439636138223571,89.41123968862692,51.62213352720064,0.04104835551649765,227.3525800179903,1,2,0.14094663746105074,0.04392610199328384,-0.0970205354677669,7,9.289205426376208,10.004360378257147,1.312111319547867,10.6405096102117,1.9580399822033159,1.2605674218440712,0.11072050325364345,89.6072164018137,0.38806252097174554,sdxl_pilot,-0.175,0.15556759748272708
sdxl_0109.png,252,3,0.7896172074510965,0.5826344326392897,54,0.10519282566907019,0.8299770330826334,1083.462988827609,32.90893388655512,2.8813612515916702,1.776491222307811,0.4901811194215423,1.0990735025282048,1,2,-0.21405906735769753,0.047058427727683316,0.26111749508538085,7,2.8201698982511703,2.9795929588819936,0.36827071298981195,2.5152999969388765,0.9129114102308686,1.9817314745825594,1.3902137854935834,5.346291857781119,0.34758857287853445,sdxl_pilot,-0.03125000000000001,-0.21837478552848533
sdxl_0110.png,514,3,0.8486769867139666,0.6749016354304891,101,0.1414878849649484,1.2398261007886402,1984.35194432327,18.321499137310685,89.07585771727145,51.487991184715455,,3266.7992461138488,3,3,-0.036458491692524575,-0.08687089123418312,-0.05041239954165855,1,,,,,,0.7472810169930457,0.24403687913751762,89.45362047300246,0.47040522360106884,sdxl_pilot,0.175,-0.014467282456010588
sdxl_0111.png,421,3,0.9017700432275783,0.7477542048256246,179,0.32381335719713433,2.312325476136695,507.9048926436737,64.42507232831743,1.0182397356312975,0.6610107308318137,0.0345218463855618,0.016987151731938818,0,3,0.1014468366141662,0.07122368541253021,-0.03022315120163599,6,10.742909988632459,8.359346106009022,0.3706270942417671,11.794502544277993,0.9549599306861101,0.4945574327173643,0.27834228583827425,1.2635820435940046,0.01059484363038965,sdxl_pilot,-0.01875000000000001,0.0668761684078002
sdxl_0112.png,188,3,0.7190914495088107,0.5687126600993535,41,0.11107079987569318,1.0983242465936875,15999.936340785378,2.291534791251324,12.343879321981973,7.270588998953418,,8.949119503418276,3,1,-0.271817211604669,-0.14378929538691065,0.12802791621775833,5,9.085545677877455,9.94156269086966,1.915633263420288,5.136078487122567,1.8175989949610845,33.29612164512203,14.2695166579826,51.228712877550024,0.2877048068042282,sdxl_pilot,0.175,-0.27263312556077857
sdxl_0113.png,785,3,0.9661445470082346,0.7788027441288402,341,0.3540460694987203,2.451583300917653,901.8177069486218,39.07332889296284,0.8901086226196355,0.6384070488410677,0.36995623246595083,0.6105763766872169,1,3,0.0881433288603155,0.06524031953727927,-0.02290300932303624,9,3.0627277935313666,2.634100526644554,0.5353783509528096,5.449085693132553,1.001451555543483,0.8711810891835824,0.5064912485038577,1.9334048921123639,0.1795539760044923,sdxl_pilot,-0.043750000000000004,0.08507395838964671
sdxl_0114.png,665,3,0.8972143701573878,0.7294594530123594,192,0.22405499656721145,1.5361728777098989,554.1219060545463,60.012030036441125,5.732907483690752,4.223102650285675,0.7707042876540391,77.87490622935225,0,3,-0.08292011963084767,0.041825368289393317,0.12474548792024098,9,5.409973516086591,5.8196454526776655,0.7886864007217129,6.615876960818345,1.7180064372644699,0.22464814118018941,0.1537139720195687,5.895427911356184,0.009764540455928828,sdxl_pilot,-0.012499999999999999,-0.09153379085718871
sdxl_0115.png,284,3,0.9369145367192909,0.7510038835565017,111,0.2705748466248907,2.0564416489961017,357.5355996710238,83.65808893008499,1.7508027609180346,1.212713226516373,,0.038134429700224876,2,3,0.18111220362150904,0.11685626035621277,-0.06425594326529627,8,5.856970194055625,5.399508554357508,1.0014762593734514,9.235722076550076,1.7304017374521328,0.39573847139985907,0.3227728625749616,2.4300754614697806,0.12139722132560662,sdxl_pilot,0.0,0.18111208720869343
sdxl_0116.png,495,3,0.7710860962504181,0.5716094951764683,105,0.12740816230947274,1.0262735896872481,4216.955607202038,8.679046918766263,88.30578930290814,51.0509514890761,,135.85061596566808,3,3,0.04775089548860212,-0.013450715709803163,-0.06120161119840528,5,7.402536384408181,7.402536384408181,0.971629159352084,9.552760896524122,0.7917472229737004,0.8846197813868306,0.5522144783807864,89.25492939843646,0.48888292288759233,sdxl_pilot,0.175,0.050537714764134156
sdxl_0117.png,222,3,0.8017306737599763,0.6191796546468752,43,0.11979879500621365,0.9524463065540226,424.9449560709714,73.96232489907744,0.585055780451512,0.3474022347459646,0.3402139547287948,0.5843024634010306,0,2,-0.3613755917726068,-0.05413777734309977,0.30723781442950704,6,7.065426518511998,7.065426518511998,0.4211558032982037,12.106790830397427,0.40855827281148605,1.2737330449678692,0.14279891048669976,0.804294778938398,0.024249543240197336,sdxl_pilot,0.03124999999999999,-0.37407325867461905
sdxl_0118.png,97,3,0.8207078533826205,0.6619934570724844,14,0.08589413826385431,0.9617249764310004,671.4257497396993,50.964727381300314,0.9941699957630874,0.689722098801775,0.3595398514620302,1.1302137734747792,0,2,-0.09165186554823879,-0.12216455384812197,-0.030512688299883184,1,,,,,,1.380946618123588,0.37442292772720964,1.5499218798924663,0.01818577808743451,sdxl_pilot,0.0125,-0.10113074701070568
sdxl_0119.png,360,3,0.7998242367022694,0.611687861307963,86,0.1280370818435518,1.0237956822500633,635.3365641801195,53.466053745083144,3.6216028979548582,2.865580580975523,0.5238007076784016,0.6744351797793132,0,3,0.03475847258427045,-0.03973368298366853,-0.07449215556793898,7,8.122292457048118,7.529469220741399,0.5109585349643933,10.027707350113035,0.5943933014157472,0.4499681520055395,0.1424738330978865,3.8486033652456655,0.008534851338689638,sdxl_pilot,0.02499999999999999,0.042638621692441925
sdxl_0120.png,794,3,0.6590360264265089,0.48866513965563935,38,0.03026917094482686,0.4617477768154239,15999.936340785378,2.291534791251324,17.622900730933836,10.438474218746304,0.9809378835506235,90.95496468591112,0,0,0.09247339192528159,0.007715582371207175,-0.08475780955407441,9,6.54882094558616,7.041334100869309,2.644678097263099,8.794126754422892,2.6446781561388866,4.327103795807319,2.2610367852266826,22.037125900357008,3.4106187014802267e-16,sdxl_pilot,-0.175,0.09138248441944541
sdxl_0121.png,147,3,0.8026639019397791,0.630466619315228,36,0.10171638836155876,1.0337053948206587,1359.6260824038573,26.488065890324783,0.5415198351124246,0.34480232265447597,0.7402198605546455,1.7720314430133919,0,2,-0.34020620701176074,-0.1903987543896506,0.14980745262211015,4,2.6050334354552414,2.67434492520243,0.23793908481155857,2.576620133443142,0.23793908481155857,1.0255118318979592,0.351316568430149,1.5438671453484627,0.1062310022634443,sdxl_pilot,0.08124999999999999,-0.35712241125200994
sdxl_0122.png,531,3,0.7707447242514316,0.5879692195037405,130,0.13507876182928752,1.279276789521451,6807.258898617208,5.382830950446946,17.396224313926325,12.36406453171669,,7.788422928719562,2,0,0.08920390423402436,0.057531619862001615,-0.03167228437202274,1,,,,,,2.9360716163714304,1.0684975813002953,18.710499741164057,0.0685573519872393,sdxl_pilot,0.175,0.08763446340166914
sdxl_0123.png,376,3,0.8914263100808567,0.709001057057633,163,0.33583331023659224,2.2064763294535368,408.0231968988924,76.2119901329867,0.8856835958220444,0.5904835004797316,0.11025179323755711,0.31787101924323385,1,3,0.5072970690797414,0.21819941577942314,-0.2890976533003182,7,6.523695948584578,5.578956349465429,0.8482218556943746,6.421948101911227,1.2301102908522838,0.6037714818914688,0.2250160501402132,1.4591984684352401,0.03538533778895201,sdxl_pilot,0.09374999999999997,0.5432576008497668
sdxl_0124.png,280,3,0.9128430631529453,0.7176176306418829,98,0.26226015197629204,2.0811418482675723,404.0783163037128,76.75321484824798,7.618239456327316,4.856323447117763,,139.91263348131278,2,3,0.31018807621181055,0.04520843263597785,-0.2649796435758327,5,7.522886844963541,6.065492250785747,0.5683537509608274,10.297993604322558,1.0379210705525597,0.6208710562958142,0.13269957120868262,7.914504901668743,0.01082940851041505,sdxl_pilot,-0.05,0.01876575430177274
sdxl_0125.png,606,3,0.7573284461112435,0.5457055170052828,146,0.15364142276860548,1.3122855985363668,1831.0630800777462,19.826012624741026,2.194395149602343,1.3955701756530652,0.2566491520262181,0.35594133059944183,1,3,0.20893363932443965,0.1935379365881016,-0.015395702736338057,9,5.374731635763914,5.269943634966638,0.5263596467585772,7.170725002169581,0.6906182201439415,0.6350685534916153,0.45621598584000744,2.7637472912260623,0.17182378863348818,sdxl_pilot,0.175,0.20887145478400249
sdxl_0126.png,530,3,0.8239490270741664,0.6588828887977264,61,0.05437448154753944,0.7361618551916429,896.3845539521288,39.29207618824217,5.222439106730192,3.9506810779379795,0.25658752089095194,0.31502586488604123,0,2,-0.0915218772164691,-0.04120458656388104,0.050317290652588054,2,12.402717719553664,,0.2981225780650876,6.201358859776844,0.1490612890325438,0.6699586062115163,0.16419045023132112,5.4142135427780875,0.012938126349743333,sdxl_pilot,0.018749999999999992,-0.09494698200192997
sdxl_0127.png,296,3,0.8003811671105533,0.6163770736674054,70,0.10873192071332938,0.9684402230915273,4230.034575733876,8.652313951514289,7.609793920494155,5.686710758006411,0.79976746781419,23.105574546418296,1,0,0.47691390460317207,0.16841548443323529,-0.3084984201699368,6,11.447630621945196,11.419374136272644,1.9742731460447906,10.767065758241898,2.326340751293973,3.268895667865772,2.247759610249288,12.300217653472027,0.1592914943063721,sdxl_pilot,0.175,0.46901932505626365
sdxl_0128.png,506,3,0.952511258166328,0.7772811554636129,161,0.18922477816510952,1.4989925798977026,844.8379716045886,41.49045443753318,5.909446863798635,4.986366942331594,0.21336386728961396,0.22553165462641112,0,2,0.14553086501725387,0.0924718654215343,-0.05305899959571958,4,12.795769590193572,7.132124388841662,0.4988523311316282,12.503049302007343,0.4988523311316282,1.489077876928485,0.5531263093663831,6.8928542417915,0.024619783832059466,sdxl_pilot,0.09374999999999997,0.16594093774153063
sdxl_0129.png,298,3,0.773501307554891,0.5919621331953374,108,0.20899715388247136,1.4601780211120996,399.6172583065414,77.37313427466756,0.8306812339636593,0.5104685532348091,0.5173729519141433,0.9939581687980854,1,3,-0.06200599452216904,-0.024703402933189622,0.03730259158897942,5,3.539560643906153,1.9529598459508695,0.26362166056125025,3.1670893011056167,1.203423821881065,0.3556118572161834,0.20687343870798527,1.1900475102113333,0.08554821256722521,sdxl_pilot,-0.03125000000000001,-0.05947635006707619
sdxl_0130.png,437,3,0.9644912059826689,0.7818459368762364,168,0.27870294753422675,1.858704505999504,940.5167799738048,37.580560755792355,4.554775469357665,2.6710259317799636,0.1724001340636227,2.4679672216030513,1,3,0.02883965002095512,-0.013109707648768731,-0.04194935766972385,8,8.486905936666973,10.829624647131455,0.4400384247710831,8.41396982832094,0.5245240803384648,0.4827739542661505,0.19890369348216919,4.913851074814623,0.009787189779166008,sdxl_pilot,-0.09375,0.011995298221948225
sdxl_0131.png,374,3,1.0517117809863037,0.9002440172690657,168,0.41087318210484397,2.4685651450605413,833.7384898641066,41.994942208437045,3.960371401429171,2.4645182805003554,0.4256275618435129,2.8520071691411433,0,3,0.1652130803825369,0.03661541524768386,-0.12859766513485305,7,8.400464104005492,8.75500580550198,0.2887889467778164,8.901717108486764,0.37268052233458393,0.8376872300363212,0.5237743345885516,4.973167253234303,0.01490866718774798,sdxl_pilot,0.15625,0.37639590761072084
sdxl_0132.png,312,3,0.8464173061087076,0.6376278041583588,84,0.156738116754605,1.113035041772439,2560.535809477842,14.247081419303143,2.3804250283805715,1.5105172500835091,0.762903801051832,0.3046090162334311,1,2,0.2685012022767823,-0.025767346979086447,-0.29426854925586876,6,6.540213621801241,7.08277517274126,1.0984744214385804,7.816520708584176,0.827941472723873,2.5437912179391713,0.970416984328856,4.230944631146039,0.17798808509991465,sdxl_pilot,0.175,0.25206985927515957
sdxl_0133.png,745,3,0.8524000625854901,0.6798103423424928,287,0.27941827499679306,2.304968007767352,4319.882449194847,8.473019316647282,7.925695518705581,5.455212988862016,,2.5574876958093857,2,1,0.38517836985534526,0.09669166308607813,-0.28848670676926713,9,12.811408323432076,13.254898766739288,0.589472022392604,13.112650374265419,2.271083561404629,1.6879385483220233,0.9812912285462858,9.516387878950772,0.08731152478031022,sdxl_pilot,-0.175,0.3859304905308476
sdxl_0134.png,619,3,0.9656096218174643,0.7845311856860625,235,0.29372689324902157,2.4131436297799858,2336.2741896400894,15.59856741284512,89.44944779852852,51.64413983593699,0.043362223107856514,324.31060958590837,1,3,0.48255830857799686,0.22171185385394565,-0.2608464547240512,5,3.7240909463959295,3.622101138604254,0.498661617448104,2.7753343074773658,0.5602513239181817,0.8545834509410983,0.0771329584709353,89.62642640820013,0.16588671938731436,sdxl_pilot,0.175,0.3943579194296807
sdxl_0135.png,470,3,0.9128844942050848,0.7324254874321463,166,0.2187138818487605,2.0362372963415956,428.93258304455367,73.4486736544076,3.990806354005997,2.4259553374220424,0.51859293839696,3.163208668344547,0,3,-0.11170704407538756,0.143167034865177,0.2548740789405646,3,7.166740452716114,6.021638178521659,0.39523719003996227,4.349557201301482,0.337156660115852,0.3976982993576675,0.17751676855005186,4.244144731957602,0.008665407858664525,sdxl_pilot,0.0,-0.11170705662480718
sdxl_0136.png,600,3,0.8976088248450333,0.7073279333680957,167,0.20247459858686417,1.4245998735299155,1045.0594755612324,34.04945587157672,3.0760730532947065,2.006409843554069,0.2988767822811314,1.0852568368996665,0,3,0.3947695771100308,0.1167578604838666,-0.2780117166261642,5,13.269031804325717,12.890438244834302,0.4239810611727117,14.045040298588022,0.3512505387941385,0.35078093213857886,0.11308371145116836,3.2588627378115356,0.007027617273648917,sdxl_pilot,0.1375,0.41528426184390743
sdxl_0137.png,249,3,0.6861568195795448,0.48127561543278485,57,0.12029562411657155,0.9472861114306361,1225.8943287604684,29.259380731089273,1.0038424726548953,0.7743716554991603,0.7389883594053976,1.8500328981493919,1,3,0.3809517387794906,0.10714638356123574,-0.2738053552182549,8,1.5450928730372784,1.4159134583929613,2.446126321967719,6.324478454431459,2.037746550709135,0.42739662949264656,0.3912100763274874,1.6688039055400217,0.19323989579992495,sdxl_pilot,-0.175,0.36112023166481977
sdxl_0138.png,307,3,0.5850605402631975,0.36628665815617023,21,0.020511237420440864,0.3471706803365245,2190.002259098963,16.62629376880334,1.9621007140800657,1.373450675441124,0.5731879120121715,0.21675132591285773,0,2,1.0778543219888184,0.20477214018395884,-0.8730821818048595,7,6.739938587427118,3.4760168195434895,2.557784172016069,8.160594955710247,1.8229485939445347,0.8416324006121915,0.3141779165023015,2.3524694498621646,0.08762916007110148,sdxl_pilot,-0.075,0.9540715559419991
sdxl_0139.png,385,3,0.6738954225944875,0.5039160129624165,59,0.07819681737986038,0.7553162911834728,1159.5373131009412,30.856044112095116,0.19875257786780764,0.1347038244324531,0.5262573695598639,0.5273589939717308,0,2,0.4050956305579023,0.05757615149417483,-0.3475194790637275,9,4.553172616442592,4.4177839245516966,2.3146005095490536,4.536110208893637,1.750189453584719,0.5147569431970118,0.26333986138346493,0.9294254184031008,0.05567148858564026,sdxl_pilot,0.09374999999999997,0.2534228438801587
sdxl_0140.png,1201,3,0.6480307051540197,0.4898887162025244,71,0.0404182526975324,0.5703832120948386,15999.936340785378,2.291534791251324,65.34115173705919,37.731223170666155,0.6046782055275975,47.3303466122942,1,0,0.0868741666837134,-0.02580870258213097,-0.11268286926584437,9,10.542893629055477,11.741083668811672,3.853310761068384,10.618673949560765,2.649154663445281,19.56082755406738,9.350872665499368,84.52719117379235,3.4106187014802267e-16,sdxl_pilot,-0.175,0.08652592916780577
sdxl_0141.png,287,3,0.8765858723399466,0.6810696989448551,43,0.07076383793583298,0.8413541258974101,276.86372647408206,98.26733697564843,2.7797891606199983,1.947065124044952,0.5360285074309845,5.494691621020945,1,2,0.35106748250217645,0.10893294282793509,-0.24213453967424137,9,1.6203674678039308,1.463318045938447,1.3280823835892264,2.6269319736148207,1.676255144089641,0.7692568865891339,0.41504306120288165,3.5954318899897726,0.14322858959008403,sdxl_pilot,0.0125,-0.02953143059139729
sdxl_0142.png,504,3,0.9174540964982166,0.7532088529882975,141,0.19112233050755925,1.481755382800705,999.6512639554107,35.50094698092634,1.6207925495538547,1.284615239490492,0.18346655774690734,0.23368963195835274,0,3,0.27836315050297655,0.07692888331225578,-0.20143426719072077,9,5.8198598546223135,5.464683459382626,0.2085865104991873,8.453907981880574,0.29647375937077447,0.7379475522015339,0.3913460636005666,2.2149124462118177,0.016551031930732627,sdxl_pilot,-0.11875,0.27606161420837494
sdxl_0143.png,401,3,0.8395963492994816,0.6589133039117719,97,0.09954377700823057,1.165442784304164,80.00032458428674,151.9274036682336,79.40205947015869,45.88189721022756,,331.284140197969,2,1,0.6064495914546091,0.11499704506040898,-0.4914525463942001,1,,,,,,2.8541030244667493,0.6629027813556654,80.80147341647546,0.0,sdxl_pilot,0.0,0.6064495678623842
sdxl_0144.png,240,3,0.7214060011423447,0.5297413250957295,45,0.09194100805884003,0.9228293399055945,15999.936340785378,2.291534791251324,67.62543997648203,39.05236437625909,0.8966344973293935,70.34312765690358,0,0,-0.22269627025075378,-0.18182148228934092,0.04087478796141286,5,12.290513649456168,12.582210689979132,0.981011283625203,12.173525718040786,1.18295766792793,35.553985546239204,24.896332126416056,84.65669768267676,0.013169751963330917,sdxl_pilot,-0.175,-0.2234082597515309
sdxl_0145.png,627,3,0.6842919955567458,0.4769352141489042,176,0.1494084152985309,1.0534491365173997,3205.6086111689156,11.401335219217826,1.839563390636016,1.0830534292030423,,3.363599609136844,2,2,0.12905471898729037,0.17454453254981728,0.045489813562526904,9,2.3116783552856037,2.134208621930972,1.4538077830344154,4.377788164965941,2.649154514176107,0.5322126965398929,0.5561671741218108,2.5356563475171665,0.26608423617721066,sdxl_pilot,0.175,0.036519759835230814
sdxl_0146.png,500,3,0.7830504001662841,0.5973433937707368,89,0.09065666027482387,0.8071133481098349,510.7916682571588,64.13251848178034,86.28828457382029,49.84454901806653,0.07373562600183997,55.070836315897594,1,3,0.23123763765744587,0.003835000558989332,-0.22740263709845654,3,15.924343183694118,17.40056023241863,0.928421188914669,8.701683273704932,0.4679254093167291,0.3455489048561163,0.3036765928009937,86.32635844852821,0.0673420911392231,sdxl_pilot,0.0,0.23123763765744587
sdxl_0147.png,114,3,0.7571324414115255,0.5947923811947562,43,0.20322146058778742,1.609374792684237,709.4107646617948,48.558231763471476,9.89070763069256,5.85125149767713,0.3655426194957704,5.450891333748338,1,1,0.8603773058616092,0.4809409477924381,-0.3794363580691711,2,16.87654803695844,,1.6205462056132562,8.438274018479225,0.8102731028066281,1.4346727582406025,1.2439501771676187,11.281577525002442,0.03986106587313207,sdxl_pilot,0.07499999999999998,0.8546965606844084
sdxl_0148.png,618,3,0.6249377890073642,0.48289954751250264,59,0.04552898900620502,0.5896941431593377,15999.936340785378,2.291534791251324,74.7505509601418,43.17795869832358,,69.94385185732573,3,0,-0.025463856840510557,-0.04917348815644518,-0.02370963131593462,8,3.05932723278948,3.040493353706455,3.7128023380396313,6.006031521787385,2.1881036172255013,11.894375367432499,11.591884902709173,80.96978222983552,3.4106187014802267e-16,sdxl_pilot,-0.175,-0.02519780684006201
sdxl_0149.png,427,3,0.8095034659809311,0.603024694775134,63,0.0939692087005812,0.8979144049361757,1720.6288158309408,21.070836716716318,4.127996529320072,2.4076343892619163,,1.0761610622651743,2,2,0.29056448374373034,0.35219676436012215,0.06163228061639181,8,3.636004175784214,3.665517231062579,1.9307937310525145,6.772753827023363,2.335863365475017,3.9268291831404794,2.5623938460609588,7.993658821454838,0.4307017351486611,sdxl_pilot,0.175,0.288996352791297
sdxl_0150.png,546,3,0.9003024673855983,0.7397963620843258,144,0.2007213416593655,1.6251214504092524,2639.2244236967813,13.826476873187014,89.14912942721547,51.47123333101263,0.08851279504360986,176.55793261278674,1,3,0.43253975923832844,0.08105474356457765,-0.3514850156737508,4,8.303245443121371,8.303245443121371,0.5668246915239945,7.854218367026125,0.5668246915239945,0.9596728619274211,0.21704866259337233,89.4860950518965,0.4606066975569191,sdxl_pilot,0.175,0.37246274430394855
sdxl_0151.png,546,3,0.8925499712231433,0.7233631222303305,218,0.275761014867531,2.539914178892683,636.4099641074961,53.38837832495424,75.00997909103558,43.696967750766845,0.16816233283939708,14.785884219296225,1,3,0.5351821703357718,0.21433597777679636,-0.3208461925589754,2,6.044609034673708,6.044609034673708,0.36150314271169126,3.022304517336863,0.18075157135584563,0.38637692088628234,0.49280162377612485,75.70673544514965,0.006865921028718182,sdxl_pilot,-0.05625,0.5303534982821988
sdxl_0152.png,308,3,0.756917621051512,0.5947080535642726,53,0.10178802117964987,0.993395946368409,80.00035463902344,151.92739353877062,87.1287584283281,50.32898143211173,,152.58390326457823,2,3,0.39851159091963995,-0.02021437281668348,-0.4187259637363234,5,6.208326820916163,5.651106284853135,1.0707297617325549,5.648643702823755,0.9334096715449407,0.48229466749242184,2.194355759512268,87.60823709241326,1.0644728874624512,sdxl_pilot,0.0,0.3985115626965021
sdxl_0153.png,586,3,0.950499202297021,0.7667894596720468,300,0.4723955948797462,3.6337973489724424,4545.994349140458,8.05300452447843,89.35594145147037,51.589888995983856,0.07369705970346514,185.33714784328888,1,2,0.4865948545923028,0.26076744854362455,-0.22582740604867824,2,1.3385149831272383,1.3385149831272383,1.4442399007165605,0.6692574915636227,0.7221199503582802,1.6255143666639345,0.33761695904822064,89.80221492826576,0.7220214822420387,sdxl_pilot,0.175,0.2428859111305054
sdxl_0154.png,507,3,0.7482153241764472,0.5309883667976322,87,0.07430609859386655,0.7267698782796833,2393.8080888138575,15.228115553415305,2.4669696135897254,1.489487889131546,,0.7925177869056257,2,1,-0.28734173924845585,-0.07214956089056601,0.21519217835788984,5,7.22696901911576,8.104143216158647,2.187248448764121,5.454802240384463,2.3125843714163716,6.58060236927708,2.3183582290108986,7.775846328851378,0.25758438845103104,sdxl_pilot,-0.175,-0.31513665370621
sdxl_0155.png,404,3,0.8990117766436089,0.7229361557288709,189,0.30557768857659484,2.3658842268037077,432.3001827291845,73.0196427769827,0.601348725180415,0.35438659915415177,0.10501185232663,0.13982849906047734,0,3,-0.04769705245645195,0.011079004052249153,0.0587760565087011,9,7.24752759109059,6.178318805703805,0.2617743137949855,10.44128862744221,0.6601387784276498,0.45094673857502754,0.16718090932885257,0.8808101428770662,0.007152460042250062,sdxl_pilot,0.03749999999999999,-0.021618421377952668
sdxl_0156.png,532,3,0.7649819321047202,0.6123215629260985,109,0.12971166398301293,1.1192487926135681,15999.936340785378,2.291534791251324,62.05403211288666,36.06243764805206,0.9474536198067209,2788.5174761380067,1,0,0.07751955566464597,0.03693419041263857,-0.0405853652520074,6,13.301594143472542,9.481192423574253,0.8009236453579449,15.587074430785597,1.9848653520799093,10.147911839073945,10.10670094057179,74.24496911780669,0.00718467922749832,sdxl_pilot,-0.175,0.07682762338093119
sdxl_0157.png,193,3,0.49234810861261635,0.29678255871480674,24,0.04147156941988432,0.44575173492556946,15999.932306633567,2.291535368874699,4.138004444406249,2.418971763416815,,1.4879179458405045,2,0,0.5837191804264183,0.15664481461514224,-0.4270743658112761,5,4.564835457759587,4.564835457759587,3.2535341402226012,3.842164877350215,2.230335769956428,2.1273471614946566,2.048509441041516,8.287275900383339,0.06669066292134143,sdxl_pilot,-0.175,0.5848964048198038
sdxl_0158.png,283,3,0.6964166558115827,0.5161290506796028,41,0.08056891844588918,0.7602410847897995,415.10098303339095,75.25702580943779,72.1820196104581,41.702573001215214,0.04734010956834341,0.5436084365851547,1,3,0.383265930553652,0.11527193291433735,-0.26799399763931464,6,3.7676747476723733,9.125988340829064,0.4635130504717271,6.547677406891786,0.6232594532467362,0.8346229607058187,0.7861645047433901,73.65650981656611,0.013577489650878604,sdxl_pilot,-0.03125000000000001,0.24865799087810891
sdxl_0159.png,338,3,0.8607652211922819,0.6650560131502555,67,0.11612843823802364,1.0178819764397835,502.7761534412633,64.95074499721855,5.954769564403151,3.561617468217983,0.4543106646598529,2.016286042515667,0,3,2.198233212427471,0.3414584077769024,-1.8567748046505685,4,2.492747436095809,2.5978732200572843,0.23899986316269484,2.2836244328424016,0.22203878379262054,0.4583592713560256,0.1823384507628697,6.315833111033955,0.008903437652811803,sdxl_pilot,0.0,2.1982334211799133
sdxl_0160.png,977,3,0.6279369825181785,0.4713509600923084,35,0.025967344993440444,0.4887104110690269,8665.395252776887,4.229771711088123,9.16669222914112,5.849102845497367,,2.2245175232545353,2,1,0.0935642065659501,0.022373003308288064,-0.07119120325766204,2,18.59958679421236,,0.5797315753291965,9.299793397106187,0.28986578766459825,2.3442623064242682,0.9741494015858309,10.525176216038423,0.0697781419759684,sdxl_pilot,0.175,0.11454660436172925
sdxl_0161.png,273,3,0.8157310440642149,0.6064600315477631,89,0.18151265139442038,1.4705880839868808,766.9964534330622,45.29295018967157,0.5307772210468897,0.40388459119422837,0.7194968864334177,27.407554844952607,1,3,0.048017157612150085,0.07281251858059523,0.024795360968445146,7,5.767759560271067,5.912392424179354,1.2768300578602991,6.5621805974553356,1.452834191566188,0.48300459478515906,0.13753395105837693,0.8167021839235467,0.10855256519163681,sdxl_pilot,0.006249999999999999,0.04949459365894038
sdxl_0162.png,461,3,0.9557380825666331,0.7899708757844154,166,0.2861309755199193,2.2927367778163847,3310.285240067439,11.043070380547702,89.22429719604746,51.587377784097825,,731.2192096022876,3,2,0.159240851433202,0.014265390825802138,-0.14497546060739985,2,11.89436456309555,,0.8699760020565144,5.947182281547779,0.4349880010282572,2.144010696131649,0.3847830051583256,89.4980820158537,0.755723593049727,sdxl_pilot,0.175,0.15520306254792138
sdxl_0163.png,399,3,0.7128927675172095,0.5585599408696762,87,0.12497207477720042,1.1844912386810251,2172.5380431060867,16.758056236093463,86.74158577187833,50.088329097061354,,392.81418872401446,2,1,0.2198296728485023,0.02899915861447333,-0.19083051423402897,5,8.481027552047703,6.849335667604213,0.2063917149205876,8.900416014182497,0.23068228700709525,5.76209793814145,11.52188314327521,87.6948675595258,0.5131590222754703,sdxl_pilot,0.07499999999999998,0.22418994317978602
sdxl_0164.png,287,3,0.8717424485869436,0.7001123336077874,59,0.10945003863397267,1.067535310463696,839.4224908151189,41.735140804847596,8.030951390907319,5.2683445812728,0.4473193536633063,0.26131011525672193,0,3,0.48767658903032074,0.33406596399367805,-0.1536106250366427,7,8.099024615370029,8.187692331787035,0.679451950029649,5.812929743507187,0.7700035267443059,0.5819729335020134,0.36465269823444346,8.711474504397565,0.022448957668380044,sdxl_pilot,0.006249999999999999,0.47732436844581716
sdxl_0165.png,514,3,0.8630526059887347,0.6853732409703835,114,0.14799218742642312,1.2144959732293066,1033.4081521311107,34.4108007702521,0.9586260438080387,0.5559166227586573,0.3704844768061715,4.008796123654262,1,3,0.1324441383367666,0.048949198346028955,-0.08349493999073765,8,5.272015643025062,4.828752746762196,0.9070797252996785,7.508026204647652,1.9375526346665102,0.8811741530216487,0.23457333777157843,1.273805180127455,0.1226906788060173,sdxl_pilot,-0.11875,0.11543015544192392
sdxl_0166.png,448,3,0.9011928889710241,0.738278059388917,151,0.27603488824537403,2.2487688557310275,450.3764926254424,70.78885619798244,86.95982873750974,50.2206306651373,0.03850958010656912,7.026471719713101,1,3,0.1417936746366889,0.02228964191599514,-0.11950403272069376,6,10.820746741392755,9.724784392161586,0.23053841843082523,17.712000797374586,0.23819753274095756,0.7406154809220233,0.2678127286154119,87.66357866131062,0.0061919475907692015,sdxl_pilot,0.08124999999999999,0.41030103435598686
sdxl_0167.png,115,3,0.8866337390659147,0.6995046956393793,50,0.3214079314769541,2.919500934298853,4237.822832676502,8.636472959085582,41.14752213149741,25.140957452966983,,155.7486587941047,2,1,0.5747628101588309,0.12079001296044578,-0.4539727971983851,0,,,,,,25.02963305043917,5.27364181813601,41.982505414001345,0.47060787963832623,sdxl_pilot,0.175,0.5591368672433334
sdxl_0168.png,564,3,0.7414333805928279,0.5358969925855827,116,0.07590640278033667,0.7087671072442441,1986.9348612162157,18.298085149361793,1.948565707567127,1.2156277670856188,0.5479005194699268,0.3417566335521977,1,2,0.25135913141786703,0.06246821338049868,-0.18889091803736835,6,14.710718951328312,14.710718951328312,0.628040721642158,11.34075559042005,2.167352330966312,0.5304725648019782,0.5468805987008865,2.6679636233317416,0.16674786310853065,sdxl_pilot,-0.175,0.3330880933906736
sdxl_0169.png,370,3,0.8104566938199972,0.6314191351545053,94,0.1586712961493273,1.243958713447746,632.7897810311779,53.651189127286735,2.62893283392188,1.5712053275534525,0.3176377545304752,0.3953701019132852,0,3,0.3641787038390094,0.1161027997011701,-0.2480759041378393,8,7.399384021184976,8.454756077009813,0.34780221387573196,7.029662167470104,0.44419176080218836,0.894508292040281,0.23972354571461016,2.896528663267286,0.024567578377084936,sdxl_pilot,0.03124999999999999,0.37262008499353216
sdxl_0170.png,551,3,0.8375610578467755,0.6352298657118279,212,0.28972435451536444,2.3700024568193925,1436.6002780808885,25.115035691934363,86.23655425876794,49.832125886816414,0.09376455351523451,474.2352567675324,1,3,0.6881783989519601,0.17223075899641316,-0.5159476399555469,8,5.670190621818769,5.388115448697679,0.6548262009392105,9.284532580676455,1.0089364650460628,0.4064447097371488,1.723275072822636,88.8284723839692,0.6972723990610482,sdxl_pilot,0.03124999999999999,0.6540755307222565
sdxl_0171.png,580,3,0.9460504848175718,0.7778034382393892,248,0.3256018313652442,2.2229085069713905,1743.5220977278195,20.80024253629555,0.9911589352750667,0.5800420515985366,0.18473516198568474,1.145878270837647,0,2,0.1389923686148824,0.04963891410344079,-0.08935345451144161,5,9.999598877991314,2.367159667956998,0.9236245779400938,6.631091229426662,0.6833369307971298,1.0388755774413143,0.408370089089912,1.9011951341370041,0.01909470504809048,sdxl_pilot,0.11249999999999998,0.09284099682708447
sdxl_0172.png,306,3,0.8702002924761213,0.7053909430948141,73,0.1432466014702165,1.0813014630435542,428.91309432170107,73.45116911769385,0.7087855693380334,0.5789573366757865,0.16762478283559723,0.18210783951565943,1,3,0.3615938680046612,0.04103177017064141,-0.3205620978340198,6,11.466049541607605,11.466049541607605,1.635957645314373,10.020570547147571,1.0640358996850021,0.3034781278397402,0.2559768693950016,1.2489354747365518,0.008682037012681783,sdxl_pilot,-0.006249999999999999,0.3616846782192046
sdxl_0173.png,716,3,0.9347272005782907,0.7534730564111067,251,0.27419817072900243,2.1185083787784946,698.2754873454058,49.241307149567874,0.9274985518400456,0.7246586369293027,0.6637192557912067,0.23238164551504464,0,3,0.11067731977683837,0.09320050964462301,-0.01747681013221536,9,1.352276934873111,1.0553695235923914,0.6860705148033164,3.3577195074685755,1.0909348002166865,0.35485054441143793,0.22701650405261345,1.2321465785361714,0.12747871495632898,sdxl_pilot,-0.0625,0.08061664229216525
sdxl_0174.png,500,3,0.8594656723016268,0.6730587278665355,126,0.18032755808427017,1.2109720980819205,676.5938534964503,50.62429962977042,2.334618988393231,1.4945950445595004,0.3013334497657814,0.19638626940660647,1,3,0.10164065024311486,0.18054190499401934,0.07890125475090448,9,2.664489262372089,2.1411021707277476,0.5347436896934941,7.66902805307784,1.4686797659561437,0.7313618917966411,0.5522004072013185,2.9400943173459226,0.20294202686691137,sdxl_pilot,0.04999999999999999,0.1596019101579712
sdxl_0175.png,367,3,0.9660679866921005,0.7840766971222556,180,0.32528032315046584,2.422753849805373,504.4446319334094,64.77889672684223,1.069048912006565,0.6172718968496683,0.02451985857647282,1.599852126068876,1,3,0.2751866977191413,0.10012238725725475,-0.17506431046188653,7,7.4981088703063214,6.960902861574494,0.29626523777747327,7.215439659436806,0.4135006161690944,0.5846910843056295,0.3330925570644315,1.5825379338074503,0.011376952500565723,sdxl_pilot,0.08124999999999999,0.3008294163394205
sdxl_0176.png,601,3,0.9994896664361044,0.8481216461416196,223,0.3335360566212714,2.9463450190602396,640.0368670270556,53.12746206951391,87.83073396096249,50.71630728322659,0.10136384755569487,29.921019578555285,1,3,0.30595015507388834,0.17614129352171193,-0.1298088615521764,8,10.552414203320222,13.145594455330716,1.0255635677032586,12.062638423403458,1.5913797337710163,0.3086592873095669,0.10317530165384345,87.98387777352438,0.030303641288199477,sdxl_pilot,0.03749999999999999,0.40625958643810023
sdxl_0177.png,251,3,0.8320740735196767,0.6592065444901443,70,0.183844189184247,1.5376162929802202,645.7654486769932,52.720138800395574,0.4560611788771354,0.30539482415626024,0.38452793218930825,1.3157836518502846,0,2,0.6987343520185301,0.17189454154782835,-0.5268398104707017,9,6.6935862860027715,5.956823706053103,0.39758780644066194,9.804940622560967,0.5349866186308336,1.1740349853437493,0.17625385374378005,0.7382770073709862,0.026938844390616952,sdxl_pilot,0.0,0.698734350426232
sdxl_0178.png,303,3,0.6295572056843879,0.4614213333442406,40,0.038185269626698576,0.4549951283308484,922.9794770779661,38.24319673717648,0.8095828298492904,0.5245843361371664,0.3809633000194125,0.7903164748112063,1,2,0.7448442850810186,0.27854463862074885,-0.4662996464602698,6,5.722830526547769,4.359009501463518,2.6067380368337414,6.939546357643404,2.0220738719774403,0.6047769254675455,0.32038529567299073,1.3231844465867602,0.18696628939672028,sdxl_pilot,-0.01875000000000001,0.7479347519051203
sdxl_0179.png,399,3,0.7735718519724265,0.585192991209667,56,0.0830241040075232,0.7460309076540653,715.5909557480804,48.18674868783191,0.2700715947626833,0.1924196445666604,0.05852069295586581,0.3640914671090731,1,3,0.5103652334135934,0.058368173688886915,-0.4519970597247065,7,8.06489717008281,6.167297430757025,0.7503467521764424,8.030106722102923,1.05391403833866,0.3962893730303208,0.1137789255159881,0.5602686637993614,0.01946090488757069,sdxl_pilot,0.12499999999999997,0.33114594408700193
sdxl_0180.png,1102,3,0.7657550637274729,0.5966554343291465,90,0.06655531128860752,0.7721616529754568,11469.5709122058,3.196265064175716,86.98730358084903,50.232407043542025,0.792915175166902,52.043352347894405,1,0,0.22805347064945491,0.009794130465304973,-0.21825934018414994,7,15.618486823641712,15.618486823641712,3.71711394976564,8.2362856618223,2.140989921454453,6.583454545445122,4.28217762529102,87.66987924046069,0.16086047122595026,sdxl_pilot,-0.175,0.22765393359816544
sdxl_0181.png,185,3,0.7211369522285901,0.5514013836542401,50,0.13067047027151882,1.0198328365950726,960.5943903161985,36.84862446506189,0.8619314929017463,0.5384905798909784,0.17950052570644262,0.06383405967341793,0,3,0.4405714541079113,0.16112862236116032,-0.279442831746751,1,,,,,,0.8833815870497743,0.6355819290861475,2.063716876754417,0.04178416874988968,sdxl_pilot,0.14375,0.27284956400040294
sdxl_0182.png,475,3,0.9466934790018238,0.7775822787162794,164,0.2654886037853119,1.8037787276980377,1061.0957447695246,33.564001179712456,0.43523115849514227,0.3577954029878305,0.08748763604245198,0.09839040021912916,0,2,0.007066057909353773,0.06566590535423023,0.05859984744487645,7,9.341255830905238,8.121904237474908,0.8817063613702452,11.256601017702687,1.4322026962963657,1.1633733604259433,0.2776974624276434,0.9057071460569835,0.029889072233498622,sdxl_pilot,-0.006249999999999999,0.009488456151793057
sdxl_0183.png,692,3,0.7174798495311846,0.5468613796925379,164,0.16556020508344532,1.7118524749005468,4573.637559547159,8.004490560997588,84.77704146581577,49.41959686790703,,2501.945457834541,3,0,0.06239643868687339,0.08465741927097081,0.022260980584097423,4,7.721352346629039,8.927891282107202,1.802343981044194,6.358261146044944,1.802343981044194,4.140528962539582,6.150843667030448,87.06183266526708,0.5934296118250133,sdxl_pilot,-0.175,0.17253348466357765
sdxl_0184.png,248,3,0.748814784923766,0.5759235977663058,81,0.18261457661323988,1.4730704077308838,4686.79935850936,7.811829380979554,6.265208088537051,4.211794745452845,0.5168832371919295,0.9564636524131539,1,0,0.03516614799100859,-0.005409154797283877,-0.04057530278829247,2,14.016330283101567,,1.3989290483440664,7.008165141550802,0.6994645241720332,3.8241143512468883,1.254495143279178,7.937925885975314,0.0858178333665018,sdxl_pilot,0.175,0.03669350400015792
sdxl_0185.png,399,3,0.7882704699875182,0.5718242329313834,79,0.09939403666117184,0.8344757365731472,482.0125124008082,67.15903006869786,0.6685733426127314,0.528825449977591,0.5246404728828771,6.157110344386475,1,3,-0.11128192924609126,-0.021602549188848963,0.0896793800572423,5,4.602154541755448,4.602154541755448,0.17228678025276745,6.40064664530051,0.20982364576286106,0.3297032704555312,0.07455873627149688,0.8202298050096403,0.006919953241604574,sdxl_pilot,0.0,-0.11128189404593636
sdxl_0186.png,463,3,0.76340008393017,0.5936454745221003,97,0.12676273411110703,1.218307452924677,1768.2866673013066,20.51516557081344,87.99081500850166,50.80218167224971,0.027242463232753155,7.176807319288848,1,3,-0.21169638330737472,-0.10813266865118809,0.10356371465618663,9,4.981217997647137,3.773690985573908,0.5027748195567692,6.992655732547221,0.6591422284854271,0.6970898151810148,0.1775489841092493,88.25569312104474,0.07863814772543332,sdxl_pilot,0.018749999999999992,-0.21757887102804152
sdxl_0187.png,181,3,0.7477556936801448,0.5794367585589262,51,0.14241115480669966,1.4197760038979488,7731.492361621424,4.7401432649745905,25.428445429967226,18.884799393644652,,3.9913296144751955,3,0,0.13342079830212206,0.06757560873297219,-0.06584518956914986,5,8.709752116187618,9.946163901950689,2.1925200441436417,8.035566745345209,2.3382839856524775,6.399366642378959,5.651133049176064,35.66668188039225,0.204669725502495,sdxl_pilot,0.175,0.13224891338765543
sdxl_0188.png,657,3,0.7282329452870329,0.5425600817502082,88,0.06692634020658994,0.7024235838830996,15999.936340785378,2.291534791251324,77.12019092886031,44.53647396729346,1.047700108476771,251.00468857583985,0,0,-0.1272244300279406,-0.12761413880146666,-0.00038970877352606514,8,6.611251634278231,5.2814104891241005,2.533477459173001,12.68251402989673,2.558458523878949,11.413622667754806,6.866916256228798,87.064355735367,0.26582998490630894,sdxl_pilot,0.175,-0.12624936623015381
sdxl_0189.png,242,3,0.7414266439640925,0.5691676405326895,25,0.05204499882069191,0.6565418433257602,1006.1421864308946,35.28616700946055,2.259545100459462,1.7383958710041456,0.37602743324318594,0.06262116160872874,0,2,-0.08049689436257279,-0.16016830803614535,-0.07967141367357256,6,5.932564253140396,5.689251700162837,2.5590705503637734,7.1869411920464925,1.867790871307316,2.0847887688601427,1.4132794714666281,4.833789752352834,0.09206991367642496,sdxl_pilot,0.08749999999999998,-0.15403962748073674
sdxl_0190.png,522,3,0.8862802248778578,0.7228218564997266,106,0.13998893033091553,1.2777511437159204,2277.6664110879406,15.994812800348013,88.58538363554823,51.14559338515262,0.05788758700974763,30.732251021825235,1,3,0.2332132051297332,0.1129155083014336,-0.1202976968282996,7,6.438301498631675,5.769053055556113,0.4502399229679117,8.572434006219996,0.8549507715730043,0.7246640393447289,0.20487643919612386,88.98877846947185,0.16948365387708694,sdxl_pilot,0.06874999999999998,0.23518529974797342
sdxl_0191.png,431,3,0.9484321824948196,0.7642431680665728,124,0.1885190995386522,1.500052328102747,604.1786764981798,55.81538398152956,1.2664493084484576,0.8913113758425806,,0.9628787140927203,3,3,0.15031684158561265,0.06318416092637547,-0.08713268065923718,6,2.3574559203164167,2.3574559203164167,1.0267201663388725,8.862871145456937,1.2326808812520804,0.47239035653920963,0.377711891675874,1.8095295212940243,0.1675130318224729,sdxl_pilot,0.04999999999999999,0.1037029377235189
sdxl_0192.png,294,3,0.8678990910354194,0.6959145705404524,92,0.21553972260996443,1.6983533622725997,589.7695596833987,56.96717000761699,2.3187561842941733,1.8898292537904466,0.14324065356339785,0.06877787318920654,0,2,1.1191228707278933,0.26786331391277474,-0.8512595568151184,6,7.3149902298469955,4.089968948837102,0.18812403937968725,9.351674975737385,0.20541244773025102,2.017037591439347,0.41813256011784955,3.2199365704730436,0.01681986647094737,sdxl_pilot,0.0,1.1191229012345612
sdxl_0193.png,644,3,0.6756460032886289,0.4957924852447826,193,0.1770742068962311,1.6143256197627642,622.4642136646335,54.4141029268813,1.8825295289669128,1.2844937328696044,,0.16457899170826695,2,3,0.5450420476743777,0.26709912999738383,-0.27794291767699386,7,2.298044538213116,1.4688374954709063,1.7272411226193993,2.325303340900701,1.7554711960724245,0.2752280724216623,0.18662888749366602,2.2667647071553936,0.10116160553169358,sdxl_pilot,-0.012499999999999999,0.5513223780735035
sdxl_0194.png,408,3,0.7109997299151044,0.5264282172402356,61,0.09285497451833813,0.840208613642988,678.6896117733552,50.48745787304601,1.8605046284651507,1.198051983439956,,0.13247067874733914,3,3,-0.13515034823027428,-0.07645591524059503,0.058694432989679246,6,6.419416807231766,6.202622850674159,1.9809009804306896,8.308667663990875,1.7495863354266747,0.29938308970602334,0.21073183048069238,2.1881162668933136,0.09984379332751446,sdxl_pilot,0.006249999999999999,-0.13519786961975733
sdxl_0195.png,356,3,0.9780002524617069,0.7969468574349409,142,0.3082483247530303,1.9411896412807985,325.0945706594011,89.0950432935772,0.6723844507519203,0.4039077220377169,,0.10094757123072792,2,3,0.11798640365969038,0.054671225238846266,-0.06331517842084411,7,2.2484817992967567,1.988527330155009,0.5590174326300517,2.0366086592782673,0.907415866111672,0.4449312247154055,0.2909174564410093,1.2497956114370514,0.10170468965813229,sdxl_pilot,-0.012499999999999999,0.0980997463424339
sdxl_0196.png,561,3,0.9401085244959926,0.7714800574269215,223,0.33348168570213454,2.6499928854059136,1538.4395829762439,23.50029319345995,47.67164910193998,27.855325415710084,0.05209088839772187,0.6201106455580307,1,3,0.47569430348577213,0.1123166446758217,-0.36337765880995043,8,10.351582788591813,8.751333948370018,0.49030324146347803,13.259558826889695,0.6594668283850824,0.9917097500004731,0.8829180862148919,49.590759200746724,0.022995755949421392,sdxl_pilot,0.03749999999999999,0.4780537238867425
sdxl_0197.png,163,3,0.7105272159872125,0.481140638288736,29,0.05410793837798402,0.6059805940899728,2101.4016927475022,17.31688765926515,0.9949346199910707,0.6519677324178447,0.5138771349388788,0.8480884719925201,1,2,0.08050662011787013,-0.08450691548635003,-0.16501353560422016,5,5.576784072895428,5.576784072895428,1.6985211583365611,5.833734943436361,1.6985211583365611,0.7320179560108602,0.4827893775444434,1.7859486881456959,0.22342024949818848,sdxl_pilot,0.09374999999999997,0.0805799412861774
sdxl_0198.png,405,3,0.8994885311573332,0.7009931906235809,120,0.18450614986978403,1.2673370572367961,1819.7996166224723,19.946267390240596,1.043806466276834,0.7672267124467035,0.31083281288946446,0.1475005433764992,0,2,-0.04238580822670379,-0.013799265271277505,0.028586542955426286,8,4.68143315228318,4.139891829967186,0.576800275131538,4.522719452435789,1.6908579184992623,1.2632267289179853,0.560154067940526,1.746561870691368,0.2549432625470734,sdxl_pilot,0.175,-0.029001278831779498
sdxl_0199.png,275,3,0.8700960295706132,0.6955832434443979,78,0.1583400619699965,1.3052893002742476,743.8625257641679,46.55349465553863,1.1693767141538132,0.6815605140082623,0.09540898057981614,0.11503023911215073,0,2,0.4844630702970326,0.12765038507148108,-0.35681268522555154,8,6.6488796867773505,6.632936754898515,0.27320504962428194,11.28750789172442,0.6454871683582963,1.0098838023913415,0.32858033990151775,1.4974188299260802,0.01642534615722262,sdxl_pilot,0.175,-0.04900050214082474
