set,img,frac,logf,logf_twin,rot,rot_twin,n_windows,logf_excess,rot_excess
real (YorkUrban),0,0.3,0.2624569694598442,0.14919018067478174,5.309704438560805,7.649076219624456,5,0.11326678878506247,-2.339371781063651
real (YorkUrban),0,0.4,0.4279027574323959,0.1791213677913941,10.607350562546992,6.21213365230943,4,0.24878138964100183,4.395216910237562
real (YorkUrban),0,0.5,0.26645517525169593,0.14042612043604352,6.4014752351970134,4.194251239558919,8,0.1260290548156524,2.2072239956380946
real (YorkUrban),0,0.65,0.20198129370286377,0.021165536625543435,5.004239538860641,1.141539036334573,9,0.18081575707732034,3.8627005025260677
real (YorkUrban),0,0.8,0.15952644831840557,0.3075732580490298,8.305452374307116,8.508839718022756,9,-0.14804680973062423,-0.20338734371564016
real (YorkUrban),1,0.3,0.14040389830519073,0.07426389978177461,5.5325671471082085,5.074361026994019,4,0.06613999852341612,0.4582061201141894
real (YorkUrban),1,0.4,0.08136334466243689,0.0739229103180099,2.40997062008724,2.799909895049577,7,0.007440434344426983,-0.38993927496233693
real (YorkUrban),1,0.5,0.10153827217426104,0.0728775904475496,2.14995791106913,1.6924769879935206,9,0.028660681726711434,0.4574809230756094
real (YorkUrban),1,0.65,0.02615559572277215,0.01346879907733367,1.9963397431543464,0.5904633790232297,9,0.01268679664543848,1.4058763641311167
real (YorkUrban),1,0.8,0.003582457232190528,0.004778055681536664,0.2483559394201274,0.21104433584756355,9,-0.0011955984493461358,0.037311603572563856
real (YorkUrban),2,0.3,0.2528374581541888,0.14539136976187494,5.096563287637208,4.533677957661524,4,0.10744608839231384,0.5628853299756837
real (YorkUrban),2,0.4,0.25035464665161156,0.16950900497904975,8.752588667002936,5.771392720119929,5,0.08084564167256181,2.981195946883007
real (YorkUrban),2,0.5,0.18618451696353056,0.10319324251908313,6.593079785575172,2.727252395954165,7,0.08299127444444743,3.8658273896210074
real (YorkUrban),2,0.65,0.18002469009280375,0.019044861481205544,4.663338717208061,1.3999989736966758,9,0.1609798286115982,3.2633397435113856
real (YorkUrban),2,0.8,0.0677405346123896,0.008818420805442262,2.565973475553691,0.36988675032128304,9,0.05892211380694734,2.196086725232408
real (YorkUrban),3,0.3,0.11155944371528737,,8.458599343957511,,2,,
real (YorkUrban),3,0.4,0.32557971070391467,0.46904333510722296,6.527731728913259,6.306206766767024,3,-0.1434636244033083,0.22152496214623518
real (YorkUrban),3,0.5,0.3687646480528466,0.09358816180043483,8.883615435899886,2.2308847805594314,6,0.27517648625241176,6.652730655340454
real (YorkUrban),3,0.65,0.07715287103606938,0.030916172088574445,1.6915447180643417,0.45663861402467887,9,0.046236698947494936,1.2349061040396627
real (YorkUrban),3,0.8,0.07155236792164077,0.014968608416669138,1.776010551393993,0.20396608570932195,9,0.05658375950497163,1.572044465684671
real (YorkUrban),4,0.3,,,,,0,,
real (YorkUrban),4,0.4,0.460003203397096,,4.491997763715934,,2,,
real (YorkUrban),4,0.5,0.20815908529051708,0.10803127420790748,6.983060672652473,4.857789416553843,6,0.1001278110826096,2.12527125609863
real (YorkUrban),4,0.65,0.1908994515635083,0.22555069558085794,4.247412494772789,4.856408312440799,9,-0.03465124401734965,-0.6089958176680099
real (YorkUrban),4,0.8,0.1850358038516311,0.13440722790663706,3.7722357765145453,2.5272580568946914,9,0.050628575944994036,1.244977719619854
real (YorkUrban),5,0.3,0.6221714273044547,,16.181384248390337,,2,,
real (YorkUrban),5,0.4,0.3510680505186161,0.31232317594446624,7.416328471330488,9.739278244368162,4,0.03874487457414988,-2.3229497730376742
real (YorkUrban),5,0.5,0.2591731207236543,0.08892716712100945,6.0216793320658,3.231486995514643,5,0.17024595360264483,2.7901923365511574
real (YorkUrban),5,0.65,0.16877836145522052,0.1889071260103674,2.6148278571907175,3.269353442422661,9,-0.020128764555146894,-0.6545255852319434
real (YorkUrban),5,0.8,0.06442652913622293,0.020326340774087903,0.9248137473816092,0.40272122898152196,9,0.04410018836213503,0.5220925184000872
real (YorkUrban),6,0.3,0.26716631814632974,0.4603044493828907,9.295579330976533,5.805052401426992,4,-0.19313813123656098,3.4905269295495414
real (YorkUrban),6,0.4,0.12776492708132103,0.1221013660663135,4.480941811227959,3.013934710759198,5,0.005663561015007534,1.467007100468761
real (YorkUrban),6,0.5,0.2805174875654881,0.06531609219652079,2.240344064015259,1.9101102044925677,7,0.21520139536896732,0.33023385952269146
real (YorkUrban),6,0.65,0.06467916760961234,0.150597497475506,1.5068693378123217,3.546508890573616,9,-0.08591832986589365,-2.0396395527612943
real (YorkUrban),6,0.8,0.013007571374467286,0.025518114522750324,0.25134894487688514,0.5998558872252688,9,-0.012510543148283038,-0.3485069423483837
real (YorkUrban),7,0.3,,,,,0,,
real (YorkUrban),7,0.4,,,,,1,,
real (YorkUrban),7,0.5,0.5010240476201524,0.3185251033938954,5.2123101963968,4.22029334328347,7,0.182498944226257,0.9920168531133298
real (YorkUrban),7,0.65,0.5564458613258529,0.07960591786715998,5.8659073482078785,1.1770211454353516,9,0.47683994345869296,4.688886202772527
real (YorkUrban),7,0.8,0.02357416510853838,0.02100207040639912,0.3242351539267326,0.2715786355128961,9,0.0025720947021392604,0.05265651841383645
real (YorkUrban),8,0.3,,,,,1,,
real (YorkUrban),8,0.4,0.15442929165066266,0.17510099113272304,6.335531598543739,4.3930589896643895,5,-0.02067169948206038,1.9424726088793491
real (YorkUrban),8,0.5,0.11223758074810153,0.05113914311737622,5.135929543754006,1.93655217033358,6,0.06109843763072531,3.1993773734204263
real (YorkUrban),8,0.65,0.07465187802272233,0.012979180855995143,3.776163579999399,0.3736128554108534,7,0.061672697166727186,3.402550724588546
real (YorkUrban),8,0.8,0.0635129006742039,0.005622531300467415,1.7995622018471948,0.2676455816925517,5,0.05789036937373648,1.531916620154643
real (YorkUrban),9,0.3,0.17906502108700817,0.1341583043449588,7.981440097606924,6.813851845775007,4,0.04490671674204938,1.1675882518319174
real (YorkUrban),9,0.4,0.09455349972136062,0.06673274295034659,5.612938259265726,3.9675742859127814,9,0.027820756771014032,1.6453639733529446
real (YorkUrban),9,0.5,0.0423329089898572,0.038880637364481,3.3148962391534154,2.494179011155495,9,0.003452271625376202,0.8207172279979202
real (YorkUrban),9,0.65,0.028567130981023148,0.012065311907178078,1.1425145680427935,0.8556712889439977,9,0.01650181907384507,0.2868432790987958
real (YorkUrban),9,0.8,0.016116153139136724,0.0058887375977056955,0.47461163427123915,0.422564816985773,9,0.010227415541431029,0.052046817285466174
real (YorkUrban),10,0.3,0.33454572005834127,0.6242785603955605,1.2607066200962398,12.006044544108065,2,-0.28973284033721924,-10.745337924011825
real (YorkUrban),10,0.4,0.32717878446481485,0.3818985525840968,7.307483507304233,5.931012293613932,6,-0.05471976811928192,1.3764712136903006
real (YorkUrban),10,0.5,0.15979125843308095,0.17514858131410804,4.5186191901808535,3.7312143618207676,9,-0.015357322881027091,0.7874048283600859
real (YorkUrban),10,0.65,0.12967248295948863,0.11738656888454457,4.075505562893074,3.027439427098293,9,0.01228591407494406,1.0480661357947811
real (YorkUrban),10,0.8,0.11411149202992954,0.11993559441953394,3.2115672602718024,3.9183529673533117,9,-0.005824102389604402,-0.7067857070815093
real (YorkUrban),11,0.3,,0.041192464486258906,,3.9636846957871756,1,,
real (YorkUrban),11,0.4,0.5975727808916709,0.05570878527865464,9.386159997358456,2.501856266497855,3,0.5418639956130162,6.884303730860601
real (YorkUrban),11,0.5,0.10809058065549015,0.03532327091692711,2.24049113066852,0.8493204188955977,5,0.07276730973856305,1.3911707117729222
real (YorkUrban),11,0.65,0.09012207869583833,0.032597798326178484,2.384378666916895,1.083716505757049,9,0.05752428036965984,1.300662161159846
real (YorkUrban),11,0.8,0.0115890325338035,0.014026423570723257,0.391935233805524,0.34149620199009834,9,-0.002437391036919756,0.05043903181542564
real (YorkUrban),12,0.3,,0.08869304313335125,,1.6601822706752205,1,,
real (YorkUrban),12,0.4,0.16861907913996,0.6148827388668359,2.771524798087582,13.376782349358088,2,-0.44626365972687587,-10.605257551270505
real (YorkUrban),12,0.5,0.44613980595955294,0.3354644414022223,10.228488036532923,11.067099604266991,3,0.11067536455733062,-0.838611567734068
real (YorkUrban),12,0.65,0.588352558158248,0.44396492738327,9.174993079392479,12.71163593569578,5,0.14438763077497807,-3.5366428563033008
real (YorkUrban),12,0.8,0.08490786191605881,0.16926629460818843,2.431493082780215,5.420346947805971,7,-0.08435843269212961,-2.988853865025756
real (YorkUrban),13,0.3,0.08878654046664591,0.08592334219886588,5.133119347922069,10.0340011093329,5,0.0028631982677800316,-4.900881761410831
real (YorkUrban),13,0.4,0.09820857745620337,0.25180842270843184,3.119808280512207,6.965522015508476,6,-0.15359984525222847,-3.845713734996269
real (YorkUrban),13,0.5,0.04633130311523548,0.026235759325962782,2.0713862974741133,1.3183957292178885,8,0.020095543789272696,0.7529905682562248
real (YorkUrban),13,0.65,0.020278879862349886,0.003742565007044618,0.8696031934547619,0.8593439955473338,9,0.016536314855305267,0.01025919790742813
real (YorkUrban),13,0.8,0.00463073174696671,0.005977625929058483,0.42594353630874093,0.4256123770499713,9,-0.0013468941820917735,0.00033115925876964214
real (YorkUrban),14,0.3,,0.5692045498068063,,11.54264127539004,1,,
real (YorkUrban),14,0.4,0.2019006897960387,0.12841420496327416,6.7581256027127035,5.620834824661054,4,0.07348648483276454,1.137290778051649
real (YorkUrban),14,0.5,0.5197765273232591,0.13754475861769278,14.081210739218406,7.54117134527363,6,0.3822317687055663,6.540039393944776
real (YorkUrban),14,0.65,0.24204661886316448,0.12588704380054416,4.677707624508285,3.574546345325241,9,0.11615957506262031,1.1031612791830439
real (YorkUrban),14,0.8,0.4656923772856043,0.009707161950256893,7.399114942428949,0.2187022432802342,9,0.4559852153353474,7.1804126991487145
real (YorkUrban),15,0.3,1.8812596902506584e-07,1.8332765580382615,3.025456879071087,10.886587881185296,2,-1.8332763699122925,-7.861131002114209
real (YorkUrban),15,0.4,1.7738020524937266,1.9220638303168354,12.944484309780853,14.15282648487622,3,-0.1482617778231088,-1.2083421750953676
real (YorkUrban),15,0.5,1.9621700799250879,3.9209402258322257e-07,13.993754475322106,0.30827222121528275,5,1.9621696878310653,13.685482254106823
real (YorkUrban),15,0.65,7.87116539946453e-07,3.9556263775608613e-07,0.2544413936012684,0.3219103014156215,4,3.915539021903669e-07,-0.06746890781435311
real (YorkUrban),15,0.8,5.128859394964991e-07,1.9661089512013064e-07,0.16943522756265675,0.13723792165178572,9,3.1627504437636844e-07,0.03219730591087103
real (YorkUrban),16,0.3,0.6417505325076185,,5.052253643978608,,2,,
real (YorkUrban),16,0.4,0.482594727158721,0.3770906163371919,9.401148924064127,9.901326528255543,4,0.1055041108215291,-0.5001776041914159
real (YorkUrban),16,0.5,0.1924844457760213,0.05533358365207075,5.609434649215727,2.551590267260713,9,0.13715086212395056,3.0578443819550136
real (YorkUrban),16,0.65,0.13707670257354243,0.07154015091748356,3.9861735741322057,1.3285102136331957,9,0.06553655165605887,2.65766336049901
real (YorkUrban),16,0.8,0.03874769538296663,0.016640061989262822,1.0810643572034149,0.6787869840597409,9,0.022107633393703807,0.40227737314367396
real (YorkUrban),17,0.3,,0.17034538829144186,,10.717851706793201,1,,
real (YorkUrban),17,0.4,,0.1771084967268859,,6.96660520521409,1,,
real (YorkUrban),17,0.5,0.026608873192251803,0.28396856969086537,3.858661383134298,6.299338562314631,5,-0.25735969649861357,-2.440677179180333
real (YorkUrban),17,0.65,0.14752858070886532,0.09560629872078596,4.014597956203155,5.689023071459529,6,0.051922281988079355,-1.6744251152563736
real (YorkUrban),17,0.8,0.06901717811502683,0.027910460034269224,1.5169632514377576,1.0361554846912844,9,0.04110671808075761,0.4808077667464732
real (YorkUrban),18,0.3,0.2518623335541257,0.549142955151118,9.1482780516364,4.8264609327921875,3,-0.2972806215969923,4.321817118844212
real (YorkUrban),18,0.4,0.456590618959571,0.06941530591915779,4.390469621744633,1.1467852442605984,6,0.3871753130404132,3.2436843774840347
real (YorkUrban),18,0.5,0.7290542506202238,0.3272177451332814,9.165950156975502,2.117654273752292,7,0.4018365054869424,7.04829588322321
real (YorkUrban),18,0.65,0.5551980136136274,0.3917963686741559,5.17905544337468,3.2940497295023863,6,0.1634016449394715,1.8850057138722938
real (YorkUrban),18,0.8,0.18931113908499553,0.0023255881409101065,1.5143116439965283,0.05810532034533103,9,0.18698555094408542,1.4562063236511973
real (YorkUrban),19,0.3,0.1830734136994474,0.1553417798643415,7.801839281225029,8.619782637154922,5,0.027731633835105907,-0.8179433559298923
real (YorkUrban),19,0.4,0.2149471846023001,0.08040245869590468,4.921179633948508,4.772698441287466,6,0.13454472590639543,0.1484811926610421
real (YorkUrban),19,0.5,0.07440259649764158,0.04179429762968967,1.7431934879362043,1.6800608423884582,6,0.03260829886795191,0.06313264554774611
real (YorkUrban),19,0.65,0.09805606072766393,0.02285421198561366,2.4998993085069756,1.4500711702304603,9,0.07520184874205027,1.0498281382765153
real (YorkUrban),19,0.8,0.01907390538013498,0.017227590872299636,0.7179759199413843,0.7060914156663576,9,0.001846314507835345,0.011884504275026742
real (YorkUrban),20,0.3,,0.356424976111243,,5.250661659454656,1,,
real (YorkUrban),20,0.4,0.6631339318960174,0.46109855788560283,5.045574675351807,12.212399050903501,2,0.2020353740104146,-7.166824375551695
real (YorkUrban),20,0.5,0.7630200128357374,0.4556210561675824,10.816938371616416,5.4004055334734495,4,0.307398956668155,5.416532838142967
real (YorkUrban),20,0.65,0.19176393139347292,0.12344013316565894,5.869471525085315,4.398708107245991,5,0.06832379822781398,1.4707634178393238
real (YorkUrban),20,0.8,0.18166382383733426,0.0881651009600084,4.507409518485066,2.3242271433021315,9,0.09349872287732586,2.183182375182935
real (YorkUrban),21,0.3,0.263618517758319,0.12684960496812003,9.248286560710653,5.242875978612281,4,0.13676891279019898,4.0054105820983725
real (YorkUrban),21,0.4,0.24601139926681181,0.22505467187852934,9.265967681995416,5.361059765159522,7,0.02095672738828247,3.904907916835894
real (YorkUrban),21,0.5,0.23667947746029494,0.16429003097338768,7.13696144798735,5.267031520903549,8,0.07238944648690726,1.8699299270838008
real (YorkUrban),21,0.65,0.10846353134174302,0.03735663770376618,4.917951265881427,1.429060922426203,9,0.07110689363797684,3.488890343455224
real (YorkUrban),21,0.8,0.1058594206580219,0.011677922478560365,3.2161101317358964,0.6974416972720611,9,0.09418149817946153,2.5186684344638355
real (YorkUrban),22,0.3,1.951428709874154,1.2874340283890877,8.006830619024829,9.77562030393955,3,0.6639946814850664,-1.7687896849147222
real (YorkUrban),22,0.4,0.6325712514579318,1.2467619095550972,5.769894724168678,7.325050077138282,8,-0.6141906580971654,-1.5551553529696038
real (YorkUrban),22,0.5,0.24681727875771786,0.2065224522734046,2.658717016017243,3.610515693500255,9,0.04029482648431326,-0.9517986774830121
real (YorkUrban),22,0.65,0.1562695764648674,1.1127542076189654,1.4625463564976071,2.8078930405300753,9,-0.956484631154098,-1.3453466840324682
real (YorkUrban),22,0.8,0.030805955114053596,0.018104327374941054,0.3701595541015835,0.42676843038832085,9,0.012701627739112542,-0.05660887628673733
real (YorkUrban),23,0.3,0.5388052879537737,0.39663348876464166,10.961799955484784,8.686953705132332,2,0.14217179918913203,2.274846250352452
real (YorkUrban),23,0.4,0.6277177056663961,0.32494786106548634,12.856033225454206,5.160924907390201,3,0.3027698446009097,7.695108318064006
real (YorkUrban),23,0.5,0.4111357160363225,0.08873695548371296,10.879934861236421,3.1184467781365846,5,0.3223987605526095,7.761488083099836
real (YorkUrban),23,0.65,0.2845855975602798,0.023584739598549564,6.057099436952312,0.7484346074063102,5,0.2610008579617302,5.308664829546002
real (YorkUrban),23,0.8,0.12445673614737718,0.01567660376774782,3.7544046717125727,0.28066108499102094,8,0.10878013237962936,3.473743586721552
real (YorkUrban),24,0.3,3.0853535538892203,1.875306245597967,2.3630214715024884,14.115966869869752,2,1.2100473082912533,-11.752945398367263
real (YorkUrban),24,0.4,1.970701490650017,2.029370674342391,7.975975528670579,5.543923901469728,5,-0.05866918369237384,2.4320516272008517
real (YorkUrban),24,0.5,1.2857159858146212,1.369410010953882,8.93394654573019,2.8073255375263466,8,-0.08369402513926083,6.126621008203844
real (YorkUrban),24,0.65,1.967910302440159,2.066242892964815,7.968134622927021,2.094715137726646,7,-0.09833259052465593,5.873419485200375
real (YorkUrban),24,0.8,1.778212778576017,2.0882459790097876,4.217942594760921,1.9101034485396025,9,-0.3100332004337707,2.307839146221319
real (YorkUrban),25,0.3,1.659428827632282,0.47150581979926365,15.574359134204744,7.921447785903867,2,1.1879230078330183,7.6529113483008775
real (YorkUrban),25,0.4,0.21140211693878452,0.31092902195669936,1.7937007647424734,4.201903859413395,7,-0.09952690501791484,-2.408203094670922
real (YorkUrban),25,0.5,0.22088026119680748,0.18056470665655144,2.4076572655604727,1.7048587538474962,6,0.04031555454025604,0.7027985117129765
real (YorkUrban),25,0.65,0.04305260082307116,0.04762774116325552,1.418907465239294,0.6458451551173703,5,-0.004575140340184358,0.7730623101219236
real (YorkUrban),25,0.8,0.4669591646793285,0.027313881892567338,3.9547730386578452,0.3437509519841998,8,0.4396452827867612,3.6110220866736453
real (YorkUrban),26,0.3,,,,,1,,
real (YorkUrban),26,0.4,0.45723116005346087,0.2637909068449318,7.285033316319399,3.969626572999366,5,0.1934402532085291,3.3154067433200334
real (YorkUrban),26,0.5,0.2573607931212001,0.1910828104094584,2.7663607254470173,2.4117406929894627,7,0.06627798271174168,0.3546200324575546
real (YorkUrban),26,0.65,0.263903925017019,0.08228459138767175,2.64450315416076,0.9085709012226137,9,0.18161933362934723,1.7359322529381462
real (YorkUrban),26,0.8,0.2631493628155166,0.03763534502487609,3.2156020215705867,0.5620501512745644,9,0.2255140177906405,2.653551870296022
real (YorkUrban),27,0.3,0.6204403531065337,0.056994086090832674,11.460125717042397,1.9156879184201498,4,0.563446267015701,9.544437798622248
real (YorkUrban),27,0.4,0.34031302659536866,0.07981357602265327,9.943814936858733,2.9195336474781803,7,0.2604994505727154,7.024281289380552
real (YorkUrban),27,0.5,0.11870154591556226,0.033683275216931374,3.1168912320514464,1.5238441022071583,9,0.08501827069863088,1.593047129844288
real (YorkUrban),27,0.65,0.04976046593846073,0.017068624461204607,1.485540411177444,0.8460270814064109,9,0.03269184147725612,0.639513329771033
real (YorkUrban),27,0.8,0.016434810477255812,0.010391668361551698,0.7019241105830976,0.2710407933294412,9,0.006043142115704114,0.43088331725365636
real (YorkUrban),28,0.3,0.2241304488006497,0.07128267528031884,4.863681040568569,3.8956038877642474,4,0.15284777352033085,0.9680771528043213
real (YorkUrban),28,0.4,0.25739813605729367,0.07965526830028047,5.998081685392662,3.094687471344886,7,0.1777428677570132,2.9033942140477755
real (YorkUrban),28,0.5,0.14873304617973027,0.034964796190010805,6.429609052367815,1.7165191982156265,7,0.11376824998971946,4.713089854152189
real (YorkUrban),28,0.65,0.0222174665480952,0.01301111504496566,2.281361003368036,0.7759675820928336,9,0.00920635150312954,1.5053934212752025
real (YorkUrban),28,0.8,0.015830118652960135,0.009314729753364226,1.139956082825357,0.4402115886062818,9,0.006515388899595909,0.6997444942190751
real (YorkUrban),29,0.3,,0.604056812192443,,7.960093806221712,1,,
real (YorkUrban),29,0.4,0.6854720872440305,0.2552904574885213,7.864404992259512,7.005881038492605,5,0.4301816297555092,0.8585239537669072
real (YorkUrban),29,0.5,0.09697188048587169,0.02362040312282776,2.290516357142867,1.3010333482087548,7,0.07335147736304393,0.9894830089341122
real (YorkUrban),29,0.65,0.05885221716800704,0.01726278927597713,1.2161513140712112,0.5227520940763537,9,0.041589427892029907,0.6933992199948575
real (YorkUrban),29,0.8,0.014586413721390024,0.006539232476467927,0.5755252754440676,0.2551121307585362,9,0.008047181244922097,0.3204131446855314
real (YorkUrban),30,0.3,0.5335201424715228,0.4055080138321605,4.370258128206678,2.482772116093359,3,0.1280121286393623,1.8874860121133188
real (YorkUrban),30,0.4,0.26930821238888836,0.4861359635040019,4.626741691622621,4.2905566131387705,4,-0.21682775111511354,0.33618507848385093
real (YorkUrban),30,0.5,1.1581541190091023,3.1197911195032075,9.0138917876884,11.677694183515463,5,-1.9616370004941053,-2.6638023958270622
real (YorkUrban),30,0.65,1.9399028873450463,0.7193801179660748,8.76072925291016,5.310829882728573,9,1.2205227693789715,3.449899370181587
real (YorkUrban),30,0.8,0.18130730799842176,0.16293313579748592,5.38421593306421,1.0465022319036485,7,0.018374172200935845,4.3377137011605615
real (YorkUrban),31,0.3,0.899506282549221,0.3071392097836565,8.265259135235393,3.353477824956653,2,0.5923670727655646,4.91178131027874
real (YorkUrban),31,0.4,0.4092211213787551,0.4826105035721735,8.583964834944773,5.065752426704293,4,-0.0733893821934184,3.5182124082404798
real (YorkUrban),31,0.5,0.7831379101555269,0.24951731395364884,9.398169710007542,2.565738629253902,7,0.5336205962018781,6.83243108075364
real (YorkUrban),31,0.65,0.42600022038165264,0.10862041075616036,3.60363319140137,1.1434090817580538,6,0.3173798096254923,2.4602241096433164
real (YorkUrban),31,0.8,0.2432335336065683,0.030769065600195322,2.041409702601271,0.5096189357521965,8,0.21246446800637298,1.5317907668490747
real (YorkUrban),32,0.3,0.4579256570038224,0.42781043501346083,17.12929468116908,5.84136766680103,4,0.03011522199036154,11.287927014368048
real (YorkUrban),32,0.4,0.6199732481022435,0.3589313803345622,9.140785571407726,6.161177121079571,6,0.26104186776768135,2.979608450328155
real (YorkUrban),32,0.5,0.38987209421469693,0.18413388373405537,9.046457257449646,5.467912070642395,5,0.20573821048064156,3.5785451868072506
real (YorkUrban),32,0.65,0.3589931727268354,0.3161544106474876,7.336967457673101,3.6311568675154193,7,0.04283876207934778,3.7058105901576814
real (YorkUrban),32,0.8,0.1638130852075741,0.038588520182193164,6.328904317057999,1.4058842114485945,8,0.12522456502538093,4.923020105609405
real (YorkUrban),33,0.3,0.0549399243583899,0.36846023704189257,1.7748778454389125,5.302544474825609,2,-0.31352031268350267,-3.5276666293866965
real (YorkUrban),33,0.4,0.16185056222235605,0.07833452803745677,7.568925432646018,1.733227315129339,4,0.08351603418489928,5.835698117516679
real (YorkUrban),33,0.5,0.10281765975422452,0.04782226301726045,3.832841201479084,1.4283678943228968,6,0.054995396736964075,2.404473307156187
real (YorkUrban),33,0.65,0.06398130921012823,0.01728235812585943,2.2137356142572977,0.5768242533480885,9,0.0466989510842688,1.6369113609092092
real (YorkUrban),33,0.8,0.01062706820730197,0.006024531434464464,0.43689603220225437,0.3094388205676087,9,0.004602536772837507,0.12745721163464568
real (YorkUrban),34,0.3,0.4805697792826855,,12.957040700494252,,2,,
real (YorkUrban),34,0.4,0.4767836648120536,0.22985118714840524,12.113045434507363,11.573037124646142,3,0.24693247766364834,0.5400083098612214
real (YorkUrban),34,0.5,0.3000799449191067,0.14344977805486625,9.503993137381629,4.642037472713621,5,0.15663016686424047,4.861955664668008
real (YorkUrban),34,0.65,0.1974267876410929,0.0446488110150165,3.565583093600566,1.4212401805431025,7,0.1527779766260764,2.1443429130574634
real (YorkUrban),34,0.8,0.006830889548398833,0.004881378941237635,0.3752000010379408,0.15902319388288194,9,0.0019495106071611978,0.21617680715505888
real (YorkUrban),35,0.3,,,,,0,,
real (YorkUrban),35,0.4,,0.27449519522599175,,8.152599187451102,1,,
real (YorkUrban),35,0.5,,0.08549391634776793,,1.9399820547139317,0,,
real (YorkUrban),35,0.65,0.20006531479429857,0.05740340803892696,21.578088369561595,2.3914580134422763,3,0.1426619067553716,19.18663035611932
real (YorkUrban),35,0.8,,0.01895243294742821,,0.7064586885219675,1,,
real (YorkUrban),36,0.3,0.4037549253515911,0.6594643406878564,9.898483650655074,7.727974636447232,3,-0.25570941533626534,2.170509014207841
real (YorkUrban),36,0.4,0.1870510572257782,0.5453444519882931,3.5626882423531234,6.635080329410254,4,-0.35829339476251487,-3.0723920870571306
real (YorkUrban),36,0.5,0.2781160875657305,0.21173043138151026,4.844621381151629,3.4999574275912835,6,0.06638565618422021,1.344663953560346
real (YorkUrban),36,0.65,0.2696454131582966,0.03184340805263686,3.1822113643535674,0.6845820516343057,9,0.23780200510565974,2.497629312719262
real (YorkUrban),36,0.8,0.020754649686007376,0.015134818054147736,0.6262888455251565,0.2371400116607738,9,0.00561983163185964,0.3891488338643827
real (YorkUrban),37,0.3,1.4689810861513894,1.7135933365476257,4.543192220124109,3.6926512756655496,3,-0.24461225039623624,0.850540944458559
real (YorkUrban),37,0.4,1.1136848660756002,1.3581584300776188,4.024587243460389,2.8993570105705984,4,-0.24447356400201858,1.1252302328897907
real (YorkUrban),37,0.5,1.048579370788894,0.7361774866703117,4.43809579185446,3.7171519463201124,7,0.3124018841185823,0.7209438455343475
real (YorkUrban),37,0.65,0.19993035566451178,0.086010981190761,1.02250260966741,0.7833067793494253,9,0.11391937447375078,0.23919583031798464
real (YorkUrban),37,0.8,0.040519406476423825,0.041339160074620906,0.20363513361260455,0.3527521147304393,9,-0.0008197535981970816,-0.14911698111783478
real (YorkUrban),38,0.3,0.47701887697348333,0.2347704578903267,7.232844600459883,7.336758567873667,4,0.24224841908315664,-0.10391396741378411
real (YorkUrban),38,0.4,0.07044113372072847,0.09883177305213309,4.240525497023844,3.623786719468182,5,-0.02839063933140462,0.6167387775556623
real (YorkUrban),38,0.5,0.04889725466428585,0.05693779650650299,3.410762381913749,1.5578518854487817,8,-0.008040541842217142,1.8529104964649674
real (YorkUrban),38,0.65,0.03921698652577987,0.013318934175841957,1.6282494739168918,0.4326853673850789,8,0.025898052349937917,1.1955641065318128
real (YorkUrban),38,0.8,0.03064973779961333,0.005602946933227493,0.6984818487332554,0.344097944785247,9,0.025046790866385837,0.35438390394800834
real (YorkUrban),39,0.3,0.35436104162821014,0.6398515957323365,4.05547004961466,3.5954348039291006,5,-0.2854905541041264,0.460035245685559
real (YorkUrban),39,0.4,0.805548905872576,0.2580712078840146,2.046022614529315,1.8079438535732546,8,0.5474776979885614,0.23807876095606062
real (YorkUrban),39,0.5,1.0274378914486415,0.20585684089577416,2.668445804594549,1.6429918485106922,8,0.8215810505528673,1.0254539560838567
real (YorkUrban),39,0.65,0.41231038047380775,0.07198237719569489,1.5144128688256213,0.6116857847828951,9,0.34032800327811286,0.9027270840427262
real (YorkUrban),39,0.8,0.3050368511160455,0.02293429659377688,1.279589067938628,0.12765121010670977,9,0.2821025545222686,1.1519378578319182
real (YorkUrban),40,0.3,0.5909205934823865,0.2326297725949602,7.1211190866394745,3.9058020531363296,5,0.35829082088742625,3.215317033503145
real (YorkUrban),40,0.4,0.16905649886285357,0.1384493518682799,4.389360681782886,2.419261574673262,6,0.030607146994573675,1.970099107109624
real (YorkUrban),40,0.5,0.1192282520201422,0.08740553350557478,2.32458687921335,2.17225599565421,9,0.031822718514567416,0.15233088355914015
real (YorkUrban),40,0.65,0.07994000903649878,0.036665725267124305,1.5091406409935693,0.6422667065691096,9,0.04327428376937448,0.8668739344244597
real (YorkUrban),40,0.8,0.02899414267410272,0.011206885955677315,0.5032489385642793,0.3260269601088215,9,0.017787256718425404,0.17722197845545784
real (YorkUrban),41,0.3,0.9323005833964797,0.7346029975417747,13.772595153330888,5.95490059206298,4,0.19769758585470498,7.817694561267908
real (YorkUrban),41,0.4,0.4529800624772462,0.7476425906890771,5.486406812084455,4.61159217288129,9,-0.2946625282118309,0.8748146392031657
real (YorkUrban),41,0.5,0.4700394644896124,0.2825878046686232,5.256486162208153,1.7286939680498923,8,0.1874516598209892,3.527792194158261
real (YorkUrban),41,0.65,0.22533203164768034,0.07206951928712924,1.7006794197063622,0.4893068168944845,9,0.1532625123605511,1.2113726028118776
real (YorkUrban),41,0.8,0.06892427706144089,0.01808722705513599,0.6079406639799374,0.13034475107541693,8,0.050837050006304896,0.47759591290452047
real (YorkUrban),42,0.3,0.08668805546145997,0.28533204232694853,3.0563644439435693,8.748763970035126,4,-0.19864398686548856,-5.692399526091557
real (YorkUrban),42,0.4,0.10422346553936324,0.0415538082444602,1.845012034790914,3.7215321058367303,9,0.06266965729490304,-1.8765200710458163
real (YorkUrban),42,0.5,0.09764713192098862,0.29651614980449814,1.8441891927069256,6.277869382169389,9,-0.19886901788350952,-4.433680189462464
real (YorkUrban),42,0.65,0.044490576591194486,0.028000020411297122,0.8414391577969851,0.851677885000242,8,0.016490556179897364,-0.010238727203256914
real (YorkUrban),42,0.8,0.00519496070677139,0.009869944866791158,0.21559174114291002,0.37313838615000977,9,-0.004674984160019768,-0.15754664500709975
real (YorkUrban),43,0.3,1.0852137538460171,0.2521152843005927,5.958630763407992,5.007983897428716,4,0.8330984695454244,0.9506468659792766
real (YorkUrban),43,0.4,0.21801168408764404,0.5632065693267356,4.373209444821982,5.557454695047927,7,-0.3451948852390916,-1.1842452502259446
real (YorkUrban),43,0.5,0.1334874314983603,0.11065995498665693,2.968155039282574,2.8980376256759968,8,0.02282747651170336,0.0701174136065772
real (YorkUrban),43,0.65,0.03205804345612373,0.023992176343627936,1.3065973229586176,1.3660130826988528,9,0.008065867112495795,-0.05941575974023516
real (YorkUrban),43,0.8,0.012198070999400734,0.00665130513388279,0.5477135881375365,0.22070120398736764,9,0.005546765865517944,0.3270123841501688
real (YorkUrban),44,0.3,0.09470663555465553,0.19209242363555035,2.5963942280481733,1.9209801882496527,3,-0.09738578808089482,0.6754140397985207
real (YorkUrban),44,0.4,0.2215231358421268,0.22120830409865544,4.39444808424555,3.1153473544933714,8,0.00031483174347135545,1.2791007297521784
real (YorkUrban),44,0.5,0.18462393985791836,0.38531541791241164,3.107936266609662,5.290971924687009,8,-0.20069147805449328,-2.1830356580773467
real (YorkUrban),44,0.65,0.10061494242305136,0.047815916930014524,1.40165315486774,0.8229924595056806,9,0.05279902549303683,0.5786606953620594
real (YorkUrban),44,0.8,0.02544592713399796,0.018835264825637577,0.3763486020682457,0.3399405396676888,9,0.006610662308360382,0.03640806240055694
real (YorkUrban),45,0.3,0.5547731301727565,0.14882487787031007,11.676801177440094,4.657832850480486,4,0.40594825230244647,7.018968326959608
real (YorkUrban),45,0.4,0.18464331354499297,0.06942354186547117,10.631730271683253,5.43041948312837,4,0.1152197716795218,5.201310788554883
real (YorkUrban),45,0.5,0.4380599084604597,0.04898301375527003,13.467706688108315,1.6571259424667644,2,0.3890768947051897,11.81058074564155
real (YorkUrban),45,0.65,0.07805364178956431,0.02438125921583012,1.3121705657259433,0.9532117120558532,6,0.05367238257373419,0.35895885367009006
real (YorkUrban),45,0.8,0.008003986754611336,0.002498141007828636,0.4006035500774521,0.22380994803713222,8,0.0055058457467827004,0.17679360204031985
real (YorkUrban),46,0.3,1.2136817634102637,0.6122596673311924,8.01689616908511,7.646517309396332,5,0.6014220960790713,0.3703788596887776
real (YorkUrban),46,0.4,0.4498446202372879,0.7065333127155329,8.639517619801307,4.694283608641271,4,-0.256688692478245,3.9452340111600357
real (YorkUrban),46,0.5,0.12027439008073504,0.1624682591791995,4.559718302529009,1.3450585432346918,6,-0.042193869098464454,3.2146597592943174
real (YorkUrban),46,0.65,0.9259359627493491,0.160297198456814,3.967286014248915,0.9978097712420598,8,0.7656387642925351,2.9694762430068553
real (YorkUrban),46,0.8,0.07801587440924429,0.04698988194278275,1.0203133887422011,0.4105941524887884,8,0.03102599246646154,0.6097192362534127
real (YorkUrban),47,0.3,0.9842943709411305,1.0124019662075021,11.447777370175888,8.242124077728349,2,-0.028107595266371632,3.20565329244754
real (YorkUrban),47,0.4,0.5190449249343789,0.15750292771337193,5.595725661032214,3.7885360947168416,5,0.361541997221007,1.807189566315372
real (YorkUrban),47,0.5,0.3292432892186259,0.2406373322581823,6.6285822963989265,3.394943737995912,3,0.0886059569604436,3.2336385584030145
real (YorkUrban),47,0.65,0.27450985740274936,0.27767970273776577,4.114258472719023,2.9428064683646475,4,-0.003169845335016408,1.171452004354375
real (YorkUrban),47,0.8,0.30380092881113985,0.011553681635293689,5.4036106522774645,0.24181900276832907,5,0.29224724717584616,5.161791649509135
real (YorkUrban),48,0.3,0.2668584673241421,0.4597071448766741,11.406049407208808,7.751457644412132,2,-0.192848677552532,3.6545917627966764
real (YorkUrban),48,0.4,0.41601677088585065,0.5169672182768186,8.58155722712057,8.022127889120934,4,-0.10095044739096792,0.5594293379996351
real (YorkUrban),48,0.5,0.634191048719976,0.43495047870656656,9.927857919810739,4.384636247849333,7,0.19924057001340945,5.5432216719614065
real (YorkUrban),48,0.65,0.25419712132424976,0.0177170059630547,2.018725340566689,0.6788252176224177,8,0.23648011536119506,1.3399001229442713
real (YorkUrban),48,0.8,0.03645337564828033,0.02381942156452288,0.4362251514034026,0.3663915466201538,9,0.012633954083757448,0.06983360478324885
real (YorkUrban),49,0.3,,0.7856925053165176,,12.53847176369889,1,,
real (YorkUrban),49,0.4,0.730175497898168,0.26930054027242356,5.138710733565727,5.505464693342932,2,0.4608749576257445,-0.3667539597772054
real (YorkUrban),49,0.5,0.039262965367383273,0.10118155047361821,5.872915680551096,2.630939451157944,3,-0.061918585106234936,3.241976229393152
real (YorkUrban),49,0.65,0.022238718075424657,0.0518708272704016,0.6702833856957812,0.8132808538034599,3,-0.02963210919497694,-0.14299746810767877
real (YorkUrban),49,0.8,0.009356545398664373,0.012546657095536595,0.7951229317794719,0.25795642368401484,6,-0.003190111696872222,0.5371665080954571
real (YorkUrban),50,0.3,1.9086636553576746,1.0612139407014007,14.358896243665006,9.815303919747313,3,0.8474497146562738,4.543592323917693
real (YorkUrban),50,0.4,0.03288402538018964,0.16972052456050202,3.399441277316594,3.8610936516646452,5,-0.13683649918031238,-0.4616523743480512
real (YorkUrban),50,0.5,0.26502110333140605,0.09669979961507424,3.7599952249274526,1.2038932055479448,8,0.1683213037163318,2.556102019379508
real (YorkUrban),50,0.65,0.028301669120283535,0.049941286675193375,0.5812844158311292,0.7447829164351636,9,-0.02163961755490984,-0.16349850060403437
real (YorkUrban),50,0.8,0.004637899968228165,0.016266427102035408,0.2487301410621096,0.2940906130509046,9,-0.011628527133807243,-0.045360471988795004
real (YorkUrban),51,0.3,0.09045215288672726,0.14735833430180545,12.177882255002322,5.766062789287133,2,-0.056906181415078194,6.411819465715189
real (YorkUrban),51,0.4,0.2439164901155868,0.3553788887635987,9.905119277742985,5.227890670658845,6,-0.11146239864801188,4.67722860708414
real (YorkUrban),51,0.5,0.23975396345865585,0.07786948875332245,4.9669809495348325,3.3453514987963535,8,0.1618844747053334,1.621629450738479
real (YorkUrban),51,0.65,0.04772897361137929,0.020086869745612468,2.644029225575264,0.7944974871467083,9,0.02764210386576682,1.8495317384285557
real (YorkUrban),51,0.8,0.023932682990853937,0.011454376228849927,0.6302416394268002,0.4120078573035272,9,0.01247830676200401,0.21823378212327305
real (YorkUrban),52,0.3,,,,,1,,
real (YorkUrban),52,0.4,0.6234429290021302,0.13647473513354047,9.80386845838278,2.7188979685276795,7,0.4869681938685897,7.084970489855101
real (YorkUrban),52,0.5,0.2825686542625192,0.0904321431554953,6.6411842165457955,1.3753026197304603,8,0.1921365111070239,5.265881596815335
real (YorkUrban),52,0.65,0.05024354442436074,0.01955755792825853,0.9420163873946863,0.5959489884183199,9,0.030685986496102213,0.3460673989763664
real (YorkUrban),52,0.8,0.015953786541899273,0.010831855811495927,0.42025037363798057,0.22786886744946278,9,0.005121930730403346,0.1923815061885178
real (YorkUrban),53,0.3,0.06342272926990766,0.6119071366701538,6.55629478735506,9.66493963662175,2,-0.5484844074002462,-3.10864484926669
real (YorkUrban),53,0.4,0.10094041875787685,0.09431303174340311,4.566933747437523,2.581302061342522,5,0.00662738701447374,1.985631686095001
real (YorkUrban),53,0.5,0.1743252790414549,0.062394272948119056,3.443983943703069,1.989707971943367,9,0.11193100609333584,1.4542759717597018
real (YorkUrban),53,0.65,0.027356883695796697,0.030567319671319648,0.8439632715907078,0.9136421998999082,9,-0.0032104359755229517,-0.06967892830920042
real (YorkUrban),53,0.8,0.013288725237474708,0.006221413021854971,0.16002646860818254,0.2819206968589527,9,0.0070673122156197365,-0.12189422825077018
real (YorkUrban),54,0.3,0.3715436163749324,0.24130179815252983,7.032109727118031,6.034129340895596,3,0.13024181822240255,0.9979803862224346
real (YorkUrban),54,0.4,0.9753305837519295,0.046136570790860976,14.12004578430681,3.718209278521697,4,0.9291940129610685,10.401836505785113
real (YorkUrban),54,0.5,0.7408505231551858,0.045457642359257644,6.790610731882241,3.254957703758817,8,0.6953928807959282,3.535653028123424
real (YorkUrban),54,0.65,1.0301548595553625,0.10870667984040994,9.980090169694817,2.8775006337265188,9,0.9214481797149525,7.102589535968298
real (YorkUrban),54,0.8,0.65347887569781,0.009825695604810836,9.630833692074134,0.4900507215481718,9,0.6436531800929992,9.140782970525962
real (YorkUrban),55,0.3,,,,,1,,
real (YorkUrban),55,0.4,0.054390691185039586,0.0014820642279378404,2.2202959783505167,1.3226591011990632,2,0.052908626957101745,0.8976368771514536
real (YorkUrban),55,0.5,0.03432223663244205,0.10518990280037244,3.180696614658079,1.1498332103876652,4,-0.07086766616793039,2.0308634042704137
real (YorkUrban),55,0.65,0.06140924551505966,0.27648850615248177,1.0188518520535517,6.099627669923553,5,-0.2150792606374221,-5.080775817870001
real (YorkUrban),55,0.8,0.015778534076476003,0.02692437027363681,0.3180418031727902,0.7703669608213173,9,-0.011145836197160808,-0.4523251576485271
real (YorkUrban),56,0.3,,,,,0,,
real (YorkUrban),56,0.4,0.11934293118445627,,7.892247736616124,,2,,
real (YorkUrban),56,0.5,0.03255290168640279,0.04044181977416006,1.8990366458785455,1.5962869872260053,3,-0.007888918087757268,0.3027496586525402
real (YorkUrban),56,0.65,0.03562271422409058,0.08589521426527025,2.0975537566136886,2.8995555185602253,6,-0.05027250004117967,-0.8020017619465367
real (YorkUrban),56,0.8,0.015055482883937099,0.012722550160475077,0.6800603272142931,0.5070442523587143,9,0.0023329327234620223,0.1730160748555788
real (YorkUrban),57,0.3,0.148651213699452,0.08355270328345288,2.172480859921457,3.0583893456532953,5,0.06509851041599912,-0.8859084857318384
real (YorkUrban),57,0.4,0.13785936049308045,0.05876270794401961,1.6042414473864641,2.0902407304862116,6,0.07909665254906084,-0.4859992830997475
real (YorkUrban),57,0.5,0.07847244479097526,0.03960292711391489,1.4474633622637403,1.3263262182196414,7,0.03886951767706037,0.12113714404409892
real (YorkUrban),57,0.65,0.02360145241476541,0.07427311360296596,1.0351491496560956,1.0196535607394703,8,-0.050671661188200545,0.01549558891662528
real (YorkUrban),57,0.8,0.00766352766173517,0.012583221829840507,0.4442114913122485,0.23117556188927402,9,-0.0049196941681053374,0.2130359294229745
real (YorkUrban),58,0.3,,,,,1,,
real (YorkUrban),58,0.4,0.055132186381371184,0.8459847216957632,4.979282813766362,9.793842691775163,2,-0.790852535314392,-4.814559878008801
real (YorkUrban),58,0.5,0.3773458453875378,0.42904316716222546,6.665644490603417,11.60550783328749,4,-0.051697321774687666,-4.939863342684073
real (YorkUrban),58,0.65,0.10381554123474501,0.0824908083670115,2.0301074142356903,1.8169084132874436,7,0.02132473286773351,0.21319900094824673
real (YorkUrban),58,0.8,0.19476716786298454,0.06883310719685909,4.064627168746509,1.6311842094326159,9,0.12593406066612545,2.433442959313893
real (YorkUrban),59,0.3,0.3351705827427587,0.16363735128878343,2.504242527960707,7.452669254444095,2,0.17153323145397525,-4.9484267264833885
real (YorkUrban),59,0.4,0.09229166344169659,0.08484748279698895,4.660913198446291,2.4197255803598035,6,0.007444180644707643,2.241187618086488
real (YorkUrban),59,0.5,0.0429951602136156,0.07055597771821365,3.5756832520424755,2.2256828439124874,8,-0.027560817504598045,1.3500004081299881
real (YorkUrban),59,0.65,0.005147942114785309,0.014267021414041903,1.570962853815923,0.7455938137959826,9,-0.009119079299256594,0.8253690400199405
real (YorkUrban),59,0.8,0.004593505607233261,0.004165249956535,0.3350751319086163,0.1419278761011678,9,0.00042825565069826155,0.19314725580744851
real (YorkUrban),60,0.3,,0.42310448011612856,,7.943896174166345,0,,
real (YorkUrban),60,0.4,0.24001162253178876,0.1530759761648497,2.721096018039737,2.838191403786853,2,0.08693564636693907,-0.11709538574711598
real (YorkUrban),60,0.5,0.07196172273659673,0.18651671780466295,1.069873464750509,2.943258194013955,2,-0.11455499506806621,-1.8733847292634458
real (YorkUrban),60,0.65,0.17447159220571695,0.39191663043053815,2.4633852752576346,5.040270316898861,2,-0.2174450382248212,-2.576885041641227
real (YorkUrban),60,0.8,,0.4664788949398089,,6.047544862359211,1,,
real (YorkUrban),61,0.3,0.14001704385097202,0.3709614854736554,2.664049235787934,6.4609205159980085,2,-0.23094444162268335,-3.7968712802100746
real (YorkUrban),61,0.4,0.2487616075488588,0.10656267043162337,4.956618377264362,2.6065557598753912,8,0.1421989371172354,2.3500626173889705
real (YorkUrban),61,0.5,0.08758280612410285,0.027993456295774877,3.728353455139371,1.292463405809769,7,0.059589349828327975,2.435890049329602
real (YorkUrban),61,0.65,0.05171700418995462,0.02814057901006395,1.2141531859729056,0.8127165862038364,9,0.02357642517989067,0.4014365997690692
real (YorkUrban),61,0.8,0.026007722993885984,0.007557974299436054,0.5837600590484706,0.26931743173573,9,0.01844974869444993,0.31444262731274064
real (YorkUrban),62,0.3,0.2463830912331697,0.07437199304989539,7.107840321677685,2.5053112524260523,8,0.1720110981832743,4.6025290692516325
real (YorkUrban),62,0.4,0.2708852379029807,0.052774639808886636,7.682117888447392,1.2616643880931366,6,0.21811059809409405,6.420453500354255
real (YorkUrban),62,0.5,0.13576831291422709,0.037087914354479334,3.3038690943673776,1.1492325296768342,5,0.09868039855974775,2.154636564690543
real (YorkUrban),62,0.65,0.030718859309743163,0.013716964299960388,0.9734975146655926,0.5513244766860586,9,0.017001895009782775,0.4221730379795341
real (YorkUrban),62,0.8,0.03173211978973001,0.00548673135779687,0.7294637990881021,0.23849317980863077,9,0.026245388431933137,0.49097061927947133
real (YorkUrban),63,0.3,0.2796429122711235,0.11431520031568354,9.00847928192395,5.907209617149468,6,0.16532771195543994,3.101269664774482
real (YorkUrban),63,0.4,0.2676934313980657,0.08317449414675426,12.418779770856005,4.314631884590439,8,0.1845189372513114,8.104147886265567
real (YorkUrban),63,0.5,0.22460405546599027,0.028574992299302604,7.0438174642850955,1.451188946753145,9,0.19602906316668767,5.592628517531951
real (YorkUrban),63,0.65,0.1284934570966043,0.019542070584644744,5.768527808861578,0.7848670790815977,9,0.10895138651195957,4.983660729779981
real (YorkUrban),63,0.8,0.03724448281846815,0.008734709902850746,0.9100494167613586,0.49684019272536845,9,0.028509772915617404,0.4132092240359902
real (YorkUrban),64,0.3,0.21575705584747595,0.1126746043471365,7.49599924221389,4.521896551874392,6,0.10308245150033946,2.974102690339498
real (YorkUrban),64,0.4,0.1135119538114937,0.0991532150338803,4.3504211849243095,3.2793253894717926,9,0.0143587387776134,1.0710957954525169
real (YorkUrban),64,0.5,0.10899827940702567,0.03635157156777247,3.723868565116107,1.3102255075759586,8,0.0726467078392532,2.4136430575401486
real (YorkUrban),64,0.65,0.05375321631472163,0.009386836778028318,1.164794367902818,0.3347038432620819,9,0.04436637953669331,0.8300905246407362
real (YorkUrban),64,0.8,0.021740350954853493,0.004300487245114226,0.48611335918821696,0.23405762407153108,9,0.017439863709739267,0.2520557351166859
real (YorkUrban),65,0.3,0.24279747916008487,0.19609798095222342,8.962948925292281,4.322439754476156,4,0.046699498207861456,4.640509170816125
real (YorkUrban),65,0.4,0.23396806819363913,0.15827818516148495,5.239937705137785,5.018314344262601,7,0.07568988303215418,0.22162336087518408
real (YorkUrban),65,0.5,0.292846220308987,0.03433102634316487,5.645490313126102,1.1666555939744403,8,0.2585151939658221,4.478834719151662
real (YorkUrban),65,0.65,0.05490330973757862,0.021577966548261163,1.024400287766509,0.6215395182629413,9,0.03332534318931746,0.40286076950356775
real (YorkUrban),65,0.8,0.0314722444665545,0.005489039618808977,0.2724587835059945,0.19757697643791688,9,0.025983204847745522,0.07488180706807762
real (YorkUrban),66,0.3,0.06337265444792672,0.09737472380772694,4.11811637611036,3.8096167570293966,5,-0.03400206935980021,0.3084996190809637
real (YorkUrban),66,0.4,0.13339693503971262,0.04896303200620622,5.482130605630152,1.9461929177025972,7,0.0844339030335064,3.5359376879275546
real (YorkUrban),66,0.5,0.043664670797010974,0.03231127414746826,3.957027473069781,1.5354085697101465,9,0.011353396649542713,2.4216189033596347
real (YorkUrban),66,0.65,0.012096274646400396,0.015821454557868986,0.8761416276014513,0.4502114126313992,9,-0.00372517991146859,0.4259302149700521
real (YorkUrban),66,0.8,0.012911332263382036,0.011579022374839987,0.7549232422668601,0.355293419441726,9,0.0013323098885420492,0.39962982282513415
real (YorkUrban),67,0.3,0.7598635840164665,0.4124109427460221,9.784170028604114,8.63638218013757,7,0.3474526412704444,1.1477878484665442
real (YorkUrban),67,0.4,0.21395437553285834,0.10846594902823536,3.1537552569753378,3.0228904904907834,7,0.10548842650462298,0.13086476648455436
real (YorkUrban),67,0.5,0.1405432533398594,0.06174800553337745,4.179056270822979,1.148844918527113,9,0.07879524780648195,3.0302113522958662
real (YorkUrban),67,0.65,0.0823400280680473,0.018577388761717106,1.40057500934787,0.5156959063377229,9,0.0637626393063302,0.884879103010147
real (YorkUrban),67,0.8,0.04626319235856258,0.011111413790193758,0.6166457465889613,0.35158150615353667,9,0.03515177856836882,0.26506424043542465
real (YorkUrban),68,0.3,0.39880327877372235,0.11578859809174125,9.110879086334327,3.641374062034829,6,0.2830146806819811,5.469505024299497
real (YorkUrban),68,0.4,0.25650829922402707,0.07460582935536664,4.362226402359486,2.2677393788283364,9,0.18190246986866043,2.0944870235311495
real (YorkUrban),68,0.5,0.17680701689913736,0.054924059433363315,3.195321159318804,1.9509119868349543,8,0.12188295746577404,1.2444091724838495
real (YorkUrban),68,0.65,0.06122918333460259,0.014887522925250973,1.7408910416802734,0.6589490876618935,9,0.046341660409351615,1.08194195401838
real (YorkUrban),68,0.8,0.029808317227742798,0.005377218316312327,0.884980530926355,0.23784309823413988,9,0.02443109891143047,0.6471374326922151
real (YorkUrban),69,0.3,0.25551790611385483,0.1515219546342168,4.207004395361983,3.7750704695003794,5,0.10399595147963803,0.4319339258616033
real (YorkUrban),69,0.4,0.11401352787695762,0.06762267852204173,6.9610806365856845,2.8827753150946496,8,0.046390849354915886,4.078305321491035
real (YorkUrban),69,0.5,0.1663181125125326,0.051448611882206396,4.834916032472052,1.9642063991755023,9,0.1148695006303262,2.87070963329655
real (YorkUrban),69,0.65,0.1219206858269497,0.016103282859049273,2.876590190974157,0.5673433290251229,9,0.10581740296790043,2.3092468619490343
real (YorkUrban),69,0.8,0.01865588488634007,0.003323106362413064,0.8318361916643667,0.14987520295533693,9,0.015332778523927004,0.6819609887090298
real (YorkUrban),70,0.3,0.4069211589061914,0.24757338921969474,8.268459551451944,6.025814816866544,5,0.15934776968649667,2.2426447345854
real (YorkUrban),70,0.4,0.4348852891876902,0.18034820223129167,4.781617071282461,3.116794266738984,7,0.25453708695639854,1.6648228045434768
real (YorkUrban),70,0.5,0.18995104621964698,0.2480877249539306,3.0672426023474566,6.226709825116581,9,-0.05813667873428363,-3.1594672227691243
real (YorkUrban),70,0.65,0.1134029709118205,0.0798149946513047,2.6731393594637174,2.659583934374807,9,0.033587976260515795,0.0135554250889105
real (YorkUrban),70,0.8,0.12849194406761555,0.10092512380685736,2.4962142743194593,2.2104373425609953,9,0.027566820260758185,0.28577693175846397
real (YorkUrban),71,0.3,0.1560154500704245,0.10146337194665511,6.565025474794695,2.6681344441048056,5,0.05455207812376939,3.896891030689889
real (YorkUrban),71,0.4,0.36033900733381063,0.0953510619194371,4.3191809878129455,1.2765007839644076,4,0.26498794541437354,3.042680203848538
real (YorkUrban),71,0.5,0.22374098616729388,0.05381717322520618,6.08550173228305,0.639638692815841,5,0.1699238129420877,5.445863039467209
real (YorkUrban),71,0.65,0.34699300925137466,0.030938067143107872,4.724796982471854,0.8940596352242356,4,0.3160549421082668,3.8307373472476183
real (YorkUrban),71,0.8,0.13988619397812396,0.029310703636794777,2.3797432130787373,0.7878866286004448,6,0.11057549034132919,1.5918565844782924
real (YorkUrban),72,0.3,0.3008794884215349,0.5287005542774352,4.974127218074459,12.895640629641282,5,-0.22782106585590034,-7.921513411566822
real (YorkUrban),72,0.4,0.2905362028078593,0.2892683874586073,10.073601358213827,6.086163107988998,8,0.0012678153492520217,3.9874382502248285
real (YorkUrban),72,0.5,0.19640378562415606,0.1266627254360162,6.885473185277112,2.8540109022529205,9,0.06974106018813986,4.031462283024192
real (YorkUrban),72,0.65,0.06195897860034627,0.028787538146387348,1.2735892976828977,0.9777021277547369,7,0.03317144045395892,0.2958871699281609
real (YorkUrban),72,0.8,0.022671452193405273,0.00791717232748379,0.559864134527126,0.25435345604641907,9,0.014754279865921482,0.30551067848070695
real (YorkUrban),73,0.3,0.36095216612523107,0.23589477373451473,11.393399975107762,7.984159904030317,4,0.12505739239071634,3.409240071077445
real (YorkUrban),73,0.4,0.1485951479614691,0.19548921045411172,6.46855062160118,5.145712250086742,8,-0.04689406249264261,1.3228383715144378
real (YorkUrban),73,0.5,0.2619494804504172,0.05756709465900611,8.1580098824158,1.950877049201504,9,0.2043823857914111,6.207132833214297
real (YorkUrban),73,0.65,0.048942143598782906,0.018113544237800205,1.333172204095097,0.45020074635241175,9,0.0308285993609827,0.8829714577426853
real (YorkUrban),73,0.8,0.011290473746034646,0.008540428498963859,0.35698745985038094,0.22896657941184884,9,0.002750045247070787,0.1280208804385321
real (YorkUrban),74,0.3,,,,,0,,
real (YorkUrban),74,0.4,0.3254313355687204,0.10329773924368091,7.279172927956652,1.7242203605158068,6,0.22213359632503948,5.554952567440845
real (YorkUrban),74,0.5,0.2542865554722047,0.05414805355093355,6.7470624958882395,1.8167024442395985,7,0.20013850192127114,4.930360051648641
real (YorkUrban),74,0.65,0.20459870340643338,0.04086747939409552,4.837059973107438,0.764119629165752,8,0.16373122401233786,4.072940343941686
real (YorkUrban),74,0.8,0.011435216084986433,0.015817630435024377,0.6756719887338423,0.34563288710545015,9,-0.004382414350037944,0.3300391016283921
real (YorkUrban),75,0.3,0.7357602418436784,1.719127662606132,11.890254271448471,5.047047797083889,3,-0.9833674207624536,6.843206474364583
real (YorkUrban),75,0.4,0.32661464669743356,0.2220871270779341,2.873534272895506,1.7478124899884377,7,0.10452751961949946,1.1257217829070683
real (YorkUrban),75,0.5,0.30196945663332064,0.1392881172570748,3.3655951312111707,1.1133229551975563,9,0.16268133937624585,2.2522721760136144
real (YorkUrban),75,0.65,0.10975867771956072,0.08695333573084296,1.0413470316698283,0.6624844137997754,9,0.022805341988717753,0.37886261787005293
real (YorkUrban),75,0.8,0.03397063633631703,0.015519903478570463,0.23889222138617555,0.1172082149020891,9,0.018450732857746566,0.12168400648408645
real (YorkUrban),76,0.3,0.23981508366896698,0.2911891072284085,5.092321055522042,6.641235470428857,5,-0.05137402355944154,-1.5489144149068146
real (YorkUrban),76,0.4,0.1926848865031574,0.14115409826547864,4.313591338964441,4.502601581426827,8,0.05153078823767876,-0.18901024246238585
real (YorkUrban),76,0.5,0.07565832388734517,0.07913272875600796,3.031471827104249,2.1832739934559378,9,-0.003474404868662795,0.8481978336483111
real (YorkUrban),76,0.65,0.020274086039557382,0.030460054704971373,0.7312463302596939,0.7806664333976703,9,-0.010185968665413991,-0.0494201031379764
real (YorkUrban),76,0.8,0.007490017504701907,0.01734212863641371,0.4289109798062981,0.42864913364228785,9,-0.009852111131711805,0.00026184616401025984
real (YorkUrban),77,0.3,0.17961857174217855,0.22729252857994542,12.850317174168806,4.21349630167862,2,-0.04767395683776687,8.636820872490187
real (YorkUrban),77,0.4,0.24485314072618802,0.06647254671481928,9.488751729653668,7.202996975639746,3,0.17838059401136874,2.2857547540139223
real (YorkUrban),77,0.5,0.15085793580200146,0.05898880988990207,15.913652363524033,2.4395577003734417,5,0.09186912591209939,13.474094663150591
real (YorkUrban),77,0.65,0.059227378702153555,0.015648610094058935,2.0137332228559988,0.9637527597199298,8,0.04357876860809462,1.049980463136069
real (YorkUrban),77,0.8,0.043541140696936154,0.007770021480261846,1.2188554647182317,0.39338892007667536,9,0.03577111921667431,0.8254665446415563
real (YorkUrban),78,0.3,,,,,0,,
real (YorkUrban),78,0.4,0.1856357691080861,0.2336846669216257,8.053625909571613,7.677608234259031,6,-0.048048897813539604,0.3760176753125819
real (YorkUrban),78,0.5,0.27989469205804784,0.137665081803366,10.555787431921532,2.631568700994515,7,0.14222961025468184,7.9242187309270165
real (YorkUrban),78,0.65,0.026478597394815395,0.03308404906173035,1.7967700479039133,1.123796471379653,8,-0.006605451666914952,0.6729735765242602
real (YorkUrban),78,0.8,0.014220346992167787,0.009807146169523051,1.154712295900763,0.311996976098487,9,0.004413200822644736,0.842715319802276
real (YorkUrban),79,0.3,0.07130788149553435,0.1968368869394994,2.915102014378434,11.285897568162738,2,-0.12552900544396506,-8.370795553784305
real (YorkUrban),79,0.4,0.26734010480926385,0.13500805709170471,7.150020573109962,4.36105012358389,8,0.13233204771755913,2.7889704495260714
real (YorkUrban),79,0.5,0.1475066542865613,0.0961988984364619,6.471566259282769,2.8210357505731913,9,0.05130775585009939,3.6505305087095774
real (YorkUrban),79,0.65,0.07029476683258284,0.016473187982622317,2.7383219282310414,0.8958790389447707,9,0.05382157884996053,1.8424428892862705
real (YorkUrban),79,0.8,0.036176988640315155,0.009343493269126313,1.1767378211117916,0.19326505212374823,9,0.026833495371188842,0.9834727689880434
sdxl_pilot,0,0.3,0.07439639460647385,0.2544838951858379,8.54532820617244,9.759038945083987,2,-0.18008750057936407,-1.213710738911546
sdxl_pilot,0,0.4,0.04574402695081581,0.08120973359642747,10.18918782778191,17.6124033718074,2,-0.03546570664561166,-7.42321554402549
sdxl_pilot,0,0.5,,0.11768919694965341,,2.8278963991450716,1,,
sdxl_pilot,0,0.65,,0.09618237601333046,,2.4706034939134414,1,,
sdxl_pilot,0,0.8,,0.005779528821840962,,0.08279523641451289,1,,
sdxl_pilot,1,0.3,,,,,0,,
sdxl_pilot,1,0.4,2.697776405324082,0.09600882377905684,11.612837318113723,7.537835924683862,3,2.601767581545025,4.075001393429861
sdxl_pilot,1,0.5,0.8380644408537083,1.1839519390624131,3.9687693563608675,5.630116129722222,7,-0.3458874982087048,-1.661346773361355
sdxl_pilot,1,0.65,0.9733260602366673,0.8317391448310945,3.3010309637593607,3.6882567183355257,7,0.1415869154055729,-0.38722575457616504
sdxl_pilot,1,0.8,0.36517655313646813,0.18980785868249406,1.626030715597004,1.4981385744226399,9,0.17536869445397407,0.1278921411743641
sdxl_pilot,2,0.3,0.21388472875998232,0.23849234505299233,5.038683146886751,6.594140552553417,4,-0.024607616293010004,-1.5554574056666661
sdxl_pilot,2,0.4,0.14997054910283847,0.1564220156557523,6.441856036082877,4.008929787695828,6,-0.006451466552913843,2.432926248387049
sdxl_pilot,2,0.5,0.21352322035823335,0.10136869547469862,4.057255325196926,2.195420648329373,6,0.11215452488353472,1.861834676867553
sdxl_pilot,2,0.65,0.18509965912459547,0.019492748009775962,1.3540330924043626,0.5261566230991157,9,0.1656069111148195,0.8278764693052469
sdxl_pilot,2,0.8,0.04873196838676552,0.0035538282278326783,1.3155414029101808,0.10408350486733381,7,0.045178140158932845,1.211457898042847
sdxl_pilot,3,0.3,,,,,0,,
sdxl_pilot,3,0.4,,,,,0,,
sdxl_pilot,3,0.5,,1.175788417367329,,8.956671387109662,1,,
sdxl_pilot,3,0.65,0.92398542122924,1.2196844848747226,21.882174426255833,9.675229838501439,3,-0.2956990636454826,12.206944587754395
sdxl_pilot,3,0.8,0.29786162271383176,0.11562046047924568,9.663815411926564,5.537598112875622,3,0.18224116223458608,4.126217299050942
sdxl_pilot,4,0.3,,,,,0,,
sdxl_pilot,4,0.4,2.444757834880257,0.616567821786906,4.562475027717222,3.476405843576908,5,1.828190013093351,1.0860691841403143
sdxl_pilot,4,0.5,2.015694800532719,1.0357804056731506,2.2424899545722576,5.312862380554511,7,0.9799143948595685,-3.070372425982254
sdxl_pilot,4,0.65,2.2926436774105015,0.6629532949687218,2.9420734566688553,3.4453493427798625,9,1.6296903824417797,-0.5032758861110072
sdxl_pilot,4,0.8,2.0790458048668783,0.2815911381690679,3.962964702283993,1.9445161411557386,9,1.7974546666978104,2.0184485611282543
sdxl_pilot,5,0.3,0.12588834431173623,0.11634860612290243,8.501990663218669,3.0501223559867197,2,0.009539738188833802,5.451868307231949
sdxl_pilot,5,0.4,0.20942176311616922,0.14028684817953474,11.308654124241876,5.263983533996529,7,0.06913491493663448,6.044670590245347
sdxl_pilot,5,0.5,0.07804236391172115,0.046054538045286364,6.1811045682068215,1.319721047587679,8,0.03198782586643478,4.8613835206191425
sdxl_pilot,5,0.65,0.11051770265245242,0.012665052014013689,2.9672098659861397,0.6731694490495937,8,0.09785265063843873,2.294040416936546
sdxl_pilot,5,0.8,0.036197879649969344,0.006170124247694364,0.7872363624932173,0.36083629325550426,9,0.03002775540227498,0.426400069237713
sdxl_pilot,6,0.3,0.18613055273898027,0.747837184385137,1.7439268558290306,9.872464031443995,5,-0.5617066316461568,-8.128537175614964
sdxl_pilot,6,0.4,0.8089478348382997,0.6425927313193798,6.919675372799911,6.4016955402601,7,0.1663551035189199,0.5179798325398108
sdxl_pilot,6,0.5,0.6185046321543872,0.3540244879183434,7.390756381121933,4.483784160874954,5,0.2644801442360438,2.9069722202469785
sdxl_pilot,6,0.65,0.9403082396735041,0.3473958021123851,6.3189885374398465,2.682678527501904,7,0.592912437561119,3.6363100099379424
sdxl_pilot,6,0.8,0.5086946587695835,0.13428511774501928,4.217951856166681,1.177141638155828,9,0.37440954102456425,3.040810218010853
sdxl_pilot,7,0.3,0.18152607483214034,,6.432556437142157,,2,,
sdxl_pilot,7,0.4,2.200407289540329,0.42291197483052834,19.199420335968856,15.644029835130498,2,1.7774953147098005,3.5553905008383584
sdxl_pilot,7,0.5,1.0776950770994764,0.34617690193652173,12.667047710598766,4.7549495673218045,3,0.7315181751629547,7.912098143276961
sdxl_pilot,7,0.65,0.8038177284504169,0.5706954505551356,9.474161654707796,5.912709483766662,7,0.23312227789528128,3.561452170941134
sdxl_pilot,7,0.8,0.11264907513348366,0.2089213894908477,2.987211834988015,6.187841494622549,8,-0.09627231435736405,-3.200629659634534
sdxl_pilot,8,0.3,,,,,0,,
sdxl_pilot,8,0.4,,,,,0,,
sdxl_pilot,8,0.5,0.0,1.03379998975241,19.14691714219888,13.322328000934428,2,-1.03379998975241,5.824589141264452
sdxl_pilot,8,0.65,0.5092957451398785,0.7422551127183361,13.547542256010589,17.802296095476404,3,-0.2329593675784576,-4.254753839465815
sdxl_pilot,8,0.8,0.09291811503157454,0.7689326404343859,2.6206775328129748,13.527683071395577,2,-0.6760145254028114,-10.907005538582602
sdxl_pilot,9,0.3,2.0881938440119416,0.11634055005698052,13.700385789173803,2.6084887118744784,2,1.9718532939549611,11.091897077299324
sdxl_pilot,9,0.4,0.6745265392505133,0.19098042846568708,7.902187260294864,5.788546129826242,5,0.48354611078482623,2.113641130468622
sdxl_pilot,9,0.5,0.4588709218913456,0.036545333715809925,5.990386141984309,0.7111767919411592,7,0.42232558817553567,5.27920935004315
sdxl_pilot,9,0.65,0.22332812600897167,0.07245645192708006,2.9288527066307903,0.9158866056032064,9,0.15087167408189162,2.012966101027584
sdxl_pilot,9,0.8,0.0739841215946373,0.014335917724226821,1.4802714447597043,0.24330871229326978,9,0.05964820387041048,1.2369627324664345
sdxl_pilot,10,0.3,0.35485065597522425,0.10325921065161747,3.1551072361319688,2.1985591900727504,2,0.2515914453236068,0.9565480460592184
sdxl_pilot,10,0.4,0.596075830886508,0.7895579207470069,10.068878083134368,5.542325479781228,3,-0.19348208986049897,4.5265526033531405
sdxl_pilot,10,0.5,0.22650206438089482,0.5179104866832098,4.191394703058058,2.980462231626747,5,-0.291408422302315,1.210932471431311
sdxl_pilot,10,0.65,0.5836623671490337,0.11732726777294156,5.7258584646702175,0.7803422781103401,8,0.4663350993760922,4.945516186559877
sdxl_pilot,10,0.8,0.44083071199536317,0.061886519041874255,2.2252626903446604,0.3625240527714153,9,0.3789441929534889,1.862738637573245
sdxl_pilot,11,0.3,2.171024363060128,0.21053329739393956,22.60626095630367,5.306168591146553,3,1.9604910656661882,17.30009236515712
sdxl_pilot,11,0.4,1.1607288390334114,1.713362915718089,11.728124837675805,8.490419268693671,6,-0.5526340766846776,3.2377055689821344
sdxl_pilot,11,0.5,0.9265012831374824,1.5435701656011105,11.678220382369435,3.997814357548674,6,-0.6170688824636281,7.680406024820761
sdxl_pilot,11,0.65,0.4134697721022036,0.6919330069131959,7.3457398262723475,5.183671794830442,9,-0.27846323481099233,2.1620680314419056
sdxl_pilot,11,0.8,0.18684283302034155,0.18224588261882424,1.7575722506319233,1.5815817932960043,9,0.004596950401517308,0.175990457335919
sdxl_pilot,12,0.3,,,,,0,,
sdxl_pilot,12,0.4,,0.15759952772269603,,6.315368991697792,1,,
sdxl_pilot,12,0.5,0.4027118631428177,0.22152664879639783,12.224348450422562,7.991403862877834,4,0.18118521434641988,4.232944587544728
sdxl_pilot,12,0.65,0.5091304209096252,0.2872018827249585,4.986629173791765,3.8250542831035244,7,0.22192853818466673,1.1615748906882404
sdxl_pilot,12,0.8,0.17597137211242675,0.09704368399991825,1.9517488436711226,2.133991986991618,9,0.0789276881125085,-0.18224314332049563
sdxl_pilot,13,0.3,1.4656634220721285,0.4554714612755544,9.340433634718472,1.1748011491836767,8,1.0101919607965741,8.165632485534795
sdxl_pilot,13,0.4,1.318765756565222,1.135074386997717,6.263071450120113,1.2246756768277711,7,0.1836913695675051,5.038395773292342
sdxl_pilot,13,0.5,0.45278776163273937,0.2104856249848721,1.6688930568067168,0.7201491857722011,9,0.24230213664786726,0.9487438710345157
sdxl_pilot,13,0.65,0.44112650168378975,0.33652070337888773,0.9636722606677595,0.3592752325781474,9,0.10460579830490202,0.604397028089612
sdxl_pilot,13,0.8,0.2516672624963796,0.3232369531164303,0.37610380977000657,0.20764108891965866,9,-0.0715696906200507,0.1684627208503479
sdxl_pilot,14,0.3,1.8575156073591006,0.8326760119810235,3.9790537866508577,5.701181625110348,5,1.0248395953780771,-1.7221278384594907
sdxl_pilot,14,0.4,0.5047508093523065,1.5226104131611748,3.942417477607572,2.310268188640277,5,-1.0178596038088683,1.632149288967295
sdxl_pilot,14,0.5,0.5660822478055083,0.7477177497338583,1.1731236800995126,1.7918851184894162,5,-0.18163550192834998,-0.6187614383899036
sdxl_pilot,14,0.65,0.741791595486379,0.7213465855945911,1.9958186139675538,1.334294239129052,8,0.02044500989178788,0.6615243748385018
sdxl_pilot,14,0.8,0.12349354335647389,0.6641901876734004,0.6781635359400267,1.360655319007701,8,-0.5406966443169265,-0.6824917830676744
sdxl_pilot,15,0.3,,0.775879530691661,,25.45902409589137,1,,
sdxl_pilot,15,0.4,0.5545237053919765,0.4361920255193832,5.909135849312811,5.286306390801558,6,0.1183316798725933,0.6228294585112533
sdxl_pilot,15,0.5,0.8688441146475796,1.4656404981178874,5.734875369675787,1.4452750667428593,7,-0.5967963834703078,4.289600302932927
sdxl_pilot,15,0.65,0.29927765896373604,0.9554355199019349,1.5382897386654684,1.3689817181667994,7,-0.6561578609381988,0.169308020498669
sdxl_pilot,15,0.8,0.30720010598397396,0.08941798882761498,0.8119555759395694,0.3841869544631683,8,0.21778211715635898,0.42776862147640105
sdxl_pilot,16,0.3,,,,,0,,
sdxl_pilot,16,0.4,0.49962528786848814,0.27402822097873747,7.097634265572864,7.2771858317441485,3,0.22559706688975067,-0.1795515661712841
sdxl_pilot,16,0.5,0.3022481715016516,0.039718876890753485,4.999615567420211,1.7598865168029991,6,0.26252929461089813,3.2397290506172114
sdxl_pilot,16,0.65,0.11656046938658049,0.00595498297975583,3.4003660381319865,0.5130941550232004,8,0.11060548640682466,2.8872718831087862
sdxl_pilot,16,0.8,0.004121663064349246,0.003022525834720735,0.3946550597593542,0.20810405947245025,9,0.0010991372296285107,0.18655100028690397
sdxl_pilot,17,0.3,,,,,0,,
sdxl_pilot,17,0.4,,0.008541062274431965,,0.5322037414333651,0,,
sdxl_pilot,17,0.5,,0.5683194877034583,,8.960228410986057,1,,
sdxl_pilot,17,0.65,0.7007349720515244,0.069824639908175,5.456959885698405,0.9743453494329829,2,0.6309103321433494,4.482614536265422
sdxl_pilot,17,0.8,,0.01897418012665142,,0.6601118529681915,1,,
sdxl_pilot,18,0.3,,,,,1,,
sdxl_pilot,18,0.4,,,,,0,,
sdxl_pilot,18,0.5,0.7267324647966751,0.03794340017887965,12.568141288977596,13.680112987049984,4,0.6887890646177954,-1.111971698072388
sdxl_pilot,18,0.65,0.7651878083052726,0.07971810182130223,7.774505051517552,0.8384970019200021,6,0.6854697064839703,6.936008049597549
sdxl_pilot,18,0.8,0.32361405082721584,0.059918786460772644,2.243312924970877,1.3530852074828232,4,0.2636952643664432,0.890227717488054
sdxl_pilot,19,0.3,0.5196547233533719,0.3930774800356982,8.335365758605581,14.684426954757216,3,0.12657724331767373,-6.349061196151634
sdxl_pilot,19,0.4,0.32771263337487166,0.1015896960694107,8.479437449507248,3.847869849659763,8,0.22612293730546096,4.631567599847485
sdxl_pilot,19,0.5,0.1854289087369545,0.06217738218313773,4.841148186442203,2.098136293115766,8,0.12325152655381677,2.7430118933264365
sdxl_pilot,19,0.65,0.12803406130011563,0.03138372456866945,3.3770605104789793,0.9727035645883277,9,0.09665033673144618,2.4043569458906515
sdxl_pilot,19,0.8,0.036069677861576555,0.012775164706568809,1.4516501613623451,0.6174273036718304,9,0.023294513155007746,0.8342228576905147
sdxl_pilot,20,0.3,1.8739034072103147,2.8624566506609863,7.709655853332226,7.553665909560037,8,-0.9885532434506716,0.15598994377218922
sdxl_pilot,20,0.4,1.6829729475328943,3.1911745897930066,8.64440461620145,6.577290836858026,8,-1.5082016422601123,2.0671137793434244
sdxl_pilot,20,0.5,2.632956994979477,3.0096378287736814,6.856047294637661,9.384624317473534,9,-0.37668083379420425,-2.528577022835873
sdxl_pilot,20,0.65,4.964193421449854,0.4681664990315806,5.015151530020362,7.140756801627397,8,4.496026922418274,-2.125605271607035
sdxl_pilot,20,0.8,4.526446454449784,0.1476969805151791,6.746161996155951,5.187884247290022,9,4.378749473934605,1.5582777488659296
sdxl_pilot,21,0.3,,1.4119844802163781,,6.7035845626472135,1,,
sdxl_pilot,21,0.4,0.8534293734387974,1.5699348743050034,2.6018659960152934,5.11838141665958,5,-0.716505500866206,-2.5165154206442866
sdxl_pilot,21,0.5,1.5853832161260133,1.3155715511245853,7.697513972986596,4.498657565021672,8,0.26981166500142795,3.198856407964924
sdxl_pilot,21,0.65,1.0947369965083982,0.31903036545628716,6.362712268810753,1.1860399352733078,9,0.775706631052111,5.176672333537446
sdxl_pilot,21,0.8,1.4284382867319696,0.26365512023744087,9.758699593632441,2.012333327863408,9,1.1647831664945287,7.7463662657690335
sdxl_pilot,22,0.3,2.0858212976901065,0.9528003401694507,3.987621460985684,6.532055174475185,2,1.1330209575206558,-2.544433713489501
sdxl_pilot,22,0.4,0.865707739554832,0.21933112525713172,9.679570721809945,5.337484077375125,4,0.6463766142977003,4.34208664443482
sdxl_pilot,22,0.5,0.5893442539380267,0.7305017460812722,8.705387471516163,5.014403033818928,3,-0.14115749214324547,3.690984437697235
sdxl_pilot,22,0.65,1.0869342997336329,0.8484405848883823,9.393783045194752,6.640402489322346,9,0.23849371484525062,2.753380555872406
sdxl_pilot,22,0.8,0.2571625863599314,0.4838559433907461,3.9954309466635793,2.9154603224125317,9,-0.22669335703081472,1.0799706242510476
sdxl_pilot,23,0.3,,,,,0,,
sdxl_pilot,23,0.4,2.3868710745845414,,12.963400359282296,,2,,
sdxl_pilot,23,0.5,0.78419996760781,0.5608946349158117,7.6287743361845,4.357812066458918,2,0.22330533269199826,3.2709622697255814
sdxl_pilot,23,0.65,2.01762604220682,0.519686435598115,6.032026885232116,11.405119556195828,3,1.4979396066087052,-5.373092670963712
sdxl_pilot,23,0.8,0.6730389015431424,1.1894145763399546,10.97464432284423,6.781569229200875,5,-0.5163756747968122,4.193075093643354
sdxl_pilot,24,0.3,9.167108876440011e-07,3.497812557418575,0.48012774739911906,13.640303899635109,2,-3.4978116407076874,-13.160176152235989
sdxl_pilot,24,0.4,1.5589310859439025,2.644308367184631,0.5908594660505331,8.059990544610868,4,-1.0853772812407283,-7.469131078560334
sdxl_pilot,24,0.5,2.4146448603475807,2.4049798215367812,2.754000442652094,3.3904754503560826,7,0.009665038810799498,-0.6364750077039885
sdxl_pilot,24,0.65,2.9678732182958356e-07,1.7407439367562234,0.15144682707410034,2.9556144146757113,9,-1.7407436399689016,-2.804167587601611
sdxl_pilot,24,0.8,1.2428415191596107,0.4107761815704358,0.6091965038922236,1.4981889999097897,9,0.8320653375891749,-0.8889924960175661
sdxl_pilot,25,0.3,1.9429792873220082,1.0542908200782137,12.417761498011284,4.9965732410604335,5,0.8886884672437945,7.421188256950851
sdxl_pilot,25,0.4,1.0603203996772508,1.6439129431227433,3.2059036902574505,3.120753899870886,8,-0.5835925434454925,0.08514979038656456
sdxl_pilot,25,0.5,0.8729147420993666,0.3344674689734122,3.4776570099307973,1.9806120931230458,9,0.5384472731259544,1.4970449168077515
sdxl_pilot,25,0.65,0.47569206692797206,0.22276509629187702,1.3074162753746634,1.4189971182389454,9,0.25292697063609504,-0.11158084286428194
sdxl_pilot,25,0.8,0.14772414509970977,0.09748865830478248,0.2872986975929084,0.24997285033570854,9,0.050235486794927287,0.03732584725719984
sdxl_pilot,26,0.3,0.42947656084590635,0.7549773011567793,13.713919508327344,14.994154872580797,4,-0.32550074031087295,-1.2802353642534534
sdxl_pilot,26,0.4,0.3355171181010954,0.23621724001595368,9.359658128850844,6.711447069323349,2,0.09929987808514174,2.6482110595274957
sdxl_pilot,26,0.5,0.4068999919002878,0.060115668524376886,8.657795711489392,1.5643112211217378,5,0.3467843233759109,7.093484490367654
sdxl_pilot,26,0.65,0.08542508879707311,0.09720592347248269,3.610112479041315,4.899254830341071,8,-0.01178083467540958,-1.2891423512997555
sdxl_pilot,26,0.8,0.10415168063771052,0.030852259443377328,2.4620900332958504,0.49265780043149376,7,0.07329942119433319,1.9694322328643565
sdxl_pilot,27,0.3,1.4212066282141134,,3.7457657870078886,,2,,
sdxl_pilot,27,0.4,,,,,0,,
sdxl_pilot,27,0.5,1.1786455513818157,1.4552995369683108,10.731561317602335,7.043342345804238,4,-0.2766539855864951,3.688218971798097
sdxl_pilot,27,0.65,1.0944744049400201,1.3300297942504336,18.06932945709463,3.9525001411228837,2,-0.23555538931041342,14.116829315971746
sdxl_pilot,27,0.8,0.393457952273228,0.44962801931555507,6.588484930838245,7.830170195383827,8,-0.056170067042327076,-1.2416852645455823
sdxl_pilot,28,0.3,,0.18363961435021903,,7.458901456611418,1,,
sdxl_pilot,28,0.4,0.2265136813203954,0.4844718373882877,6.992204200697985,12.924480997222863,3,-0.2579581560678923,-5.932276796524878
sdxl_pilot,28,0.5,0.16864498673217332,0.1123527976658023,8.351531196566022,1.9497549400069611,4,0.05629218906637101,6.40177625655906
sdxl_pilot,28,0.65,0.1695197875728538,0.022863479141333798,5.210487727875194,1.1584885263379596,5,0.14665630843152,4.051999201537235
sdxl_pilot,28,0.8,0.14656174538383393,0.008947748916547926,3.5243294594125794,0.335395864105813,6,0.137613996467286,3.188933595306766
sdxl_pilot,29,0.3,0.590915099960081,0.03176986601799392,7.86627978609952,1.8035836138425478,3,0.559145233942087,6.062696172256972
sdxl_pilot,29,0.4,0.520786200290881,0.18289222139127537,8.490759376347151,4.977753536312016,5,0.3378939788996056,3.5130058400351354
sdxl_pilot,29,0.5,0.43233176389207273,0.08306984197133449,7.538363713428131,1.850867600817575,6,0.34926192192073824,5.687496112610556
sdxl_pilot,29,0.65,0.2272217967200647,0.09330666038998991,6.130616389208781,1.725256837930961,9,0.1339151363300748,4.40535955127782
sdxl_pilot,29,0.8,0.06167919102465813,0.051942492915178384,1.2391734903340654,1.1691668243953768,9,0.009736698109479747,0.07000666593868865
sdxl_pilot,30,0.3,3.9854755008424547,4.129475222695495,1.953613375485234,9.209063359058995,3,-0.14399972185304044,-7.255449983573761
sdxl_pilot,30,0.4,1.7616009390349938,3.8096935917053543e-07,14.089558686247303,0.5035709984267884,4,1.7616005580656346,13.585987687820515
sdxl_pilot,30,0.5,3.282957687190475,1.453099639389782,6.6393244798069935,11.589734168496712,7,1.829858047800693,-4.950409688689718
sdxl_pilot,30,0.65,0.9194037336883367,0.7144526366652615,7.449432783942177,13.714725238897469,6,0.20495109702307523,-6.265292454955292
sdxl_pilot,30,0.8,1.367986974532136,0.0,7.17521325730111,6.499163445643724,9,1.367986974532136,0.6760498116573856
sdxl_pilot,31,0.3,,0.043623251779200345,,8.604774976551132,0,,
sdxl_pilot,31,0.4,0.5591689406689406,0.2107926989158333,8.22738181122648,4.01279840599591,4,0.34837624175310733,4.214583405230569
sdxl_pilot,31,0.5,0.4981319026328732,1.1294688211071149,14.573785166116668,6.162257913640511,2,-0.6313369184742417,8.411527252476157
sdxl_pilot,31,0.65,0.19823184712220598,3.0374872197025318,4.414744565361755,8.661908591773688,4,-2.839255372580326,-4.247164026411933
sdxl_pilot,31,0.8,0.2645825873652896,0.0315030126586926,4.0530565034947195,9.177627406538788,7,0.23307957470659701,-5.124570903044068
sdxl_pilot,32,0.3,1.0927091742284096,1.8560045335531759,12.561626194166498,6.144933024300139,6,-0.7632953593247662,6.41669316986636
sdxl_pilot,32,0.4,1.2325893684064706,1.1023480038653992,8.262749297934468,7.193844236634922,6,0.13024136454107138,1.0689050612995459
sdxl_pilot,32,0.5,0.29920482082295763,1.7910634513539576,3.3919512455263705,4.896109295230298,5,-1.491858630531,-1.5041580497039275
sdxl_pilot,32,0.65,0.17750171203349607,1.3208547892911215,1.7616408472523724,3.0989492990803935,8,-1.1433530772576255,-1.3373084518280212
sdxl_pilot,32,0.8,0.14915405619829603,0.037688274932416554,1.8825084779642178,0.3182020074269805,9,0.11146578126587947,1.5643064705372374
sdxl_pilot,33,0.3,0.05853181038729094,0.7497739074429126,1.7645173727916266,10.571953233389618,2,-0.6912420970556217,-8.807435860597991
sdxl_pilot,33,0.4,0.9370167227308981,1.152847238549262,8.402707856109048,7.36888049547027,4,-0.215830515818364,1.033827360638778
sdxl_pilot,33,0.5,0.5693781356467955,0.23388372949441427,5.118696893818154,1.6058507058843807,3,0.33549440615238124,3.512846187933773
sdxl_pilot,33,0.65,0.7874693455489901,0.5252793567822183,2.400529313234515,1.9086930857803701,7,0.2621899887667718,0.4918362274541448
sdxl_pilot,33,0.8,0.833484167451862,1.0083331582593664,3.678950214351789,2.3139651349419053,9,-0.17484899080750438,1.364985079409884
sdxl_pilot,34,0.3,,,,,0,,
sdxl_pilot,34,0.4,,0.4335862146391225,,13.37533535454112,1,,
sdxl_pilot,34,0.5,0.4884623080364614,0.08762669546629054,11.752657049819721,2.520911959813705,3,0.40083561257017086,9.231745090006015
sdxl_pilot,34,0.65,0.683585889762151,0.1193354660829602,8.424235727319783,3.6787411786069066,2,0.5642504236791908,4.745494548712876
sdxl_pilot,34,0.8,0.035171151257895605,0.003684548513771091,1.6452037182884878,0.18908421466814845,9,0.031486602744124514,1.4561195036203394
sdxl_pilot,35,0.3,,1.2665805606913496,,8.311772953610756,0,,
sdxl_pilot,35,0.4,1.3432199861740886,1.3067884957969844,12.788314259677257,6.918872692711732,2,0.036431490377104137,5.869441566965525
sdxl_pilot,35,0.5,0.46665713438630974,0.5398984093312742,10.255090298462859,3.7567601744090897,6,-0.07324127494496446,6.498330124053769
sdxl_pilot,35,0.65,0.6648260182075783,0.1355088450960853,5.229565585268554,1.054453183624986,6,0.529317173111493,4.175112401643568
sdxl_pilot,35,0.8,0.5077079610047788,0.039364839373741134,10.818003740520947,0.4296455102078781,8,0.46834312163103764,10.388358230313068
sdxl_pilot,36,0.3,0.9392946825794484,0.3689962991192628,17.663158705766666,9.404951888650782,3,0.5702983834601856,8.258206817115884
sdxl_pilot,36,0.4,2.1180692614371766,0.38294581485974355,13.012023483936655,3.133653758891272,4,1.735123446577433,9.878369725045383
sdxl_pilot,36,0.5,1.0709107530430257,0.25474172218269464,11.008918787957919,2.4202221811127944,6,0.8161690308603311,8.588696606845124
sdxl_pilot,36,0.65,0.4148554304162029,0.018406891135410053,1.9029350286774829,0.4837652156301814,9,0.3964485392807928,1.4191698130473016
sdxl_pilot,36,0.8,0.04136339926353072,0.01679277029544224,0.2724849912751983,0.1294012844266372,9,0.02457062896808848,0.14308370684856112
sdxl_pilot,37,0.3,3.1805480426309938,0.7664775118285636,1.5425278481719937,7.024279747384557,2,2.41407053080243,-5.481751899212563
sdxl_pilot,37,0.4,0.7248924820971876,1.9321386305776445,6.309579027124551,6.7359681802085944,5,-1.2072461484804569,-0.42638915308404357
sdxl_pilot,37,0.5,1.7744928947355247,1.5445727599292165,4.720559027596581,1.6228088854999483,9,0.22992013480630824,3.0977501420966327
sdxl_pilot,37,0.65,1.7088633980022805,2.0411349279103717,6.811645988935272,1.0298725824049153,9,-0.33227152990809117,5.781773406530356
sdxl_pilot,37,0.8,2.2642625010439237,0.13501437320967202,0.7095292980553294,0.5147443363895388,9,2.1292481278342517,0.19478496166579062
sdxl_pilot,38,0.3,,0.326066513734796,,10.705370588958639,0,,
sdxl_pilot,38,0.4,1.0808295372012768,0.20519139804345432,7.796781272709959,13.189811539325971,2,0.8756381391578225,-5.393030266616012
sdxl_pilot,38,0.5,,0.6250772414076167,,10.224879679765717,1,,
sdxl_pilot,38,0.65,,0.8780821819736291,,10.362000216989372,0,,
sdxl_pilot,38,0.8,0.5985407117996315,0.2552268956553192,6.863199568814331,2.221447976805056,7,0.34331381614431233,4.641751592009275
sdxl_pilot,39,0.3,0.4074331584805728,0.3910406996869087,6.951069251938449,9.748970549465827,6,0.016392458793664133,-2.7979012975273783
sdxl_pilot,39,0.4,0.9129129296366192,2.3561996550770763,5.828808226148821,3.5628458227490087,5,-1.443286725440457,2.2659624033998123
sdxl_pilot,39,0.5,0.8429923436707472,2.281732192038227,3.7835919859485063,3.7654168117726425,8,-1.4387398483674798,0.018175174175863784
sdxl_pilot,39,0.65,1.1640010532722385,1.2118744973636404,10.484258632107588,2.3101936355625847,8,-0.04787344409140193,8.174064996545003
sdxl_pilot,39,0.8,1.224548572024029,2.2957021524159287,3.6542455724502374,4.163034898642667,9,-1.0711535803918997,-0.5087893261924292
sdxl_pilot,40,0.3,3.6948069112000357,2.827057949187707,14.159916652886913,4.717874476645507,5,0.8677489620123287,9.442042176241406
sdxl_pilot,40,0.4,2.649154595742844,4.065273340290586,11.96670936432359,5.241289681961417,4,-1.4161187445477421,6.725419682362173
sdxl_pilot,40,0.5,0.5478067494081964,1.396844767522074,9.565727620834839,11.121972427884161,8,-0.8490380181138777,-1.5562448070493229
sdxl_pilot,40,0.65,0.6486929165128883,0.928580789596289,2.8784238479223037,8.764003200435784,9,-0.2798878730834007,-5.8855793525134805
sdxl_pilot,40,0.8,0.8605847767790467,0.132265671742962,3.9212993692088585,0.6295953529412803,9,0.7283191050360847,3.291704016267578
sdxl_pilot,41,0.3,1.9682645712271247,,8.894642233419024,,2,,
sdxl_pilot,41,0.4,1.2109406970270595,0.23380121983554192,5.045544131793423,2.189133565903133,5,0.9771394771915176,2.85641056589029
sdxl_pilot,41,0.5,0.26627536430226684,0.36644477552513166,7.5223620237881015,2.2047851751486274,8,-0.10016941122286482,5.317576848639474
sdxl_pilot,41,0.65,0.6857286020897817,0.8284879635840183,2.693308948812276,0.6761916853342962,8,-0.14275936149423663,2.0171172634779797
sdxl_pilot,41,0.8,0.26274046857748345,0.07385314665616827,1.1638809027680386,0.12164759250065099,9,0.1888873219213152,1.0422333102673875
sdxl_pilot,42,0.3,0.34792386075358284,0.7874167259654179,10.91651830062897,13.946562675682179,5,-0.43949286521183506,-3.0300443750532082
sdxl_pilot,42,0.4,0.3982828879936431,0.9046834622470685,10.292126146239664,15.639751009132198,5,-0.5064005742534254,-5.347624862892534
sdxl_pilot,42,0.5,0.22159260477673826,0.4665438258879213,18.72343699893316,10.75304760402631,6,-0.24495122111118306,7.970389394906849
sdxl_pilot,42,0.65,0.2929564177721895,0.0,7.868022904352742,14.972111987949177,9,0.2929564177721895,-7.104089083596435
sdxl_pilot,42,0.8,0.03612449612979596,0.0,7.430354130082532,8.266705154749488,9,0.03612449612979596,-0.8363510246669561
sdxl_pilot,43,0.3,0.39494190945233276,0.17736530171267173,4.953721508542785,2.198767496674087,4,0.21757660773966103,2.7549540118686977
sdxl_pilot,43,0.4,1.22492202868728,1.8131775733516435,6.182724276994181,5.270861825625147,8,-0.5882555446643636,0.9118624513690339
sdxl_pilot,43,0.5,1.3905745137639887,1.965901291587504,4.022406554707467,5.198320871999208,9,-0.5753267778235154,-1.175914317291741
sdxl_pilot,43,0.65,0.26351650674474136,0.22930618410888348,1.0056546816305292,1.8031140536727106,9,0.03421032263585788,-0.7974593720421814
sdxl_pilot,43,0.8,0.12542991108795576,0.05556955010903186,0.6919616590957276,0.5927415895380143,9,0.0698603609789239,0.09922006955771334
sdxl_pilot,44,0.3,1.5064405631516724,1.0718510914387025e-06,2.200896927674084,1.5098828558528503,2,1.506439491300581,0.6910140718212336
sdxl_pilot,44,0.4,1.9907705209489723,0.9584539435815271,8.176556418466674,7.127738160523506,7,1.0323165773674452,1.048818257943168
sdxl_pilot,44,0.5,1.5249947827280268,2.129893792384092,7.45891306650368,1.5576865267082853,8,-0.6048990096560654,5.9012265397953945
sdxl_pilot,44,0.65,4.460532965211428e-07,2.42576410243219,0.7032818336554896,0.8981238172712982,9,-2.4257636563788934,-0.19484198361580862
sdxl_pilot,44,0.8,0.5184065240936624,3.258982088638618e-07,4.760422562120517,0.16501033528303663,9,0.5184061981954535,4.595412226837481
sdxl_pilot,45,0.3,0.07227994578759978,0.14369753812687147,6.16640370341939,5.200736684722109,5,-0.0714175923392717,0.9656670186972809
sdxl_pilot,45,0.4,0.2552322306042476,0.2268465231288035,12.122488348872189,7.5032648945231655,5,0.02838570747544411,4.619223454349023
sdxl_pilot,45,0.5,0.3158561383849996,0.3033724729133036,7.426005643071453,7.163065054519329,5,0.012483665471695993,0.2629405885521239
sdxl_pilot,45,0.65,0.06402101658431825,0.02257191239310652,2.3813632007467525,0.9627383251288302,5,0.04144910419121173,1.4186248756179223
sdxl_pilot,45,0.8,0.030066803358331562,0.005427444100484902,0.6187024690497234,0.12534925475895797,6,0.02463935925784666,0.4933532142907654
sdxl_pilot,46,0.3,0.3214416116754606,0.06523278197688853,9.039930186159618,2.417492976641163,6,0.25620882969857206,6.622437209518455
sdxl_pilot,46,0.4,0.2616960133051389,0.09987702623946815,7.781993965376521,2.9761721307012214,7,0.16181898706567077,4.805821834675299
sdxl_pilot,46,0.5,0.12268589876699343,0.03502615668059139,5.318461113426919,2.0466463303462463,9,0.08765974208640204,3.2718147830806723
sdxl_pilot,46,0.65,0.09910065715748306,0.010100997294556269,2.021265455394575,0.49984017554830873,8,0.0889996598629268,1.5214252798462664
sdxl_pilot,46,0.8,0.050044702540225305,0.004133409396398058,1.170421099518646,0.3311200165042064,9,0.04591129314382725,0.8393010830144395
sdxl_pilot,47,0.3,,,,,0,,
sdxl_pilot,47,0.4,0.9558683314395138,0.24620295452995578,14.206692269926041,10.061405377480474,2,0.709665376909558,4.145286892445567
sdxl_pilot,47,0.5,0.397601209860476,0.637933875747839,9.446624749239273,8.488018094957784,4,-0.24033266588736302,0.9586066542814891
sdxl_pilot,47,0.65,0.07761372983180692,0.1980964797368796,6.772640332437109,5.817263309822431,3,-0.12048274990507268,0.9553770226146776
sdxl_pilot,47,0.8,0.11548204295918474,0.14933723693168588,3.2080713040066113,1.2511622686425752,5,-0.03385519397250114,1.9569090353640362
sdxl_pilot,48,0.3,0.8323675858453976,0.2079219277604043,7.820204442748089,7.306323744411041,2,0.6244456580849933,0.5138806983370481
sdxl_pilot,48,0.4,0.5470006640254028,0.3123561372554011,10.92489332041752,4.615704184036458,4,0.2346445267700017,6.309189136381061
sdxl_pilot,48,0.5,0.3322476345955483,0.1381503913329123,10.469222524554283,9.36893846551266,8,0.194097243262636,1.1002840590416234
sdxl_pilot,48,0.65,0.48206336499280056,0.10528531493986293,6.209120374623455,2.682624973769284,6,0.37677805005293763,3.5264954008541713
sdxl_pilot,48,0.8,0.6028499406971721,0.07551031354826288,9.789790974440736,5.791120160809042,4,0.5273396271489093,3.998670813631694
sdxl_pilot,49,0.3,1.223777891550863,0.7213891225609532,6.330969303970964,4.891122669092649,5,0.5023887689899098,1.4398466348783145
sdxl_pilot,49,0.4,1.0636691235998361,0.2591834284226935,3.1521279442238015,2.4065736936963757,8,0.8044856951771426,0.7455542505274257
sdxl_pilot,49,0.5,0.4979881634559269,0.39638798584293244,1.467273179802484,2.0414938748928417,9,0.10160017761299445,-0.5742206950903577
sdxl_pilot,49,0.65,0.38465796433094734,0.31653982300915073,0.6481126948430593,1.4870118040653615,9,0.06811814132179661,-0.8388991092223022
sdxl_pilot,49,0.8,0.3160639750675944,0.18223964376904256,0.31098071958028894,0.519801995802199,9,0.13382433129855187,-0.20882127622191005
sdxl_pilot,50,0.3,1.963744361287913,1.2503427777588172e-06,8.77624776673088,0.9978478936386148,4,1.9637431109451353,7.7783998730922645
sdxl_pilot,50,0.4,2.870458200224439,2.247410382253707,10.165027482945106,6.856214693680865,7,0.6230478179707322,3.308812789264241
sdxl_pilot,50,0.5,0.8213977933202479,2.649154611493577,12.709975377503943,16.3891195696675,6,-1.827756818173329,-3.679144192163557
sdxl_pilot,50,0.65,0.3242772387384134,0.7140893433792073,7.680282977098491,10.405606173478631,9,-0.38981210464079386,-2.72532319638014
sdxl_pilot,50,0.8,0.16604022786360684,0.12765776895899528,4.0244967647067345,1.9672137998984556,9,0.03838245890461156,2.057282964808279
sdxl_pilot,51,0.3,0.19963892737585898,0.5523347025225922,4.4820070330387,7.136697430699231,2,-0.3526957751467332,-2.6546903976605307
sdxl_pilot,51,0.4,0.5656366843153284,0.4517403255582253,5.410204090560103,4.039404490232295,6,0.11389635875710313,1.3707996003278078
sdxl_pilot,51,0.5,0.8144839130267378,0.13919883936878108,5.36589906942913,3.147500485774068,7,0.6752850736579568,2.2183985836550617
sdxl_pilot,51,0.65,0.2411730397316627,0.05053262823206506,4.454467208666881,0.8767186788583179,8,0.19064041149959765,3.5777485298085634
sdxl_pilot,51,0.8,0.30574157237142696,0.01899055125473703,3.4462173698290677,0.2550239373523626,9,0.28675102111668993,3.1911934324767053
sdxl_pilot,52,0.3,0.3206006253161293,0.3035660313614623,15.184660701903628,2.7310195954323095,2,0.017034593954667,12.453641106471318
sdxl_pilot,52,0.4,0.911451387701617,0.4785748173608426,16.619922783484398,9.048502463165171,5,0.4328765703407744,7.571420320319227
sdxl_pilot,52,0.5,0.589956846416062,0.217659874255971,8.015082822371369,4.140267094501205,8,0.37229697216009106,3.874815727870164
sdxl_pilot,52,0.65,0.22916972862591622,0.09291311970754812,1.7826861716031273,1.3978525710403198,9,0.1362566089183681,0.38483360056280747
sdxl_pilot,52,0.8,0.057323864278366,0.06702289832118735,1.3834009360559345,0.8552750597713584,9,-0.009699034042821353,0.5281258762845761
sdxl_pilot,53,0.3,5.187779508197821e-07,0.7549544299929076,9.55166774140205,4.375739538846379,5,-0.7549539112149568,5.17592820255567
sdxl_pilot,53,0.4,1.1838598875062116,0.4989257874395978,4.72333899932084,2.167874980448482,7,0.6849341000666138,2.5554640188723585
sdxl_pilot,53,0.5,1.0218858565845763,0.40328186793913146,1.6718409066317772,1.0701234072903332,8,0.6186039886454449,0.601717499341444
sdxl_pilot,53,0.65,0.380031977649542,0.2487340579180337,1.1347814113169008,0.5723576238589636,9,0.13129791973150828,0.5624237874579372
sdxl_pilot,53,0.8,0.1160688507300014,0.09533227587290227,0.4520483849415088,0.22477959160522648,9,0.02073657485709912,0.2272687933362823
sdxl_pilot,54,0.3,,,,,1,,
sdxl_pilot,54,0.4,0.7359752824592252,0.512774921891177,14.71310927528673,4.315771264831379,4,0.22320036056804815,10.39733801045535
sdxl_pilot,54,0.5,0.49165577396113136,0.6861433964964281,12.97874307677128,8.403914194405369,5,-0.19448762253529672,4.574828882365912
sdxl_pilot,54,0.65,,0.025672509531722287,,0.6978673711085981,1,,
sdxl_pilot,54,0.8,0.1093110682564582,0.03565317359228892,2.298949655327155,0.7937823406807677,7,0.07365789466416928,1.5051673146463873
sdxl_pilot,55,0.3,0.366787535784618,0.24655249926061584,8.966625093425309,7.132392310039905,2,0.12023503652400214,1.8342327833854037
sdxl_pilot,55,0.4,1.005948112670787,0.4570046738581013,3.721883183985079,4.138538906282037,5,0.5489434388126857,-0.4166557222969578
sdxl_pilot,55,0.5,0.5967458235659455,0.6753911538899464,6.06645305118438,1.796165039580278,7,-0.0786453303240009,4.270288011604102
sdxl_pilot,55,0.65,0.9078920422483816,0.40776725414711246,3.0728575887205194,2.0557975783848312,8,0.5001247881012691,1.0170600103356882
sdxl_pilot,55,0.8,0.5253748413695347,0.24268291334195702,1.0378649712845236,0.6163665017693718,8,0.2826919280275777,0.4214984695151518
sdxl_pilot,56,0.3,0.4228422808018344,0.3334476756678266,8.48873212728257,7.87177103912049,4,0.08939460513400777,0.6169610881620811
sdxl_pilot,56,0.4,0.2991375415274531,0.07413808531000665,8.64641689931497,2.4220874562001677,7,0.22499945621744644,6.224329443114802
sdxl_pilot,56,0.5,0.31816064346623474,0.149580873850089,7.202144234566044,4.131562931876793,7,0.16857976961614574,3.0705813026892503
sdxl_pilot,56,0.65,0.3492429575034093,0.19172935957606718,8.142392258562154,4.902583176442176,9,0.1575135979273421,3.2398090821199776
sdxl_pilot,56,0.8,0.14641606058652323,0.14716233044728622,4.77059651125022,3.8685651098470872,9,-0.0007462698607629825,0.902031401403133
sdxl_pilot,57,0.3,3.3101334109657152,1.1486762434252542,1.576145589003303,4.478408588226123,2,2.161457167540461,-2.90226299922282
sdxl_pilot,57,0.4,1.3950586514917642,0.9019021062352985,1.1251135340874343,1.3353494640873464,6,0.4931565452564657,-0.21023592999991214
sdxl_pilot,57,0.5,0.7829654842986553,1.242917114833114,3.640204429631547,1.7945756167139941,9,-0.45995163053445864,1.8456288129175529
sdxl_pilot,57,0.65,2.117031866224502,1.5933532201032174,0.6868390882008458,1.0021988514828513,9,0.5236786461212843,-0.31535976328200543
sdxl_pilot,57,0.8,2.9097927596808595,0.6533086524613179,0.9986752271246493,3.039425893490555,9,2.2564841072195416,-2.0407506663659056
sdxl_pilot,58,0.3,4.052888140648747e-07,3.550746276150905,0.7506972933911672,6.967491567436708,3,-3.550745870862091,-6.216794274045541
sdxl_pilot,58,0.4,2.589292493893666,1.0983118611163247,4.476421214148919,4.060655963697753,6,1.4909806327773412,0.41576525045116597
sdxl_pilot,58,0.5,1.059104192209007,2.2976836078315546,5.775757056037731,2.057811468284097,8,-1.2385794156225476,3.7179455877536345
sdxl_pilot,58,0.65,0.3479916487048187,3.7135067246124147,1.9753514103418657,5.062865588960618,9,-3.365515075907596,-3.087514178618752
sdxl_pilot,58,0.8,0.116546897164437,0.9701640812715224,0.6357389942554853,5.292794232811233,9,-0.8536171841070854,-4.657055238555748
sdxl_pilot,59,0.3,0.7775747261261854,,27.745412887715897,,2,,
sdxl_pilot,59,0.4,0.15345610642395036,0.21219601543716848,5.281172250254027,4.599746634560679,8,-0.05873990901321813,0.6814256156933478
sdxl_pilot,59,0.5,0.28089632368737316,0.10295881240604654,4.366557562229244,3.1295468809533484,8,0.17793751128132662,1.2370106812758954
sdxl_pilot,59,0.65,0.16579588295614656,0.07780482500265062,5.444685505593866,0.7173662976678583,6,0.08799105795349593,4.727319207926008
sdxl_pilot,59,0.8,0.17664067158624164,0.02029588421857831,5.606667658845662,0.5429024013815275,9,0.15634478736766333,5.0637652574641345
sdxl_pilot,60,0.3,2.281069999294405,3.1585785137734934,6.715545180625468,5.507079270052439,9,-0.8775085144790884,1.2084659105730289
sdxl_pilot,60,0.4,3.4852987529702393,3.8839760131737044,4.439685504222185,10.914814500965695,9,-0.39867726020346517,-6.475128996743511
sdxl_pilot,60,0.5,2.126216990909609,3.1866031155758243,5.166987608966771,5.072210199924943,7,-1.0603861246662154,0.09477740904182763
sdxl_pilot,60,0.65,0.7008312407189106,2.127607877827893,5.011223478747095,4.922864640582432,9,-1.4267766371089823,0.0883588381646625
sdxl_pilot,60,0.8,5.02182805084408,0.626715125962666,1.6958206284831694,6.181487321301393,9,4.395112924881414,-4.485666692818224
sdxl_pilot,61,0.3,0.9385770959660817,2.198445014478553,15.208169290370401,4.5495385428346005,2,-1.2598679185124713,10.6586307475358
sdxl_pilot,61,0.4,1.1253725341228202,0.9182896651950081,8.333765496686137,4.3656646667225525,3,0.20708286892781214,3.9681008299635847
sdxl_pilot,61,0.5,1.0992533296540703,0.611811903060242,5.434413995641547,3.506076344267488,5,0.4874414265938283,1.928337651374059
sdxl_pilot,61,0.65,1.4435590476365823,1.7149651499259262,5.248159715527871,0.8333270070762231,8,-0.2714061022893439,4.414832708451648
sdxl_pilot,61,0.8,2.0424172246853027,0.12927395709326106,0.756513130104117,0.21751059526682603,9,1.9131432675920417,0.539002534837291
sdxl_pilot,62,0.3,0.7848963913309164,0.5580859810442886,9.639754825435542,11.88224529159638,4,0.22681041028662774,-2.242490466160838
sdxl_pilot,62,0.4,0.3830878423421451,0.5445297504079205,9.070519861027444,13.323897085372657,6,-0.1614419080657754,-4.253377224345213
sdxl_pilot,62,0.5,0.5158581147078634,0.21169428669025647,11.310760939880998,6.12203498222266,7,0.3041638280176069,5.188725957658338
sdxl_pilot,62,0.65,0.41166725456998554,0.4869628193276956,6.982090928040359,7.687772166335075,8,-0.07529556475771004,-0.7056812382947166
sdxl_pilot,62,0.8,0.19651796729071647,0.05706906174517368,1.850315855391892,1.1900936997785398,9,0.1394489055455428,0.6602221556133521
sdxl_pilot,63,0.3,1.366171039920829,1.3488672376357718,3.7125705709711134,6.100758399814046,3,0.017303802285057124,-2.3881878288429323
sdxl_pilot,63,0.4,1.8455513662639662,1.625770471732186,5.604819594330068,2.818036889046106,6,0.2197808945317803,2.786782705283962
sdxl_pilot,63,0.5,1.6404350770201614,0.7671517896214528,4.721320119697565,3.394311813994188,5,0.8732832873987086,1.327008305703377
sdxl_pilot,63,0.65,2.6350639297599097,1.2597441094894553,3.04654956159064,2.355589980508185,5,1.3753198202704544,0.6909595810824549
sdxl_pilot,63,0.8,0.7108252468487937,0.03814059924266466,3.131052722932645,0.2458485766057707,6,0.672684647606129,2.885204146326874
sdxl_pilot,64,0.3,,,,,0,,
sdxl_pilot,64,0.4,0.9259608898570475,0.14370449522546247,15.07810991335626,4.288222788185529,3,0.782256394631585,10.789887125170731
sdxl_pilot,64,0.5,0.2835267947484912,0.07886928865147169,7.0929972220606485,2.088455976983555,6,0.2046575060970195,5.004541245077093
sdxl_pilot,64,0.65,0.06587212422438693,0.023924439881841675,3.282155138166562,0.712384921833567,8,0.041947684342545255,2.569770216332995
sdxl_pilot,64,0.8,0.059676807805412846,0.014024678892069709,2.0666318945256767,0.5105040300108498,9,0.04565212891334314,1.5561278645148269
sdxl_pilot,65,0.3,1.8403830846159739,0.7105886531381072,3.6823328320641853,6.288088472157526,7,1.1297944314778667,-2.6057556400933404
sdxl_pilot,65,0.4,2.242027134626516,1.2771705531414113,7.271134722030396,1.9198227339123954,8,0.9648565814851047,5.351311988118001
sdxl_pilot,65,0.5,2.453710809917173,2.4053594679580708,1.1610147248390048,1.4877696640882156,9,0.04835134195910218,-0.32675493924921084
sdxl_pilot,65,0.65,1.4205133870434015,2.649154123607756,1.587350889915847,3.155608708823678,9,-1.2286407365643544,-1.568257818907831
sdxl_pilot,65,0.8,1.491025235473558,1.6538071178678408,2.5154228297612855,0.6773318271998663,9,-0.16278188239428282,1.8380910025614192
sdxl_pilot,66,0.3,1.7612907632073922,0.6522817565279366,15.624744965505217,8.784623106982743,2,1.1090090066794556,6.840121858522474
sdxl_pilot,66,0.4,,1.3182335764792503,,11.871131677013127,1,,
sdxl_pilot,66,0.5,0.4331642879154156,1.3803934306385846,10.923624453862505,9.498170737557729,3,-0.9472291427231689,1.4254537163047765
sdxl_pilot,66,0.65,0.5261374011810931,0.13896019456467812,3.9237506204093164,2.413183167421872,3,0.38717720661641497,1.5105674529874444
sdxl_pilot,66,0.8,0.01302451739625976,0.03291430991774602,0.9931893764663382,0.4956606116731984,2,-0.01988979252148626,0.4975287647931398
sdxl_pilot,67,0.3,,2.3411867123701535,,7.092270739990107,1,,
sdxl_pilot,67,0.4,7.645704025449618e-07,1.0911159472231602,2.1716630823644034,8.154046157300447,2,-1.0911151826527576,-5.982383074936044
sdxl_pilot,67,0.5,2.3221467597075693,0.696370681280956,4.850361961029863,1.1715779685088406,5,1.6257760784266133,3.678783992521023
sdxl_pilot,67,0.65,2.597107245564084,0.24600420624410724,4.022358750716157,2.731487883720132,6,2.3511030393199768,1.2908708669960252
sdxl_pilot,67,0.8,1.4855229700384682,1.4212119359595525,2.6599140590543504,1.988784184026529,9,0.0643110340789157,0.6711298750278214
sdxl_pilot,68,0.3,,,,,1,,
sdxl_pilot,68,0.4,,0.13575686357755856,,5.6600311463130355,0,,
sdxl_pilot,68,0.5,,0.28244260789883935,,7.69506733105573,0,,
sdxl_pilot,68,0.65,0.07672101465455228,0.021903100264242692,3.730955969239446,1.8336066734850127,3,0.054817914390309586,1.8973492957544331
sdxl_pilot,68,0.8,0.012697154928987153,0.00480904316599684,0.5590930641277901,0.33008892403298884,6,0.007888111762990313,0.2290041400948013
sdxl_pilot,69,0.3,1.6274906910153542,0.5011816916919001,7.964204473545798,1.7023676910806282,2,1.126308999323454,6.26183678246517
sdxl_pilot,69,0.4,1.2298173032172954,0.530883367370897,8.605160895322935,4.662143064992103,7,0.6989339358463984,3.9430178303308328
sdxl_pilot,69,0.5,0.5046633242045626,0.46316494392142804,3.1443408041475154,2.864184722964444,7,0.04149838028313457,0.2801560811830712
sdxl_pilot,69,0.65,0.5896622834983516,0.19875642404779237,1.3575194712240148,1.1056937804990938,9,0.3909058594505592,0.251825690724921
sdxl_pilot,69,0.8,0.24541383805488248,0.11357521660884862,0.6825092176458846,0.3367108617193896,7,0.13183862144603387,0.345798355926495
sdxl_pilot,70,0.3,1.0728662487441456,0.33775588178138527,24.93167396722165,12.95813339720814,3,0.7351103669627603,11.973540570013508
sdxl_pilot,70,0.4,0.5535689740232885,0.3006926405269703,12.143642605915524,7.274745876609708,4,0.2528763334963182,4.868896729305816
sdxl_pilot,70,0.5,0.3247204762626108,0.365790706156389,17.31978681459675,9.143006161913505,6,-0.041070229893778176,8.176780652683245
sdxl_pilot,70,0.65,0.277977552550837,0.17302000366597747,19.887283358547723,4.578028936453112,5,0.10495754888485953,15.309254422094611
sdxl_pilot,70,0.8,0.43365111816617397,0.04770541662236916,11.380164402208024,1.4933998026190403,6,0.3859457015438048,9.886764599588984
sdxl_pilot,71,0.3,0.14309673359962982,0.6952805342211672,5.697501233109131,4.187589625162978,3,-0.5521838006215374,1.5099116079461528
sdxl_pilot,71,0.4,0.3280895704819784,0.2896455592044225,9.528124576196937,2.869807235142057,3,0.03844401127755592,6.658317341054881
sdxl_pilot,71,0.5,0.9353476121746525,0.2761574601083594,4.098257162547378,1.1863434940870436,7,0.6591901520662931,2.911913668460334
sdxl_pilot,71,0.65,0.9570294846820264,0.16215155127178216,7.988272460881316,0.49732783890844023,7,0.7948779334102443,7.490944621972876
sdxl_pilot,71,0.8,0.3581767021182438,0.09741338333987182,1.5651579389703034,0.26260588858750405,9,0.260763318778372,1.3025520503827994
sdxl_pilot,72,0.3,,2.7682292886877455,,6.725792221919143,1,,
sdxl_pilot,72,0.4,0.7432089372206723,1.607560958307651,4.0480834853071865,3.398766445320342,5,-0.8643520210869786,0.6493170399868444
sdxl_pilot,72,0.5,1.5734185090063377,2.071934286875459,5.438976826222962,2.304879107744556,7,-0.4985157778691214,3.1340977184784062
sdxl_pilot,72,0.65,1.6833199309519369,2.1152385289518048,2.7302337925324114,2.125544411226707,9,-0.43191859799986787,0.6046893813057044
sdxl_pilot,72,0.8,0.6647436574442818,0.14888498352409263,4.233870749831803,0.3789273652063987,9,0.5158586739201891,3.854943384625405
sdxl_pilot,73,0.3,1.4744883342575883,1.7687389635213977,11.337274875105884,5.966673097038218,4,-0.2942506292638094,5.370601778067666
sdxl_pilot,73,0.4,1.097483736811287,0.8592582392850909,8.99907420933265,4.402065775138506,3,0.23822549752619615,4.5970084341941435
sdxl_pilot,73,0.5,0.24547739736849294,0.16497772373821373,3.9279953091883457,5.211736565942015,7,0.08049967363027921,-1.2837412567536695
sdxl_pilot,73,0.65,0.18248318428934107,0.10733679390531714,2.757196691419855,3.2922275087058837,9,0.07514639038402393,-0.5350308172860285
sdxl_pilot,73,0.8,0.08591480535917873,0.013932511878450793,2.622646553056374,0.13006530647671338,9,0.07198229348072793,2.4925812465796606
sdxl_pilot,74,0.3,1.3621830216576587,0.20501980365561856,8.220320132853951,3.3842192169537726,2,1.1571632180020401,4.836100915900179
sdxl_pilot,74,0.4,0.382102856161874,0.043594102394840295,7.922399052489358,1.8722437271010413,5,0.3385087537670337,6.050155325388317
sdxl_pilot,74,0.5,0.41531946592856883,0.047057335962048086,4.756003743179691,2.2058747520147173,6,0.36826212996652075,2.5501289911649736
sdxl_pilot,74,0.65,0.22225040601717083,0.05272578213763168,6.359602894792225,1.807898066279395,7,0.16952462387953915,4.55170482851283
sdxl_pilot,74,0.8,0.13313422159153454,0.015938504417788213,3.434284664608378,0.445780523513885,8,0.11719571717374633,2.9885041410944932
sdxl_pilot,75,0.3,0.7261689382858165,1.175311596918212,14.89452385398809,12.335543138696398,2,-0.44914265863239544,2.5589807152916926
sdxl_pilot,75,0.4,1.1819760572539262,0.33874663855026643,10.442750474285678,1.9449356314603452,5,0.8432294187036597,8.497814842825333
sdxl_pilot,75,0.5,0.8792410594855529,0.8047523954827907,1.9580780423997193,2.771447125974794,7,0.07448866400276222,-0.8133690835750746
sdxl_pilot,75,0.65,0.36207478243431845,0.12358183793452149,0.6547538444966774,0.7715024476246488,9,0.23849294449979697,-0.11674860312797142
sdxl_pilot,75,0.8,0.1638718497154339,0.06836718564053923,0.18944159955621165,0.12170547212634902,9,0.09550466407489466,0.06773612742986262
sdxl_pilot,76,0.3,0.49670893138948724,0.31183979245898374,2.524579048789622,13.196246446882002,3,0.1848691389305035,-10.67166739809238
sdxl_pilot,76,0.4,0.25764371668651354,0.10105375551444151,10.692437808609505,2.8787935078099616,4,0.15658996117207202,7.8136443007995435
sdxl_pilot,76,0.5,0.1471662082506997,0.04774963091433504,7.424647406304746,2.1041602996997275,6,0.09941657733636466,5.320487106605018
sdxl_pilot,76,0.65,0.4617958513810514,0.013031249685490742,10.04906957439067,0.7596881716423474,6,0.44876460169556065,9.289381402748322
sdxl_pilot,76,0.8,0.04757291552754861,0.00531055098799893,1.5761801589711832,0.3192567241873848,7,0.04226236453954968,1.2569234347837983
sdxl_pilot,77,0.3,,,,,1,,
sdxl_pilot,77,0.4,3.767316369973628e-07,3.034851598734905,0.4472209722260288,5.282470099930157,7,-3.034851222003268,-4.835249127704127
sdxl_pilot,77,0.5,2.893085658950879,2.7250453334045877,4.474078006757583,3.3820632055515745,8,0.16804032554629122,1.092014801206009
sdxl_pilot,77,0.65,4.290416800115224,3.6449067318775716,6.2223406431504085,4.700292654342329,9,0.6455100682376527,1.5220479888080796
sdxl_pilot,77,0.8,0.3521148587595846,2.260969703309768,4.398346335335668,2.2973730037690947,9,-1.9088548445501834,2.100973331566573
sdxl_pilot,78,0.3,1.4377834481512477,2.789904832015652,5.742418265750573,7.877760320890629,4,-1.3521213838644042,-2.1353420551400557
sdxl_pilot,78,0.4,2.373305650482357,2.7908737701484863,3.119746886850785,4.447741044425108,9,-0.41756811966612917,-1.3279941575743228
sdxl_pilot,78,0.5,2.724680218905186,3.100807867493712,3.165062702689485,4.3377290845118095,9,-0.3761276485885259,-1.1726663818223244
sdxl_pilot,78,0.65,2.988758345101236,3.6226262581718456,5.952704018823981,3.297973296215048,9,-0.6338679130706097,2.6547307226089334
sdxl_pilot,78,0.8,2.6491546409236113,4.338619162997001,0.7949257789524853,2.708857612679418,9,-1.68946452207339,-1.9139318337269327
sdxl_pilot,79,0.3,0.7861197042468069,1.0406470597914907,4.565212871016207,2.039891842568083,5,-0.25452735554468386,2.5253210284481242
sdxl_pilot,79,0.4,0.6233730930089703,1.5642888278808798,8.645579082222245,2.640972098814691,8,-0.9409157348719095,6.0046069834075535
sdxl_pilot,79,0.5,1.1294295133378909,1.3482107863517556,3.6863821041732505,2.8139262872249207,8,-0.21878127301386474,0.8724558169483299
sdxl_pilot,79,0.65,1.3963313697431552,0.803665851260801,3.129630791852335,1.6799227117372049,6,0.5926655184823542,1.44970808011513
sdxl_pilot,79,0.8,1.526632431212505,1.5007910439322916,2.5329853101817497,3.0087313238402325,8,0.025841387280213457,-0.4757460136584828
